school,sex,age,address,famsize,Pstatus,Medu,Fedu,Mjob,Fjob,reason,guardian,traveltime,studytime,failures,schoolsup,famsup,paid,activities,nursery,higher,internet,romantic,famrel,freetime,goout,Dalc,Walc,health,absences,data_source,sleep_hours,mobile_social_hours,core_ability,Math_marks,Math_self_rating,Science_marks,Science_self_rating,Social_Science_marks,Social_Science_self_rating,English_marks,English_self_rating,Hindi_marks,Hindi_self_rating,Total_marks,Average_marks
GP,F,18,U,GT3,A,4,4,at_home,teacher,course,mother,2,2,0,yes,no,no,no,yes,yes,no,no,4,3,4,1,1,3,6,real_uci_base,7.6,6.6,56.59397835475604,68,4,68,4,55,4,44,2,67,3,302,60.4
GP,F,17,U,GT3,T,1,1,at_home,other,course,father,1,2,0,no,yes,no,no,no,yes,yes,no,5,3,3,1,1,3,4,real_uci_base,7.2,6.5,36.55259129161027,34,3,52,2,32,2,37,2,44,3,199,39.8
GP,F,15,U,LE3,T,1,1,at_home,other,other,mother,1,2,3,yes,no,yes,no,yes,yes,yes,no,4,3,2,2,3,3,10,real_uci_base,7.8,4.2,22.45948500342836,32,2,19,2,31,2,13,3,18,2,113,22.6
GP,F,15,U,GT3,T,4,2,health,services,home,mother,1,3,0,no,yes,yes,yes,yes,yes,yes,yes,3,2,2,1,1,5,2,real_uci_base,8.0,5.1,63.808950795943154,80,4,70,4,68,2,57,4,54,3,329,65.8
GP,F,16,U,GT3,T,3,3,other,other,home,father,1,2,0,no,yes,yes,no,yes,yes,no,no,4,3,2,1,2,5,4,real_uci_base,7.1,3.8,59.441961011858616,59,3,64,4,71,4,46,3,69,4,309,61.8
GP,M,16,U,LE3,T,4,3,services,other,reputation,mother,1,2,0,no,yes,yes,yes,yes,yes,yes,no,5,4,2,1,2,5,10,real_uci_base,7.2,6.1,58.668709950522896,63,4,67,3,74,4,62,4,61,4,327,65.4
GP,M,16,U,LE3,T,2,2,other,other,home,mother,1,2,0,no,no,no,no,yes,yes,yes,no,4,4,4,1,1,3,0,real_uci_base,8.5,6.6,53.57571904125827,73,4,56,4,55,4,47,2,52,4,283,56.6
GP,F,17,U,GT3,A,4,4,other,teacher,home,mother,2,2,0,yes,yes,no,no,yes,yes,no,no,4,1,4,1,1,1,6,real_uci_base,7.6,3.1,62.40853651878965,68,4,53,2,60,3,69,3,55,3,305,61.0
GP,M,15,U,LE3,A,3,2,services,other,home,mother,1,2,0,no,yes,yes,no,yes,yes,yes,no,4,2,2,1,1,1,0,real_uci_base,6.9,3.6,51.48358998003224,50,2,50,3,39,3,62,4,62,3,263,52.6
GP,M,15,U,GT3,T,3,4,other,other,home,mother,1,2,0,no,yes,yes,yes,yes,yes,yes,no,5,5,1,1,1,5,0,real_uci_base,7.9,6.0,55.176675418105695,64,4,69,4,60,4,70,4,49,3,312,62.4
GP,F,15,U,GT3,T,4,4,teacher,health,reputation,mother,1,2,0,no,yes,yes,no,yes,yes,yes,no,3,3,3,1,2,2,0,real_uci_base,7.0,4.7,63.96040772106398,62,3,67,3,69,4,49,3,70,4,317,63.4
GP,F,15,U,GT3,T,2,1,services,other,reputation,father,3,3,0,no,yes,no,yes,yes,yes,yes,no,5,2,2,1,1,4,4,real_uci_base,6.6,3.8,67.17801243423587,70,4,69,3,80,3,67,4,67,3,353,70.6
GP,M,15,U,LE3,T,4,4,health,services,course,father,1,1,0,no,yes,yes,yes,yes,yes,yes,no,4,3,3,1,3,5,2,real_uci_base,7.7,4.2,51.56133738212768,56,4,48,3,47,3,54,3,48,3,253,50.6
GP,M,15,U,GT3,T,4,3,teacher,other,course,mother,2,2,0,no,yes,yes,no,yes,yes,yes,no,5,4,3,1,2,3,2,real_uci_base,6.1,5.8,53.58601648351965,49,3,59,3,60,4,53,3,67,3,288,57.6
GP,M,15,U,GT3,A,2,2,other,other,home,other,1,3,0,no,yes,no,no,yes,yes,yes,yes,4,5,2,1,1,3,0,real_uci_base,6.0,7.3,46.9323137500374,32,2,60,3,39,2,36,2,57,3,224,44.8
GP,F,16,U,GT3,T,4,4,health,other,home,mother,1,1,0,no,yes,no,no,yes,yes,yes,no,4,4,4,1,2,2,4,real_uci_base,7.3,5.3,57.44654107160466,54,3,46,3,60,3,63,4,59,4,282,56.4
GP,F,16,U,GT3,T,4,4,services,services,reputation,mother,1,3,0,no,yes,yes,yes,yes,yes,yes,no,3,2,3,1,2,2,6,real_uci_base,6.2,4.8,62.25250094215066,55,2,66,4,65,3,64,3,56,3,306,61.2
GP,F,16,U,GT3,T,3,3,other,other,reputation,mother,3,2,0,yes,yes,no,yes,yes,yes,no,no,5,3,2,1,1,4,4,real_uci_base,7.5,4.8,69.1573046187825,77,4,81,4,79,3,73,4,65,4,375,75.0
GP,M,17,U,GT3,T,3,2,services,services,course,mother,1,1,3,no,yes,no,yes,yes,yes,yes,no,5,5,5,2,4,5,16,real_uci_base,7.1,7.3,20.0,8,1,24,3,17,2,17,2,17,2,83,16.6
GP,M,16,U,LE3,T,4,3,health,other,home,father,1,1,0,no,no,yes,yes,yes,yes,yes,no,3,1,3,1,3,5,4,real_uci_base,6.4,4.7,42.7719526058907,34,3,50,3,40,3,37,3,38,2,199,39.8
GP,M,15,U,GT3,T,4,3,teacher,other,reputation,mother,1,2,0,no,no,no,no,yes,yes,yes,no,4,4,1,1,1,1,0,real_uci_base,8.4,3.9,62.36867553515344,75,4,60,3,66,4,60,3,75,3,336,67.2
GP,M,15,U,GT3,T,4,4,health,health,other,father,1,1,0,no,yes,yes,no,yes,yes,yes,no,5,4,2,1,1,5,0,real_uci_base,7.5,5.4,58.908937226354624,56,3,62,4,62,4,59,3,62,4,301,60.2
GP,M,16,U,LE3,T,4,2,teacher,other,course,mother,1,2,0,no,no,no,yes,yes,yes,yes,no,4,5,1,1,3,5,2,real_uci_base,7.5,5.4,52.03599417471421,50,3,48,3,48,3,46,2,36,2,228,45.6
GP,M,16,U,LE3,T,2,2,other,other,reputation,mother,2,2,0,no,yes,no,yes,yes,yes,yes,no,5,4,4,2,4,5,0,real_uci_base,6.4,7.0,39.3622334572778,29,2,51,2,32,2,42,2,42,2,196,39.2
GP,F,15,R,GT3,T,2,4,services,health,course,mother,1,3,0,yes,yes,yes,yes,yes,yes,yes,no,4,3,2,1,1,5,2,real_uci_base,6.7,5.5,64.83844517354143,69,4,80,3,78,4,46,3,62,4,335,67.0
GP,F,16,U,GT3,T,2,2,services,services,home,mother,1,1,2,no,yes,yes,no,no,yes,yes,no,1,2,2,1,3,5,14,real_uci_base,7.5,6.5,20.0,22,1,30,3,25,2,19,1,14,1,110,22.0
GP,M,15,U,GT3,T,2,2,other,other,home,mother,1,1,0,no,yes,yes,no,yes,yes,yes,no,4,2,2,1,2,5,2,real_uci_base,6.6,4.6,39.22235539661765,34,1,41,2,26,2,34,3,38,2,173,34.6
GP,M,15,U,GT3,T,4,2,health,services,other,mother,1,1,0,no,no,yes,no,yes,yes,yes,no,2,2,4,2,4,1,4,real_uci_base,7.7,5.2,50.122656806632975,61,4,51,3,56,4,49,3,53,4,270,54.0
GP,M,16,U,LE3,A,3,4,services,other,home,mother,1,2,0,yes,yes,no,yes,yes,yes,yes,no,5,3,3,1,1,5,4,real_uci_base,6.9,5.5,63.27119225517963,63,3,68,4,71,4,60,4,65,3,327,65.4
GP,M,16,U,GT3,T,4,4,teacher,teacher,home,mother,1,2,0,no,yes,yes,yes,yes,yes,yes,yes,4,4,5,5,5,5,16,real_uci_base,7.2,6.3,41.96577898348677,40,3,39,3,50,3,39,2,45,2,213,42.6
GP,M,15,U,GT3,T,4,4,health,services,home,mother,1,2,0,no,yes,yes,no,no,yes,yes,no,5,4,2,3,4,5,0,real_uci_base,7.0,5.4,54.25758717425622,54,3,59,3,59,3,36,2,50,3,258,51.6
GP,M,15,U,GT3,T,4,4,services,services,reputation,mother,2,2,0,no,yes,no,yes,yes,yes,yes,no,4,3,1,1,1,5,0,real_uci_base,8.6,4.0,65.12434662669544,81,5,65,5,65,4,63,4,66,4,340,68.0
GP,M,15,R,GT3,T,4,3,teacher,at_home,course,mother,1,2,0,no,yes,no,yes,yes,yes,yes,yes,4,5,2,1,1,5,0,real_uci_base,7.5,5.7,52.31978157846245,53,3,56,3,57,3,59,3,56,3,281,56.2
GP,M,15,U,LE3,T,3,3,other,other,course,mother,1,2,0,no,no,no,yes,no,yes,yes,no,5,3,2,1,1,2,0,real_uci_base,6.6,5.7,55.4201888749845,44,3,65,4,55,3,65,4,47,2,276,55.2
GP,M,16,U,GT3,T,3,2,other,other,home,mother,1,1,0,no,yes,yes,no,no,yes,yes,no,5,4,3,1,1,5,0,real_uci_base,8.2,5.0,39.08569873234492,51,3,31,3,31,2,33,2,43,3,189,37.8
GP,F,15,U,GT3,T,2,3,other,other,other,father,2,1,0,no,yes,no,yes,yes,yes,no,no,3,5,1,1,1,5,0,real_uci_base,6.9,4.9,52.18873387301761,42,3,57,3,53,3,44,4,48,3,244,48.8
GP,M,15,U,LE3,T,4,3,teacher,services,home,mother,1,3,0,no,yes,no,yes,yes,yes,yes,no,5,4,3,1,1,4,2,real_uci_base,7.3,6.6,52.70104066534885,60,3,68,3,34,2,52,3,68,4,282,56.4
GP,M,16,R,GT3,A,4,4,other,teacher,reputation,mother,2,3,0,no,yes,no,yes,yes,yes,yes,yes,2,4,3,1,1,5,7,real_uci_base,5.8,5.7,63.960518970574,49,3,70,4,67,4,57,4,66,4,309,61.8
GP,F,15,R,GT3,T,3,4,services,health,course,mother,1,3,0,yes,yes,yes,yes,yes,yes,yes,no,4,3,2,1,1,5,2,real_uci_base,6.1,2.9,62.249279436201306,58,3,49,3,47,4,55,4,56,3,265,53.0
GP,F,15,R,GT3,T,2,2,at_home,other,reputation,mother,1,1,0,yes,yes,yes,yes,yes,yes,no,no,4,3,1,1,1,2,8,real_uci_base,7.7,2.5,48.77999810841293,49,3,52,3,56,4,53,4,59,4,269,53.8
GP,F,16,U,LE3,T,2,2,other,other,home,mother,2,2,1,no,yes,no,yes,no,yes,yes,yes,3,3,3,1,2,3,25,real_uci_base,7.8,6.3,27.193596563492964,36,2,38,3,24,1,34,2,21,1,153,30.6
GP,M,15,U,LE3,T,4,4,teacher,other,home,other,1,1,0,no,yes,no,no,no,yes,yes,yes,5,4,3,2,4,5,8,real_uci_base,7.8,5.5,45.87176675646754,52,3,53,4,40,2,47,3,45,3,237,47.4
GP,M,15,U,GT3,T,4,4,services,teacher,course,father,1,2,0,no,yes,no,yes,yes,yes,yes,no,4,3,3,1,1,5,2,real_uci_base,7.2,4.2,68.65118807088822,74,4,62,5,79,5,63,3,68,4,346,69.2
GP,M,15,U,GT3,T,2,2,services,services,course,father,1,1,0,yes,yes,no,no,yes,yes,yes,no,5,4,1,1,1,1,0,real_uci_base,7.4,4.3,35.833148060789526,35,3,26,2,22,2,38,2,32,3,153,30.6
GP,F,16,U,LE3,T,2,2,other,at_home,course,father,2,2,1,yes,no,no,yes,yes,yes,yes,no,4,3,3,2,2,5,14,real_uci_base,6.3,6.0,40.11179231652912,24,1,51,4,50,3,49,4,39,4,213,42.6
GP,F,15,U,LE3,A,4,3,other,other,course,mother,1,2,0,yes,yes,yes,yes,yes,yes,yes,yes,5,2,2,1,1,5,8,real_uci_base,6.7,4.5,57.97814088661025,67,3,66,3,65,3,59,3,40,3,297,59.4
GP,F,16,U,LE3,A,3,3,other,services,home,mother,1,2,0,no,yes,no,no,yes,yes,yes,no,2,3,5,1,4,3,12,real_uci_base,7.0,5.9,35.737870112856704,42,3,37,3,27,2,37,2,23,3,166,33.2
GP,M,16,U,GT3,T,4,3,health,services,reputation,mother,1,4,0,no,no,no,yes,yes,yes,yes,no,4,2,2,1,1,2,4,real_uci_base,7.4,4.1,64.06812564170458,81,4,65,4,54,3,68,4,62,2,330,66.0
GP,M,15,U,GT3,T,4,2,teacher,other,home,mother,1,2,0,no,yes,yes,no,yes,yes,no,no,4,3,3,2,2,5,2,real_uci_base,7.5,3.5,66.80835816324922,70,4,67,3,80,4,76,4,60,4,353,70.6
GP,F,15,U,GT3,T,4,4,services,teacher,other,father,1,2,1,yes,yes,no,yes,no,yes,yes,no,4,4,4,1,1,3,2,real_uci_base,6.2,5.2,41.166958720343615,30,2,36,2,39,3,43,2,38,2,186,37.2
GP,F,16,U,LE3,T,2,2,services,services,course,mother,3,2,0,no,yes,yes,no,yes,yes,yes,no,4,3,3,2,3,4,2,real_uci_base,7.5,6.6,40.04989693642425,43,2,53,4,34,2,41,3,38,2,209,41.8
GP,F,15,U,LE3,T,4,2,health,other,other,mother,1,2,0,no,yes,yes,no,yes,yes,yes,no,4,3,3,1,1,5,2,real_uci_base,7.0,4.7,62.56388725418838,68,4,67,3,78,4,75,5,54,3,342,68.4
GP,M,15,U,LE3,A,4,2,health,health,other,father,2,1,1,no,no,no,no,yes,yes,no,no,5,5,5,3,4,5,6,real_uci_base,7.3,6.6,34.001317257715485,31,2,45,2,34,2,45,2,34,2,189,37.8
GP,F,15,U,GT3,T,4,4,services,services,course,mother,1,1,0,yes,yes,yes,no,yes,yes,yes,no,3,3,4,2,3,5,0,real_uci_base,8.0,6.6,41.89244654078161,45,3,56,4,33,3,40,3,41,3,215,43.0
GP,F,15,U,LE3,A,3,3,other,other,other,mother,1,1,0,no,no,yes,no,yes,yes,yes,no,5,3,4,4,4,1,6,real_uci_base,8.3,6.2,42.78974985242771,51,3,50,4,46,2,40,3,45,4,232,46.4
GP,F,16,U,GT3,A,2,1,other,other,other,mother,1,2,0,no,no,yes,yes,yes,yes,yes,yes,5,3,4,1,1,2,8,real_uci_base,8.0,5.4,45.42548389815833,60,3,44,3,37,3,50,3,57,3,248,49.6
GP,F,15,U,GT3,A,4,3,services,services,reputation,mother,1,2,0,no,yes,yes,yes,yes,yes,yes,no,4,3,2,1,1,1,0,real_uci_base,6.7,4.9,63.53492839053563,66,4,65,4,72,4,48,3,71,3,322,64.4
GP,M,15,U,GT3,T,4,4,teacher,health,reputation,mother,1,2,0,no,yes,no,yes,yes,yes,no,no,3,2,2,1,1,5,4,real_uci_base,7.0,2.9,66.04822578923881,73,4,67,3,69,3,65,4,57,4,331,66.2
GP,M,15,U,LE3,T,1,2,other,at_home,home,father,1,2,0,yes,yes,no,yes,yes,yes,yes,no,4,3,2,1,1,5,2,real_uci_base,7.5,3.9,57.122037192931664,66,5,41,3,59,3,68,4,57,4,291,58.2
GP,F,16,U,GT3,T,4,2,services,other,course,mother,1,2,0,no,yes,no,no,yes,yes,yes,no,4,2,3,1,1,5,2,real_uci_base,7.9,5.1,59.4399663674821,69,3,62,4,69,4,44,3,57,4,301,60.2
GP,F,16,R,GT3,T,4,4,health,teacher,other,mother,1,2,0,no,yes,no,yes,yes,yes,no,no,2,4,4,2,3,4,6,real_uci_base,7.1,4.1,62.43712874920424,49,3,57,3,71,4,67,3,64,4,308,61.6
GP,F,16,U,GT3,T,1,1,services,services,course,father,4,1,0,yes,yes,no,yes,no,yes,yes,yes,5,5,5,5,5,5,6,real_uci_base,7.6,8.0,29.598117964329354,31,2,42,4,26,2,36,3,38,2,173,34.6
GP,F,16,U,LE3,T,1,2,other,services,reputation,father,1,2,0,yes,no,no,yes,yes,yes,yes,no,4,4,3,1,1,1,4,real_uci_base,6.6,5.4,41.08875524747519,35,2,40,2,39,2,38,3,43,3,195,39.0
GP,F,16,U,GT3,T,4,3,teacher,health,home,mother,1,3,0,yes,yes,yes,yes,yes,yes,yes,no,3,4,4,2,4,4,2,real_uci_base,6.3,6.4,54.82684347699384,50,4,62,3,53,3,54,3,64,3,283,56.6
GP,F,15,U,LE3,T,4,3,services,services,reputation,father,1,2,0,yes,no,no,yes,yes,yes,yes,yes,4,4,4,2,4,2,0,real_uci_base,8.0,6.1,65.73628229722269,75,3,62,3,75,4,74,4,69,4,355,71.0
GP,F,16,U,LE3,T,4,3,teacher,services,course,mother,3,2,0,no,yes,no,yes,yes,yes,yes,no,5,4,3,1,2,1,2,real_uci_base,8.3,5.6,51.58144304088489,60,3,53,3,48,3,57,3,61,3,279,55.8
GP,M,15,U,GT3,A,4,4,other,services,reputation,mother,1,4,0,no,yes,no,yes,no,yes,yes,yes,1,3,3,5,5,3,4,real_uci_base,6.7,5.5,51.48122339983608,59,3,55,3,53,3,53,2,45,2,265,53.0
GP,F,16,U,GT3,T,3,1,services,other,course,mother,1,4,0,yes,yes,yes,no,yes,yes,yes,no,4,3,3,1,2,5,4,real_uci_base,7.5,4.9,66.12867622860873,83,4,64,4,74,3,57,3,73,4,351,70.2
GP,F,15,R,LE3,T,2,2,health,services,reputation,mother,2,2,0,yes,yes,yes,no,yes,yes,yes,no,4,1,3,1,3,4,2,real_uci_base,7.4,4.7,51.016570905965565,60,4,59,4,48,4,58,3,56,4,281,56.2
GP,F,15,R,LE3,T,3,1,other,other,reputation,father,2,4,0,no,yes,no,no,no,yes,yes,no,4,4,2,2,3,3,12,real_uci_base,6.4,4.0,51.00617851773611,56,4,53,4,47,2,50,3,57,3,263,52.6
GP,M,16,U,GT3,T,3,1,other,other,reputation,father,2,4,0,no,yes,yes,no,yes,yes,yes,no,4,3,2,1,1,5,0,real_uci_base,7.1,5.0,71.98114713738282,83,4,80,4,77,4,74,3,81,4,395,79.0
GP,M,15,U,GT3,T,4,2,other,other,course,mother,1,4,0,no,no,no,no,yes,yes,yes,no,3,3,3,1,1,3,0,real_uci_base,7.9,6.6,79.79024433210355,96,5,99,5,91,4,72,4,76,5,434,86.8
GP,F,15,R,GT3,T,1,1,other,other,reputation,mother,1,2,2,yes,yes,no,no,no,yes,yes,yes,3,3,4,2,4,5,2,real_uci_base,7.3,4.6,27.54678875414345,30,2,23,2,34,1,44,2,34,2,165,33.0
GP,M,16,U,GT3,T,3,1,other,other,reputation,mother,1,1,0,no,no,no,yes,yes,yes,no,no,5,3,2,2,2,5,2,real_uci_base,8.6,3.2,44.115590261584,58,3,38,3,36,3,53,3,58,3,243,48.6
GP,F,16,U,GT3,T,3,3,other,services,home,mother,1,2,0,yes,yes,yes,yes,yes,yes,yes,no,4,3,3,2,4,5,54,real_uci_base,5.5,5.7,20.0,2,1,24,3,12,2,20,1,24,2,82,16.4
GP,M,15,U,GT3,T,4,3,teacher,other,home,mother,1,2,0,no,yes,yes,yes,yes,yes,yes,no,4,3,3,2,3,5,6,real_uci_base,7.9,5.1,55.11785588732708,69,4,61,4,57,4,49,3,53,3,289,57.8
GP,M,15,U,GT3,T,4,0,teacher,other,course,mother,2,4,0,no,no,no,yes,yes,yes,yes,no,3,4,3,1,1,1,8,real_uci_base,7.0,5.8,65.48326405989755,75,4,68,3,68,4,66,3,77,4,354,70.8
GP,F,16,U,GT3,T,2,2,other,other,reputation,mother,1,4,0,no,no,yes,no,yes,yes,yes,yes,5,2,3,1,3,3,0,real_uci_base,6.5,5.2,65.34100647897229,77,4,77,4,72,4,64,4,61,2,351,70.2
GP,M,17,U,GT3,T,2,1,other,other,home,mother,2,1,3,yes,yes,no,yes,yes,no,yes,no,4,5,1,1,1,3,2,real_uci_base,7.8,6.3,20.0,31,2,24,2,22,1,19,1,20,1,116,23.2
GP,F,16,U,GT3,T,3,4,at_home,other,course,mother,1,2,0,no,yes,no,no,yes,yes,yes,no,2,4,3,1,2,3,12,real_uci_base,6.0,6.7,39.40437008926416,27,2,53,3,28,3,52,3,46,2,206,41.2
GP,M,15,U,GT3,T,2,3,other,services,course,father,1,1,0,yes,yes,yes,yes,no,yes,yes,yes,3,2,2,1,3,3,2,real_uci_base,7.3,4.4,39.077018203691466,23,2,47,3,34,3,50,3,41,3,195,39.0
GP,M,15,U,GT3,T,2,3,other,other,home,mother,1,3,0,yes,no,yes,no,no,yes,yes,no,5,3,2,1,2,5,4,real_uci_base,7.3,4.4,66.03850795794929,78,3,62,4,68,3,67,4,65,3,340,68.0
GP,F,15,U,LE3,T,3,2,services,other,reputation,mother,1,2,0,no,yes,yes,no,yes,yes,yes,no,4,4,4,1,1,5,10,real_uci_base,8.4,6.4,54.96262972831351,68,3,60,3,65,4,58,3,59,4,310,62.0
GP,M,15,U,LE3,T,2,2,services,services,home,mother,2,2,0,no,no,yes,yes,yes,yes,yes,no,5,3,3,1,3,4,4,real_uci_base,6.9,6.5,38.2756212798556,34,2,51,3,23,2,28,2,22,1,158,31.6
GP,F,15,U,GT3,T,1,1,other,other,home,father,1,2,0,no,yes,no,yes,no,yes,yes,no,4,3,2,2,3,4,2,real_uci_base,6.7,4.5,55.28903386908411,50,3,50,3,63,3,51,3,47,4,261,52.2
GP,F,15,U,GT3,T,4,4,services,services,reputation,father,2,2,2,no,no,yes,no,yes,yes,yes,yes,4,4,4,2,3,5,6,real_uci_base,7.0,5.1,38.26442732536401,35,2,30,3,43,3,46,3,41,3,195,39.0
GP,F,16,U,LE3,T,2,2,at_home,other,course,mother,1,2,0,no,yes,no,no,yes,yes,no,no,4,3,4,1,2,2,4,real_uci_base,7.9,5.4,60.12756787087476,73,3,81,5,69,4,64,3,62,4,349,69.8
GP,F,15,U,GT3,T,4,2,other,other,reputation,mother,1,3,0,no,yes,no,yes,yes,yes,yes,no,5,3,3,1,3,1,4,real_uci_base,7.3,4.9,52.37723350908932,53,3,58,4,47,3,57,4,43,3,258,51.6
GP,M,16,U,GT3,T,2,2,services,other,reputation,father,2,2,1,no,no,yes,yes,no,yes,yes,no,4,4,2,1,1,3,12,real_uci_base,7.0,3.7,33.345055067507374,28,2,29,3,19,2,30,3,51,2,157,31.4
GP,M,16,U,LE3,A,4,4,teacher,health,reputation,mother,1,2,0,no,yes,no,no,yes,yes,no,no,4,1,3,3,5,5,18,real_uci_base,7.5,3.8,47.11618414139621,56,3,59,3,53,4,43,3,43,3,254,50.8
GP,F,16,U,GT3,T,3,3,other,other,home,mother,1,3,0,no,yes,yes,no,yes,yes,yes,yes,4,3,3,1,3,4,0,real_uci_base,7.1,4.9,63.04670656137117,71,5,61,3,68,4,61,4,67,4,328,65.6
GP,F,15,U,GT3,T,4,3,services,other,reputation,mother,1,1,0,no,no,yes,yes,yes,yes,yes,no,4,5,5,1,3,1,4,real_uci_base,8.4,6.7,56.71816493756178,69,4,56,3,73,4,60,3,53,3,311,62.2
GP,F,16,U,LE3,T,3,1,other,other,home,father,1,2,0,yes,yes,no,no,yes,yes,no,no,3,3,3,2,3,2,4,real_uci_base,6.8,4.4,51.11647348289078,45,3,59,3,59,3,53,3,43,3,259,51.8
GP,F,16,U,GT3,T,4,2,teacher,services,home,mother,2,2,0,no,yes,yes,yes,yes,yes,yes,no,5,3,3,1,1,1,0,real_uci_base,7.1,5.5,55.3939123391278,52,4,61,3,54,3,46,2,59,4,272,54.4
GP,M,15,U,LE3,T,2,2,services,health,reputation,mother,1,4,0,no,yes,no,yes,yes,yes,yes,no,4,3,4,1,1,4,6,real_uci_base,6.5,6.0,53.39178475400465,54,3,62,4,42,3,51,3,50,2,259,51.8
GP,F,15,R,GT3,T,1,1,at_home,other,home,mother,2,4,1,yes,yes,yes,yes,yes,yes,yes,no,3,1,2,1,1,1,2,real_uci_base,5.6,3.3,57.640003436314906,53,3,55,3,63,2,58,4,44,3,273,54.6
GP,M,16,R,GT3,T,4,3,services,other,reputation,mother,2,1,0,yes,yes,no,yes,no,yes,yes,no,3,3,3,1,1,4,2,real_uci_base,7.8,5.7,44.15176744549572,54,3,62,3,45,3,47,4,57,3,265,53.0
GP,F,16,U,GT3,T,2,1,other,other,course,mother,1,2,0,no,yes,yes,no,yes,yes,no,yes,4,3,5,1,1,5,2,real_uci_base,7.5,4.7,62.260811328633935,59,4,63,4,78,4,68,4,51,3,319,63.8
GP,F,16,U,GT3,T,4,4,other,other,reputation,mother,1,1,0,no,no,no,yes,no,yes,yes,no,5,3,4,1,2,1,6,real_uci_base,7.6,6.3,48.35369210236095,49,3,54,3,44,3,53,3,33,2,233,46.6
GP,F,16,U,GT3,T,4,3,other,at_home,course,mother,1,3,0,yes,yes,yes,no,yes,yes,yes,no,5,3,5,1,1,3,0,real_uci_base,6.9,6.6,71.4134924357071,69,3,81,4,70,3,74,4,73,4,367,73.4
GP,M,16,U,GT3,T,4,4,services,services,other,mother,1,1,0,yes,yes,yes,yes,yes,yes,yes,no,4,5,5,5,5,4,14,real_uci_base,6.8,6.4,38.853587740355664,22,2,33,3,42,3,34,4,37,3,168,33.6
GP,M,16,U,GT3,T,4,4,services,teacher,other,father,1,3,0,no,yes,no,yes,yes,yes,yes,yes,4,4,3,1,1,4,0,real_uci_base,6.9,6.7,60.868027063345245,66,4,73,3,59,4,44,3,58,4,300,60.0
GP,M,15,U,GT3,T,4,4,services,other,course,mother,1,1,0,no,yes,no,yes,no,yes,yes,no,5,3,3,1,1,5,4,real_uci_base,7.3,4.6,51.25362176904324,52,3,54,4,47,3,37,3,48,4,238,47.6
GP,F,15,U,GT3,T,3,2,services,other,home,mother,2,2,0,yes,yes,yes,no,yes,yes,yes,no,4,3,5,1,1,2,26,real_uci_base,6.7,6.4,38.78455273592352,37,3,47,3,39,3,30,2,53,3,206,41.2
GP,M,15,U,GT3,A,3,4,services,other,course,mother,1,2,0,no,yes,yes,yes,yes,yes,yes,no,5,4,4,1,1,1,0,real_uci_base,7.3,6.2,60.15990015425143,66,3,61,4,66,3,64,4,58,2,315,63.0
GP,F,15,U,GT3,A,3,3,other,health,reputation,father,1,4,0,yes,no,no,no,yes,yes,no,no,4,3,3,1,1,4,10,real_uci_base,7.1,5.3,64.1729389773063,71,4,82,4,69,4,61,4,66,4,349,69.8
GP,F,15,U,GT3,T,2,2,other,other,course,mother,1,4,0,yes,yes,yes,no,yes,yes,yes,no,5,1,2,1,1,3,8,real_uci_base,7.9,3.4,64.86713155158776,84,4,67,4,63,4,68,3,66,4,348,69.6
GP,M,16,U,GT3,T,3,3,services,other,home,father,1,3,0,no,yes,no,yes,yes,yes,yes,no,5,3,3,1,1,5,2,real_uci_base,7.2,5.0,62.20621153809421,77,4,70,4,54,3,45,2,65,4,311,62.2
GP,M,15,R,GT3,T,4,4,other,other,home,father,4,4,0,no,yes,yes,yes,yes,yes,yes,yes,1,3,5,3,5,1,6,real_uci_base,7.0,5.8,55.931462178314895,63,4,66,4,55,3,50,3,58,4,292,58.4
GP,F,16,U,LE3,T,4,4,health,health,other,mother,1,3,0,no,yes,yes,yes,yes,yes,yes,yes,5,4,5,1,1,4,4,real_uci_base,7.1,6.4,49.85759543351113,57,3,53,2,46,3,61,3,42,3,259,51.8
GP,M,15,U,LE3,A,4,4,teacher,teacher,course,mother,1,1,0,no,no,no,yes,yes,yes,yes,no,5,5,3,1,1,4,6,real_uci_base,6.4,6.6,50.46900868873219,37,2,52,3,55,2,52,3,44,2,240,48.0
GP,F,16,R,GT3,T,3,3,services,other,reputation,father,1,3,1,yes,yes,no,yes,yes,yes,yes,no,4,1,2,1,1,2,0,real_uci_base,6.8,2.6,50.94167265169916,48,3,39,2,47,2,51,3,54,3,239,47.8
GP,F,16,U,GT3,T,2,2,at_home,other,home,mother,1,2,1,yes,no,no,yes,yes,yes,yes,no,3,1,2,1,1,5,6,real_uci_base,7.1,3.1,36.85000558076553,32,2,33,2,31,2,48,3,28,2,172,34.4
GP,M,15,U,LE3,T,4,2,teacher,other,course,mother,1,1,0,no,no,no,no,yes,yes,yes,no,3,5,2,1,1,3,10,real_uci_base,9.5,4.7,33.665933917335735,53,3,29,1,25,1,39,2,31,3,177,35.4
GP,M,15,R,GT3,T,2,1,health,services,reputation,mother,1,2,0,no,no,no,yes,yes,yes,yes,yes,5,4,2,1,1,5,8,real_uci_base,7.3,5.9,38.16664501279265,44,3,46,2,18,1,42,3,38,3,188,37.6
GP,M,16,U,GT3,T,4,4,teacher,teacher,course,father,1,2,0,no,yes,no,yes,yes,yes,yes,no,5,4,4,1,2,5,2,real_uci_base,7.6,7.6,47.18731498132627,56,4,60,4,38,2,52,3,53,4,259,51.8
GP,M,15,U,GT3,T,4,4,other,teacher,reputation,father,2,2,0,no,yes,no,yes,yes,yes,no,no,4,4,3,1,1,2,2,real_uci_base,7.4,4.2,56.38587425421706,63,4,56,3,52,3,61,3,44,3,276,55.2
GP,M,16,U,GT3,T,3,3,other,services,home,father,2,1,0,no,no,no,yes,yes,yes,yes,no,5,4,2,1,1,5,0,real_uci_base,6.8,5.3,62.17955482515941,50,3,62,3,79,4,82,4,74,4,347,69.4
GP,M,17,R,GT3,T,1,3,other,other,course,father,3,2,1,no,yes,no,yes,yes,yes,yes,no,5,2,4,1,4,5,20,real_uci_base,8.0,5.6,32.16472194462878,51,3,26,3,29,2,21,1,40,3,167,33.4
GP,M,15,U,GT3,T,3,4,other,other,reputation,father,1,1,0,no,no,no,no,yes,yes,yes,no,3,4,3,1,2,4,6,real_uci_base,8.2,6.4,46.94650063760818,51,2,52,3,41,3,49,3,43,2,236,47.2
GP,F,15,U,GT3,T,1,2,at_home,services,course,mother,1,2,0,no,no,no,no,no,yes,yes,no,3,2,3,1,2,1,2,real_uci_base,7.8,3.8,54.56288831903797,65,4,49,3,59,3,58,3,59,3,290,58.0
GP,M,15,U,GT3,T,2,2,services,services,home,father,1,4,0,no,yes,yes,yes,yes,yes,yes,no,5,5,4,1,2,5,6,real_uci_base,6.4,6.6,59.306391117295085,58,3,72,4,57,3,67,3,74,4,328,65.6
GP,F,16,U,LE3,T,2,4,other,health,course,father,2,2,0,no,yes,yes,yes,yes,yes,yes,yes,4,2,2,1,2,5,2,real_uci_base,8.2,5.2,55.17533923564404,69,4,62,5,50,3,56,3,48,3,285,57.0
GP,M,16,U,GT3,T,4,4,health,other,course,mother,1,1,0,no,yes,no,yes,yes,yes,yes,no,3,4,4,1,4,5,18,real_uci_base,6.7,6.6,29.89823741840453,26,2,36,2,19,1,30,2,27,2,138,27.6
GP,F,16,U,GT3,T,2,2,other,other,home,mother,1,2,0,no,no,yes,no,yes,yes,yes,yes,5,4,4,1,1,5,0,real_uci_base,7.8,6.4,62.68556528967527,68,4,68,5,74,4,64,4,52,3,326,65.2
GP,M,15,U,GT3,T,3,4,services,services,home,father,1,1,0,yes,no,no,no,yes,yes,yes,no,5,5,5,3,2,5,0,real_uci_base,9.3,7.6,54.81317986182731,68,4,69,4,71,4,74,4,58,3,340,68.0
GP,F,15,U,LE3,A,3,4,other,other,home,mother,1,2,0,yes,no,no,yes,yes,yes,yes,yes,5,3,2,1,1,1,0,real_uci_base,6.6,2.4,52.58404783526389,48,3,42,2,44,3,61,4,59,4,254,50.8
GP,F,19,U,GT3,T,0,1,at_home,other,course,other,1,2,3,no,yes,no,no,no,no,no,no,3,4,2,1,1,5,2,real_uci_base,7.0,5.6,20.0,17,1,28,2,16,1,19,2,19,2,99,19.8
GP,M,18,R,GT3,T,2,2,services,other,reputation,mother,1,1,2,no,yes,no,yes,yes,yes,yes,no,3,3,3,1,2,4,0,real_uci_base,7.6,5.4,25.401137945737965,41,2,20,2,26,1,21,2,19,2,127,25.4
GP,M,16,R,GT3,T,4,4,teacher,teacher,course,mother,1,1,0,no,no,yes,yes,yes,yes,yes,no,3,5,5,2,5,4,8,real_uci_base,7.4,5.6,36.43277323053885,37,3,22,1,31,2,35,2,21,2,146,29.2
GP,F,17,U,LE3,T,2,2,other,other,course,father,1,1,0,no,yes,no,no,yes,yes,yes,yes,3,4,4,1,3,5,12,real_uci_base,6.6,6.9,36.91579332073519,24,2,41,2,43,3,21,2,40,3,169,33.8
GP,F,16,U,GT3,A,3,4,services,other,course,father,1,1,0,no,no,no,no,yes,yes,yes,no,3,2,1,1,4,5,16,real_uci_base,7.5,5.1,36.70036678556032,35,2,46,3,23,2,39,2,44,3,187,37.4
GP,M,16,U,LE3,T,1,1,services,other,course,mother,1,2,1,no,no,no,no,yes,yes,no,yes,4,4,4,1,3,5,0,real_uci_base,6.7,4.9,51.02033640683962,38,3,55,3,64,4,52,4,45,2,254,50.8
GP,F,15,U,GT3,T,4,4,teacher,teacher,course,mother,2,1,0,no,no,no,yes,yes,yes,yes,no,4,3,2,1,1,5,0,real_uci_base,7.9,5.4,61.67329156606158,63,3,72,3,65,4,57,4,63,3,320,64.0
GP,M,15,U,GT3,T,4,3,teacher,services,course,father,2,4,0,yes,yes,no,no,yes,yes,yes,no,2,2,2,1,1,3,0,real_uci_base,6.1,5.4,64.80544418379328,64,3,84,5,71,3,66,4,53,3,338,67.6
GP,M,16,U,LE3,T,2,2,services,services,reputation,father,2,1,2,no,yes,no,yes,yes,yes,yes,no,2,3,3,2,2,2,8,real_uci_base,8.6,6.4,25.04191757991839,45,4,41,2,31,2,32,3,29,2,178,35.6
GP,F,15,U,GT3,T,4,4,teacher,services,course,mother,1,3,0,no,yes,yes,yes,yes,yes,yes,no,4,2,2,1,1,5,2,real_uci_base,6.4,5.4,68.61540254614386,71,4,92,4,75,5,65,4,61,4,364,72.8
GP,F,16,U,LE3,T,1,1,at_home,at_home,course,mother,1,1,0,no,no,no,no,yes,yes,yes,no,3,4,4,3,3,1,2,real_uci_base,7.4,6.8,31.276315071650544,31,2,38,3,22,2,27,2,28,2,146,29.2
GP,F,15,U,GT3,T,1,1,other,services,course,father,1,2,0,no,yes,yes,no,yes,yes,yes,no,4,4,2,1,2,5,0,real_uci_base,8.0,5.2,46.04269653274821,54,3,54,3,45,2,58,3,44,3,255,51.0
GP,F,15,U,GT3,T,3,2,health,services,home,father,1,2,3,no,yes,no,no,yes,yes,yes,no,3,3,2,1,1,3,0,real_uci_base,6.4,3.3,28.028858377817887,22,2,18,2,31,2,30,2,23,3,124,24.8
GP,F,15,U,GT3,T,1,2,at_home,other,course,mother,1,2,0,no,yes,yes,no,no,yes,yes,no,4,3,2,1,1,5,2,real_uci_base,7.5,4.4,58.19981674698767,61,4,64,4,66,3,61,3,68,4,320,64.0
GP,M,16,U,GT3,T,4,4,teacher,teacher,course,mother,1,1,0,no,yes,no,no,yes,no,yes,yes,3,3,2,2,1,5,0,real_uci_base,8.5,4.2,53.8243623919205,73,3,54,3,51,3,51,3,46,3,275,55.0
GP,M,15,U,LE3,A,2,1,services,other,course,mother,4,1,3,no,no,no,no,yes,yes,yes,no,4,5,5,2,5,5,0,real_uci_base,6.6,8.0,20.0,8,1,41,3,7,1,14,2,11,1,81,16.2
GP,M,18,U,LE3,T,1,1,other,other,course,mother,1,1,3,no,no,no,no,yes,no,yes,yes,2,3,5,2,5,4,0,real_uci_base,7.7,6.6,20.0,23,2,21,2,16,2,13,2,19,1,92,18.4
GP,M,16,U,LE3,T,2,1,at_home,other,course,mother,1,1,1,no,no,no,yes,yes,yes,no,yes,4,4,4,3,5,5,6,real_uci_base,7.8,5.1,28.276162818433733,23,2,28,2,25,2,14,2,22,3,112,22.4
GP,F,15,R,GT3,T,3,3,services,services,reputation,other,2,3,2,no,yes,yes,yes,yes,yes,yes,yes,4,2,1,2,3,3,8,real_uci_base,7.5,4.1,39.61600637404501,50,2,42,2,41,2,57,3,52,3,242,48.4
GP,F,17,U,GT3,T,4,4,other,teacher,course,mother,1,1,0,yes,yes,no,no,yes,yes,no,yes,4,2,1,1,1,4,0,real_uci_base,6.6,3.1,67.25525306073885,62,4,69,4,70,4,72,4,61,5,334,66.8
GP,M,15,R,GT3,T,2,3,at_home,services,course,mother,1,2,0,yes,no,yes,yes,yes,yes,no,no,4,4,4,1,1,1,2,real_uci_base,6.5,6.1,42.15407234560601,30,3,63,3,32,2,51,4,34,2,210,42.0
GP,M,17,R,LE3,T,1,2,other,other,reputation,mother,1,1,0,no,no,no,no,yes,yes,no,no,2,2,2,3,3,5,8,real_uci_base,7.8,3.0,43.13353545101525,46,3,39,3,53,3,49,3,33,2,220,44.0
GP,F,18,R,GT3,T,1,1,at_home,other,course,mother,3,1,3,no,yes,no,yes,no,yes,no,no,5,2,5,1,5,4,6,real_uci_base,7.7,5.2,21.624678649969734,29,2,28,3,32,2,15,2,30,2,134,26.8
GP,M,16,R,GT3,T,2,2,at_home,other,course,mother,3,1,0,no,no,no,no,no,yes,no,no,4,2,2,1,2,3,2,real_uci_base,7.6,2.6,64.44869847253678,62,3,64,4,79,4,63,4,66,4,334,66.8
GP,M,16,U,GT3,T,3,3,other,services,course,father,1,2,1,no,yes,yes,no,yes,yes,yes,yes,4,5,5,4,4,5,4,real_uci_base,7.7,6.0,35.72361546089623,46,2,28,2,41,3,24,2,26,2,165,33.0
GP,M,17,R,LE3,T,2,1,at_home,other,course,mother,2,1,2,no,no,no,yes,yes,no,yes,yes,3,3,2,2,2,5,0,real_uci_base,7.1,4.7,27.3385767163212,21,2,30,2,21,3,38,3,31,2,141,28.2
GP,M,15,R,GT3,T,3,2,other,other,course,mother,2,2,2,yes,yes,no,no,yes,yes,yes,yes,4,4,4,1,4,3,6,real_uci_base,7.6,5.9,33.79856214319189,37,2,25,2,34,2,19,1,38,3,153,30.6
GP,M,17,U,GT3,T,1,3,at_home,services,course,father,1,1,0,no,no,no,no,yes,no,yes,no,5,3,3,1,4,2,2,real_uci_base,7.8,5.3,46.73289038931975,46,4,40,3,46,3,40,2,55,4,227,45.4
GP,M,17,R,LE3,T,1,1,other,services,course,mother,4,2,3,no,no,no,yes,yes,no,no,yes,5,3,5,1,5,5,0,real_uci_base,6.8,4.6,20.0,19,2,14,2,23,2,12,2,21,3,89,17.8
GP,M,16,U,GT3,T,3,2,services,services,course,mother,2,1,1,no,yes,no,yes,no,no,no,no,4,5,2,1,1,2,16,real_uci_base,9.1,3.6,37.98585233700028,64,4,26,2,44,2,46,4,39,2,219,43.8
GP,M,16,U,GT3,T,2,2,other,other,course,father,1,2,0,no,no,no,no,yes,no,yes,no,4,3,5,2,4,4,4,real_uci_base,7.6,6.0,31.106523488681887,41,3,35,2,12,2,40,3,37,2,165,33.0
GP,F,16,U,GT3,T,4,2,health,services,home,father,1,2,0,no,no,yes,no,yes,yes,yes,yes,4,2,3,1,1,3,0,real_uci_base,6.4,3.6,61.11241694037578,51,2,55,4,69,4,52,3,61,3,288,57.6
GP,F,16,U,GT3,T,2,2,other,other,home,mother,1,2,0,no,yes,yes,no,no,yes,yes,no,5,1,5,1,1,4,0,real_uci_base,7.6,5.7,55.497067421971806,68,4,65,4,55,4,64,3,65,4,317,63.4
GP,F,16,U,GT3,T,4,4,health,health,reputation,mother,1,2,0,no,yes,yes,no,yes,yes,yes,yes,4,4,2,1,1,3,0,real_uci_base,6.7,5.5,56.015150619330406,50,3,62,3,60,3,64,4,49,3,285,57.0
GP,M,16,U,GT3,T,3,4,other,other,course,father,3,1,2,no,yes,no,yes,no,yes,yes,no,3,4,5,2,4,2,0,real_uci_base,8.2,5.4,40.76117317431735,54,3,28,3,49,3,45,3,48,2,224,44.8
GP,M,16,U,GT3,T,1,0,other,other,reputation,mother,2,2,0,no,yes,yes,yes,yes,yes,yes,yes,4,3,2,1,1,3,2,real_uci_base,8.1,4.7,46.440395887256685,62,4,42,2,42,3,52,3,45,2,243,48.6
GP,M,17,U,LE3,T,4,4,teacher,other,reputation,mother,1,2,0,no,yes,yes,yes,yes,yes,yes,no,4,4,4,1,3,5,0,real_uci_base,6.8,5.9,52.06154406560981,37,4,51,3,48,4,65,4,54,4,255,51.0
GP,F,16,U,GT3,T,1,3,at_home,services,home,mother,1,2,3,no,no,no,yes,no,yes,yes,yes,4,3,5,1,1,3,0,real_uci_base,8.0,6.4,37.9293198132284,45,3,41,2,54,4,50,3,46,3,236,47.2
GP,F,16,U,LE3,T,3,3,other,other,reputation,mother,2,2,0,no,yes,yes,yes,yes,yes,yes,no,4,4,5,1,1,4,4,real_uci_base,7.7,7.7,46.29763217090087,56,4,52,4,39,3,38,3,44,3,229,45.8
GP,M,17,U,LE3,T,4,3,teacher,other,course,mother,2,2,0,no,no,yes,yes,yes,yes,yes,no,4,4,4,4,4,4,4,real_uci_base,8.0,5.0,47.89930830238077,58,3,42,2,44,2,61,4,52,3,257,51.4
GP,F,16,U,GT3,T,2,2,services,other,reputation,mother,2,2,0,no,no,yes,yes,no,yes,yes,no,3,4,4,1,4,5,2,real_uci_base,8.7,6.3,44.627847459414895,59,4,54,4,46,3,40,3,29,1,228,45.6
GP,M,17,U,GT3,T,3,3,other,other,reputation,father,1,2,0,no,no,no,yes,no,yes,yes,no,4,3,4,1,4,4,4,real_uci_base,7.1,5.9,54.474406892777296,53,3,63,3,62,4,61,3,52,3,291,58.2
GP,M,16,R,GT3,T,4,2,teacher,services,other,mother,1,1,0,no,yes,no,yes,yes,yes,yes,yes,4,3,3,3,4,3,10,real_uci_base,7.0,5.8,39.80681504411988,28,3,47,3,45,3,24,1,37,3,181,36.2
GP,M,17,U,GT3,T,4,3,other,other,course,mother,1,2,0,no,yes,no,yes,yes,yes,yes,yes,5,2,3,1,1,2,4,real_uci_base,6.6,5.3,48.10424791708643,44,3,55,3,41,3,51,2,35,3,226,45.2
GP,M,16,U,GT3,T,4,3,teacher,other,home,mother,1,2,0,no,yes,yes,yes,yes,yes,yes,no,3,4,3,2,3,3,10,real_uci_base,6.8,5.2,44.34698862123686,50,3,48,3,39,3,38,2,39,2,214,42.8
GP,M,16,U,GT3,T,3,3,services,other,home,mother,1,2,0,no,no,yes,yes,yes,yes,yes,yes,4,2,3,1,2,3,2,real_uci_base,7.1,4.5,51.50587340072673,57,4,50,3,46,4,52,4,58,4,263,52.6
GP,F,17,U,GT3,T,2,4,services,services,reputation,father,1,2,0,no,yes,no,yes,yes,yes,no,no,5,4,2,2,3,5,0,real_uci_base,7.6,3.9,56.91667372866173,71,4,59,3,57,2,66,4,61,4,314,62.8
GP,F,17,U,LE3,T,3,3,other,other,reputation,mother,1,2,0,no,yes,no,yes,yes,yes,yes,yes,5,3,3,2,3,1,56,real_uci_base,7.5,6.5,32.605061951778964,41,3,44,3,36,3,24,2,32,2,177,35.4
GP,F,16,U,GT3,T,3,2,other,other,reputation,mother,1,2,0,no,yes,yes,no,yes,yes,yes,no,1,2,2,1,2,1,14,real_uci_base,7.8,4.4,48.78923453532783,63,4,56,2,51,3,47,3,44,3,261,52.2
GP,M,17,U,GT3,T,3,3,services,services,other,mother,1,2,0,no,yes,no,yes,yes,yes,yes,yes,4,3,4,2,3,4,12,real_uci_base,7.3,7.5,33.19392947570959,44,2,50,3,23,1,43,3,34,3,194,38.8
GP,M,16,U,GT3,T,1,2,services,services,other,mother,1,1,0,no,yes,yes,yes,yes,yes,yes,yes,3,3,3,1,2,3,2,real_uci_base,8.6,5.3,48.84364592536514,63,4,55,5,49,3,39,2,52,2,258,51.6
GP,M,16,U,LE3,T,2,1,other,other,course,mother,1,2,0,no,no,yes,yes,yes,yes,yes,yes,4,2,3,1,2,5,0,real_uci_base,7.0,4.2,53.25541307597974,53,2,52,3,57,3,52,4,54,3,268,53.6
GP,F,17,U,GT3,A,3,3,health,other,reputation,mother,1,2,0,no,yes,no,no,no,yes,yes,yes,3,3,3,1,3,3,6,real_uci_base,9.2,4.4,58.58719228556344,87,5,45,3,68,4,66,3,63,4,329,65.8
GP,M,17,R,GT3,T,1,2,at_home,other,home,mother,1,2,0,no,no,no,no,yes,yes,no,no,3,1,3,1,5,3,4,real_uci_base,7.5,2.0,52.915189963744034,67,4,49,3,60,3,54,3,54,3,284,56.8
GP,F,16,U,GT3,T,2,3,services,services,course,mother,1,2,0,no,no,no,no,yes,yes,yes,no,4,3,3,1,1,2,10,real_uci_base,6.7,4.0,58.15793774641457,52,3,46,3,65,4,49,3,54,3,266,53.2
GP,F,17,U,GT3,T,1,1,at_home,services,course,mother,1,2,0,no,no,no,yes,yes,yes,yes,no,5,3,3,1,1,3,0,real_uci_base,6.6,5.8,51.859271868700766,43,2,62,4,48,2,42,2,49,3,244,48.8
GP,M,17,U,GT3,T,1,2,at_home,services,other,other,2,2,0,no,no,yes,yes,no,yes,yes,no,4,4,4,4,5,5,12,real_uci_base,7.7,6.9,44.70735453721649,52,3,51,4,51,4,34,2,43,3,231,46.2
GP,M,16,R,GT3,T,3,3,services,services,reputation,mother,1,1,0,no,yes,no,yes,yes,yes,yes,no,4,3,2,3,4,5,8,real_uci_base,7.4,3.6,47.45350381610666,50,3,43,3,50,3,51,3,43,2,237,47.4
GP,M,16,U,GT3,T,2,3,other,other,home,father,2,1,0,no,no,no,no,yes,yes,yes,no,5,3,3,1,1,3,0,real_uci_base,8.0,6.0,50.112508521342576,61,4,62,4,52,4,49,3,48,3,272,54.4
GP,F,17,U,LE3,T,2,4,services,services,course,father,1,2,0,no,no,no,yes,yes,yes,yes,yes,4,3,2,1,1,5,0,real_uci_base,7.6,4.8,71.49460832268129,73,4,73,4,77,4,71,2,86,4,380,76.0
GP,M,17,U,GT3,T,4,4,services,teacher,home,mother,1,1,0,no,no,no,no,yes,yes,yes,no,5,2,3,1,2,5,4,real_uci_base,7.4,5.2,57.67422273367935,66,3,62,4,63,3,55,4,56,3,302,60.4
GP,M,16,R,LE3,T,3,3,teacher,other,home,father,3,1,0,no,yes,yes,yes,yes,yes,yes,no,3,3,4,3,5,3,8,real_uci_base,7.0,7.0,37.94246652602648,30,3,52,3,43,2,42,2,37,2,204,40.8
GP,F,17,U,GT3,T,4,4,services,teacher,home,mother,2,1,1,no,yes,no,no,yes,yes,yes,no,4,2,4,2,3,2,24,real_uci_base,6.4,6.2,20.0,8,1,20,1,10,1,28,2,24,2,90,18.0
GP,F,16,U,LE3,T,4,4,teacher,teacher,reputation,mother,1,2,0,no,yes,yes,no,yes,yes,yes,no,4,5,2,1,2,3,0,real_uci_base,7.2,5.7,49.31015429521877,45,3,51,3,42,3,49,3,53,3,240,48.0
GP,F,16,U,GT3,T,4,3,health,other,home,mother,1,2,0,no,yes,no,yes,yes,yes,yes,no,4,3,5,1,5,2,2,real_uci_base,7.9,5.4,55.18629289285113,76,4,47,3,54,4,52,4,47,3,276,55.2
GP,F,16,U,GT3,T,2,3,other,other,reputation,mother,1,2,0,yes,yes,yes,yes,yes,yes,no,no,4,4,3,1,3,4,6,real_uci_base,7.5,2.9,55.60312718660945,61,4,44,3,54,3,59,4,41,2,259,51.8
GP,F,17,U,GT3,T,1,1,other,other,course,mother,1,2,0,no,yes,yes,no,no,yes,no,no,4,4,4,1,3,1,4,real_uci_base,6.5,4.7,41.605264609950105,31,3,35,4,36,3,35,2,32,3,169,33.8
GP,F,17,R,GT3,T,2,2,other,other,reputation,mother,1,1,0,no,yes,no,no,yes,yes,yes,no,5,3,2,1,2,3,18,real_uci_base,7.7,5.0,42.695896197672354,49,2,38,2,41,2,48,3,52,3,228,45.6
GP,F,16,R,GT3,T,2,2,services,services,reputation,mother,2,4,0,no,yes,yes,yes,no,yes,yes,no,5,3,5,1,1,5,6,real_uci_base,7.1,5.3,73.34176156826157,86,3,79,5,86,5,84,5,65,4,400,80.0
GP,F,17,U,GT3,T,3,4,at_home,services,home,mother,1,3,1,no,yes,yes,no,yes,yes,yes,yes,4,4,3,3,4,5,28,real_uci_base,6.5,6.0,38.4224148473018,35,2,46,3,40,3,39,2,37,3,197,39.4
GP,F,16,U,GT3,A,3,1,services,other,course,mother,1,2,3,no,yes,yes,no,yes,yes,yes,no,2,3,3,2,2,4,5,real_uci_base,7.4,5.4,20.0,28,3,24,2,10,1,19,2,19,1,100,20.0
GP,F,16,U,GT3,T,4,3,teacher,other,other,mother,1,2,0,no,no,yes,yes,yes,yes,yes,yes,1,3,2,1,1,1,10,real_uci_base,7.3,4.7,49.62094703714234,50,4,52,3,56,3,40,3,47,2,245,49.0
GP,F,16,U,GT3,T,1,1,at_home,other,home,mother,2,1,0,no,yes,yes,no,yes,yes,no,no,4,3,2,1,4,5,6,real_uci_base,6.7,3.2,35.66020111488464,26,3,32,2,35,3,38,2,28,2,159,31.8
GP,F,17,R,GT3,T,4,3,teacher,other,reputation,mother,2,3,0,no,yes,yes,yes,yes,yes,yes,yes,4,4,2,1,1,4,6,real_uci_base,7.4,5.8,58.33380050154863,58,3,66,3,49,1,66,4,61,3,300,60.0
GP,F,19,U,GT3,T,3,3,other,other,reputation,other,1,4,0,no,yes,yes,yes,yes,yes,yes,no,4,3,3,1,2,3,10,real_uci_base,7.2,6.6,57.93830600622215,63,3,64,3,52,4,52,3,62,3,293,58.6
GP,M,17,U,LE3,T,4,4,services,other,home,mother,1,2,0,no,yes,yes,no,yes,yes,yes,yes,5,3,5,4,5,3,13,real_uci_base,8.1,5.5,45.38412650437597,64,2,45,2,43,3,50,3,47,3,249,49.8
GP,F,16,U,GT3,A,2,2,other,other,reputation,mother,1,2,0,yes,yes,yes,no,yes,yes,yes,no,3,3,4,1,1,4,0,real_uci_base,8.0,6.8,43.229187768159626,61,3,55,2,37,3,46,3,40,1,239,47.8
GP,M,18,U,GT3,T,2,2,services,other,home,mother,1,2,1,no,yes,yes,yes,yes,yes,yes,no,4,4,4,2,4,5,15,real_uci_base,6.4,6.7,27.87407191089085,20,2,29,3,21,2,29,2,39,3,138,27.6
GP,F,17,R,LE3,T,4,4,services,other,other,mother,1,1,0,no,yes,yes,no,yes,yes,no,no,5,2,1,1,2,3,12,real_uci_base,6.8,3.1,48.05635417891615,49,4,50,3,49,2,54,3,50,3,252,50.4
GP,F,17,U,LE3,T,3,2,other,other,reputation,mother,2,2,0,no,no,yes,no,yes,yes,yes,no,4,4,4,1,3,1,2,real_uci_base,7.8,7.1,31.943307859986398,38,3,38,3,18,2,39,2,18,2,151,30.2
GP,F,17,U,GT3,T,4,3,other,other,reputation,mother,1,2,2,no,no,yes,no,yes,yes,yes,yes,3,4,5,2,4,1,22,real_uci_base,7.8,7.1,34.93783214700998,41,3,41,3,49,3,42,3,25,2,198,39.6
GP,M,18,U,LE3,T,3,3,services,health,home,father,1,2,1,no,yes,yes,no,yes,yes,yes,no,3,2,4,2,4,4,13,real_uci_base,7.6,6.6,40.65261792530004,48,2,48,3,53,3,36,2,40,3,225,45.0
GP,F,17,U,GT3,T,2,3,at_home,other,home,father,2,1,0,no,yes,yes,no,yes,yes,no,no,3,3,3,1,4,3,3,real_uci_base,10.0,4.6,38.162195650450016,70,3,44,3,38,3,36,2,32,3,220,44.0
GP,F,17,U,GT3,T,2,2,at_home,at_home,course,mother,1,3,0,no,yes,yes,yes,yes,yes,yes,no,4,3,3,1,1,4,4,real_uci_base,7.4,5.1,58.3329142984436,67,4,63,3,60,4,56,3,54,3,300,60.0
GP,F,17,R,GT3,T,2,1,at_home,services,reputation,mother,2,2,0,no,yes,no,yes,yes,yes,yes,no,4,2,5,1,2,5,2,real_uci_base,8.0,6.2,42.81007391609463,59,4,45,3,42,4,35,2,44,3,225,45.0
GP,F,17,U,GT3,T,1,1,at_home,other,reputation,mother,1,3,1,no,yes,no,yes,yes,yes,no,yes,4,3,4,1,1,5,0,real_uci_base,7.7,3.9,60.9043372668652,74,4,57,4,75,4,63,4,67,3,336,67.2
GP,F,16,U,GT3,T,2,3,services,teacher,other,mother,1,2,0,yes,no,no,no,yes,yes,yes,no,2,3,1,1,1,3,2,real_uci_base,7.8,4.6,64.80373216863867,76,4,70,3,73,4,82,5,62,4,363,72.6
GP,M,18,U,GT3,T,2,2,other,other,home,mother,2,2,0,no,yes,yes,no,yes,yes,yes,no,3,3,3,5,5,4,0,real_uci_base,7.1,5.9,41.47016236947914,46,3,42,4,45,3,36,2,47,3,216,43.2
GP,F,16,U,GT3,T,4,4,teacher,services,home,mother,1,3,0,no,yes,no,yes,no,yes,yes,no,5,3,2,1,1,5,0,real_uci_base,7.6,4.7,74.68118386511206,87,5,80,4,78,4,78,4,78,4,401,80.2
GP,F,18,R,GT3,T,3,1,other,other,reputation,mother,1,2,1,no,no,no,yes,yes,yes,yes,yes,5,3,3,1,1,4,16,real_uci_base,6.8,5.8,38.21172067360354,31,2,43,3,41,3,39,3,37,3,191,38.2
GP,F,17,U,GT3,T,3,2,other,other,course,mother,1,2,0,no,no,no,yes,no,yes,yes,no,5,3,4,1,3,3,10,real_uci_base,7.1,4.5,42.729647366744416,38,2,37,3,37,2,31,2,41,2,184,36.8
GP,M,17,U,LE3,T,2,3,services,services,reputation,father,1,2,0,no,yes,yes,no,no,yes,yes,no,5,3,3,1,3,3,2,real_uci_base,7.0,5.2,49.96905978621806,50,3,47,3,42,3,37,3,45,3,221,44.2
GP,M,18,U,LE3,T,2,1,at_home,other,course,mother,4,2,0,yes,yes,yes,yes,yes,yes,yes,yes,4,3,2,4,5,3,14,real_uci_base,7.4,5.6,38.21156780063174,41,3,38,3,39,3,35,3,40,3,193,38.6
GP,F,17,U,GT3,A,2,1,other,other,course,mother,2,3,0,no,no,no,yes,yes,yes,yes,yes,3,2,3,1,2,3,10,real_uci_base,8.6,5.2,48.712713687539335,72,5,53,3,47,3,42,3,58,3,272,54.4
GP,F,17,U,LE3,T,4,3,health,other,reputation,father,1,2,0,no,no,no,yes,yes,yes,yes,yes,3,2,3,1,2,3,14,real_uci_base,5.9,4.3,46.39808033538978,34,3,38,2,43,3,56,3,37,2,208,41.6
GP,M,17,R,GT3,T,2,2,other,other,course,father,2,2,0,no,yes,yes,yes,yes,yes,yes,no,4,5,2,1,1,1,4,real_uci_base,8.0,7.2,49.39160265494531,68,3,64,3,50,3,51,3,56,3,289,57.8
GP,M,17,U,GT3,T,4,4,teacher,teacher,reputation,mother,1,2,0,yes,yes,no,yes,yes,yes,yes,yes,4,5,5,1,3,2,14,real_uci_base,6.4,6.7,45.95472901280723,31,2,38,3,49,3,43,4,46,2,207,41.4
GP,M,16,U,GT3,T,4,4,health,other,reputation,father,1,2,0,no,yes,yes,yes,yes,yes,yes,no,4,2,4,2,4,1,2,real_uci_base,6.9,6.0,51.663550942984905,43,3,71,4,52,3,57,3,54,4,277,55.4
GP,M,16,U,LE3,T,1,1,other,other,home,mother,2,2,0,no,yes,yes,no,yes,yes,yes,no,3,4,2,1,1,5,18,real_uci_base,8.2,5.7,35.676369601620394,49,3,47,3,30,2,30,1,52,3,208,41.6
GP,M,16,U,GT3,T,3,2,at_home,other,reputation,mother,2,3,0,no,no,no,yes,yes,yes,yes,yes,5,3,3,1,3,2,10,real_uci_base,7.1,4.8,51.90790310523239,55,3,52,3,53,3,51,3,56,3,267,53.4
GP,M,17,U,LE3,T,2,2,other,other,home,father,1,2,0,no,no,yes,yes,no,yes,yes,yes,4,4,2,5,5,4,4,real_uci_base,6.6,7.1,29.31249440580018,25,2,48,2,23,1,27,2,21,2,144,28.8
GP,F,16,U,GT3,T,2,1,other,other,home,mother,1,1,0,no,no,no,no,yes,yes,yes,yes,4,5,2,1,1,5,20,real_uci_base,7.2,4.9,44.046893298117205,42,3,31,3,51,3,48,3,40,3,212,42.4
GP,F,17,R,GT3,T,2,1,at_home,services,course,mother,3,2,0,no,no,no,yes,yes,yes,no,no,2,1,1,1,1,3,2,real_uci_base,7.6,3.3,39.62611834895806,53,3,59,4,23,2,40,2,52,3,227,45.4
GP,M,18,U,GT3,T,2,2,other,services,reputation,father,1,2,1,no,no,no,no,yes,no,yes,no,5,5,4,3,5,2,0,real_uci_base,7.0,8.0,39.82154205990156,31,3,47,3,49,4,40,4,43,3,210,42.0
GP,M,17,U,LE3,T,4,3,health,other,course,mother,2,2,0,no,no,no,yes,yes,yes,yes,yes,2,5,5,1,4,5,14,real_uci_base,7.7,6.9,51.94809638357705,54,3,50,3,62,4,58,4,50,2,274,54.8
GP,M,17,R,LE3,A,4,4,teacher,other,course,mother,2,2,0,no,yes,yes,no,yes,yes,yes,no,3,3,3,2,3,4,2,real_uci_base,7.3,6.7,48.97691647810427,54,4,54,4,52,3,54,3,41,3,255,51.0
GP,M,16,U,GT3,T,4,4,services,services,course,mother,1,1,0,no,no,no,yes,yes,yes,yes,no,5,3,2,1,2,5,0,real_uci_base,7.1,4.7,38.47117747303621,38,2,40,4,23,3,35,2,44,3,180,36.0
GP,M,16,U,GT3,T,2,1,other,other,course,mother,3,1,0,no,no,no,no,yes,yes,yes,no,4,3,3,1,1,4,6,real_uci_base,9.1,5.5,39.78213662819626,67,3,39,3,30,2,31,2,49,3,216,43.2
GP,M,17,U,GT3,T,2,3,other,other,course,father,2,1,0,no,no,no,no,yes,yes,yes,no,5,2,2,1,1,2,4,real_uci_base,7.9,4.9,50.44489503226709,61,3,54,3,43,3,52,4,45,3,255,51.0
GP,M,22,U,GT3,T,3,1,services,services,other,mother,1,1,3,no,no,no,no,no,no,yes,yes,5,4,5,5,5,1,16,real_uci_base,6.2,8.0,20.0,5,1,18,1,17,3,10,1,29,2,79,15.8
GP,M,18,R,LE3,T,3,3,other,services,course,mother,1,2,1,no,yes,no,no,yes,yes,yes,yes,4,3,3,1,3,5,8,real_uci_base,7.4,6.5,36.60868963715054,38,2,41,3,31,2,34,2,27,3,171,34.2
GP,M,16,U,GT3,T,0,2,other,other,other,mother,1,1,0,no,no,yes,no,no,yes,yes,no,4,3,2,2,4,5,0,real_uci_base,7.1,5.5,47.73117119318011,42,3,52,2,59,4,50,3,52,4,255,51.0
GP,M,18,U,GT3,T,3,2,services,other,course,mother,2,1,1,no,no,no,no,yes,no,yes,no,4,4,5,2,4,5,0,real_uci_base,8.2,5.8,39.24956297381045,45,3,29,2,44,3,52,3,35,3,205,41.0
GP,M,16,U,GT3,T,3,3,at_home,other,reputation,other,3,2,0,yes,yes,no,no,no,yes,yes,no,5,3,3,1,3,2,6,real_uci_base,6.7,6.3,44.062615313731406,43,2,51,3,38,2,48,3,47,3,227,45.4
GP,M,18,U,GT3,T,2,1,services,services,other,mother,1,1,1,no,no,no,no,no,no,yes,no,3,2,5,2,5,5,4,real_uci_base,7.4,4.9,20.0,22,2,7,2,10,2,17,2,23,2,79,15.8
GP,M,16,R,GT3,T,2,1,other,other,course,mother,2,1,0,no,no,no,yes,no,yes,no,no,3,3,2,1,3,3,0,real_uci_base,7.9,4.5,42.78789609434137,43,3,54,4,37,3,39,2,62,4,235,47.0
GP,M,17,R,GT3,T,2,1,other,other,course,mother,1,1,0,no,no,no,no,no,yes,yes,no,4,4,2,2,4,5,0,real_uci_base,8.3,6.6,38.289259323897376,45,2,58,4,37,3,38,3,34,2,212,42.4
GP,M,17,U,LE3,T,1,1,health,other,course,mother,2,1,1,no,yes,no,yes,yes,yes,yes,no,4,4,4,1,2,5,2,real_uci_base,6.8,5.6,34.3971951241799,30,2,30,1,35,2,43,3,26,2,164,32.8
GP,F,17,U,LE3,T,4,2,teacher,services,reputation,mother,1,4,0,no,yes,yes,yes,yes,yes,yes,no,4,2,3,1,1,4,6,real_uci_base,6.5,4.8,61.49809972459404,66,3,61,4,57,3,54,3,61,3,299,59.8
GP,M,19,U,LE3,A,4,3,services,at_home,reputation,mother,1,2,0,no,yes,no,no,yes,yes,yes,no,4,3,1,1,1,1,12,real_uci_base,7.0,4.5,56.66899745217117,58,4,50,3,58,3,48,4,47,2,261,52.2
GP,M,18,U,GT3,T,2,1,other,other,home,mother,1,2,0,no,no,no,yes,yes,yes,yes,no,5,2,4,1,2,4,8,real_uci_base,6.7,5.6,58.38092424036137,58,3,60,4,69,4,62,3,45,3,294,58.8
GP,F,17,U,LE3,T,2,2,services,services,course,father,1,4,0,no,no,yes,yes,yes,yes,yes,yes,3,4,1,1,1,2,0,real_uci_base,8.1,5.1,70.46300613466556,97,5,73,3,79,5,64,5,57,3,370,74.0
GP,F,18,U,GT3,T,4,3,services,other,home,father,1,2,0,no,yes,yes,no,yes,yes,yes,yes,3,1,2,1,3,2,21,real_uci_base,7.4,5.1,45.73146895601537,53,2,58,3,45,4,49,3,38,2,243,48.6
GP,M,18,U,GT3,T,4,3,teacher,other,course,mother,1,2,0,no,yes,yes,no,no,yes,yes,no,4,3,2,1,1,3,2,real_uci_base,6.4,6.5,51.40109717368024,43,3,64,3,54,4,53,2,45,3,259,51.8
GP,M,18,R,GT3,T,3,2,other,other,course,mother,1,3,0,no,no,no,yes,no,yes,no,no,5,3,2,1,1,3,1,real_uci_base,7.7,5.4,60.48996119492077,69,4,78,3,65,4,62,3,69,4,343,68.6
GP,F,17,U,GT3,T,3,3,other,other,home,mother,1,3,0,no,no,no,yes,no,yes,no,no,3,2,3,1,1,4,4,real_uci_base,8.4,3.5,70.18384547471288,93,4,69,4,81,4,66,4,67,3,376,75.2
GP,F,18,U,GT3,T,2,2,at_home,services,home,mother,1,3,0,no,yes,yes,yes,yes,yes,yes,yes,4,3,3,1,1,3,0,real_uci_base,7.8,5.7,55.976119324292185,59,3,64,3,54,3,54,3,54,3,285,57.0
GP,M,18,R,LE3,A,3,4,other,other,reputation,mother,2,2,0,no,yes,yes,yes,yes,yes,yes,no,4,2,5,3,4,1,13,real_uci_base,6.1,4.9,44.501336253999895,35,3,35,4,46,3,50,2,51,3,217,43.4
GP,M,17,U,GT3,T,3,1,services,other,other,mother,1,2,0,no,no,yes,yes,yes,yes,yes,yes,5,4,4,3,4,5,2,real_uci_base,7.1,5.9,46.63718741128651,45,3,40,3,50,3,35,2,41,3,211,42.2
GP,F,18,R,GT3,T,4,4,teacher,other,reputation,mother,2,2,0,no,no,yes,yes,yes,yes,yes,no,4,3,4,2,2,4,8,real_uci_base,8.2,7.1,48.609294843130805,56,3,67,4,46,3,52,3,50,3,271,54.2
GP,M,18,U,GT3,T,4,2,health,other,reputation,father,1,2,0,no,yes,yes,yes,yes,yes,yes,yes,5,4,5,1,3,5,10,real_uci_base,6.9,8.0,37.2152067126954,31,2,44,2,33,3,37,2,47,3,192,38.4
GP,F,19,U,GT3,T,3,3,other,services,home,other,1,2,2,no,yes,yes,yes,yes,yes,yes,no,4,3,5,3,3,5,15,real_uci_base,7.6,6.0,28.837847021706008,39,2,20,2,33,3,28,2,26,3,146,29.2
GP,F,18,U,GT3,T,2,3,other,services,reputation,father,1,4,0,no,yes,yes,yes,yes,yes,yes,yes,4,5,5,1,3,2,4,real_uci_base,7.5,7.2,59.4239761688677,73,4,59,3,58,4,68,4,46,2,304,60.8
GP,F,18,U,LE3,T,1,1,other,other,home,mother,2,2,0,no,yes,yes,no,no,yes,no,no,4,4,3,1,1,3,2,real_uci_base,6.8,5.2,51.34144281661942,47,3,64,3,58,3,61,3,55,3,285,57.0
GP,M,17,R,GT3,T,1,2,at_home,at_home,home,mother,1,2,0,no,yes,yes,yes,no,yes,no,yes,3,5,2,2,2,1,2,real_uci_base,7.5,5.2,44.488398161365005,48,3,57,3,42,3,50,3,54,4,251,50.2
GP,F,17,U,GT3,T,2,4,at_home,health,reputation,mother,2,2,0,no,yes,yes,no,yes,yes,yes,yes,4,3,3,1,1,1,2,real_uci_base,5.0,5.0,57.52492779287829,35,3,61,3,64,3,47,3,69,4,276,55.2
GP,F,17,U,LE3,T,2,2,services,other,course,mother,2,2,0,yes,yes,yes,no,yes,yes,yes,yes,4,4,4,2,3,5,6,real_uci_base,6.7,6.8,37.74935731272893,38,2,42,3,31,2,34,2,41,3,186,37.2
GP,F,18,R,GT3,A,3,2,other,services,home,mother,2,2,0,no,no,no,no,no,no,yes,yes,4,1,1,1,1,5,75,real_uci_base,6.9,3.7,36.86224170410736,38,2,46,4,48,3,40,3,37,4,209,41.8
GP,M,18,U,GT3,T,4,4,teacher,services,home,mother,2,1,0,no,no,yes,yes,yes,yes,yes,no,3,2,4,1,4,3,22,real_uci_base,6.6,5.8,26.17418094103044,12,2,29,2,20,2,34,3,24,2,119,23.8
GP,F,18,U,GT3,T,4,4,health,health,reputation,father,1,2,1,yes,yes,no,yes,yes,yes,yes,yes,2,4,4,1,1,4,15,real_uci_base,8.5,7.2,40.89862038734135,63,4,52,3,47,3,35,2,47,3,244,48.8
GP,M,18,U,LE3,T,4,3,teacher,services,course,mother,2,1,0,no,no,yes,yes,yes,yes,yes,no,4,2,3,1,2,1,8,real_uci_base,6.4,5.4,47.73258409515974,39,3,50,3,52,3,43,2,55,4,239,47.8
GP,M,17,U,LE3,A,4,1,services,other,home,mother,2,1,0,no,no,yes,yes,yes,yes,yes,yes,4,5,4,2,4,5,30,real_uci_base,7.4,6.7,24.866657592354706,20,1,23,2,22,2,33,2,12,2,110,22.0
GP,M,17,U,LE3,A,3,2,teacher,services,home,mother,1,1,1,no,no,no,no,yes,yes,yes,no,4,4,4,3,4,3,19,real_uci_base,7.7,6.4,27.676363627166072,25,2,27,2,35,2,35,3,24,1,146,29.2
GP,F,18,R,LE3,T,1,1,at_home,other,reputation,mother,2,4,0,no,yes,yes,yes,yes,yes,no,no,5,2,2,1,1,3,1,real_uci_base,7.7,3.7,74.86711201856095,94,5,79,4,82,4,86,5,96,5,437,87.4
GP,F,18,U,GT3,T,1,1,other,other,home,mother,2,2,0,yes,no,no,yes,yes,yes,yes,no,5,4,4,1,1,4,4,real_uci_base,6.4,6.5,32.39908696387561,23,2,35,2,15,1,24,1,39,2,136,27.2
GP,F,17,U,GT3,T,2,2,other,other,course,mother,1,2,0,no,yes,no,no,no,yes,yes,no,5,4,5,1,2,5,4,real_uci_base,8.2,6.7,53.65646884494488,72,3,56,4,62,3,56,4,64,4,310,62.0
GP,M,17,U,GT3,T,1,1,other,other,reputation,father,1,2,0,no,no,yes,no,no,yes,yes,no,4,3,3,1,2,4,2,real_uci_base,7.3,6.9,30.37037507801953,32,3,44,3,13,2,31,3,29,2,149,29.8
GP,F,18,U,GT3,T,2,2,at_home,at_home,other,mother,1,3,0,no,yes,yes,no,yes,yes,yes,no,4,3,3,1,2,2,5,real_uci_base,6.4,6.3,46.16601117886074,39,2,61,3,38,3,41,3,48,3,227,45.4
GP,F,17,U,GT3,T,1,1,services,teacher,reputation,mother,1,3,0,no,yes,yes,no,yes,yes,yes,no,4,3,3,1,1,3,6,real_uci_base,7.4,5.4,63.65499818940568,75,5,54,4,66,4,69,4,69,3,333,66.6
GP,M,18,U,GT3,T,2,1,services,services,reputation,mother,1,3,0,no,no,yes,yes,yes,yes,yes,no,4,2,4,1,3,2,6,real_uci_base,7.1,6.4,46.93930779964767,57,4,58,3,46,3,57,3,32,3,250,50.0
GP,M,18,U,LE3,A,4,4,teacher,teacher,reputation,mother,1,2,0,no,yes,yes,yes,yes,yes,yes,no,5,4,3,1,1,2,9,real_uci_base,7.0,6.1,47.87672021354616,47,3,51,3,34,3,48,3,44,4,224,44.8
GP,M,18,U,GT3,T,4,2,teacher,other,home,mother,1,2,0,no,yes,yes,yes,yes,yes,yes,yes,4,3,2,1,4,5,11,real_uci_base,7.3,6.4,45.04237362609191,51,4,61,3,41,3,66,4,43,2,262,52.4
GP,F,17,U,GT3,T,4,3,health,services,reputation,mother,1,3,0,no,yes,yes,no,yes,yes,yes,no,4,2,2,1,2,3,0,real_uci_base,6.7,5.0,73.95743802898131,75,4,81,4,89,5,69,5,84,4,398,79.6
GP,F,18,U,LE3,T,2,1,services,at_home,reputation,mother,1,2,1,no,no,no,no,yes,yes,yes,yes,5,4,3,1,1,5,12,real_uci_base,7.5,6.3,27.11990651676384,32,3,30,3,19,2,41,3,23,2,145,29.0
GP,F,17,R,LE3,T,3,1,services,other,reputation,mother,2,4,0,no,yes,yes,no,yes,yes,no,no,3,1,2,1,1,3,6,real_uci_base,7.1,3.4,57.92214053016392,74,5,71,4,49,4,55,3,57,3,306,61.2
GP,M,18,R,LE3,T,3,2,services,other,reputation,mother,2,3,0,no,yes,yes,yes,yes,yes,yes,no,5,4,2,1,1,4,8,real_uci_base,8.3,4.7,70.07459009907775,90,5,70,4,79,4,67,3,71,4,377,75.4
GP,M,17,U,GT3,T,3,3,health,other,home,mother,1,1,0,no,yes,yes,no,yes,yes,yes,no,4,4,3,1,3,5,4,real_uci_base,6.8,5.2,56.2862140612264,47,3,49,2,64,3,62,3,56,3,278,55.6
GP,F,19,U,GT3,T,4,4,health,other,reputation,other,2,2,0,no,yes,yes,yes,yes,yes,yes,no,2,3,4,2,3,2,0,real_uci_base,8.8,5.6,51.199412654258296,77,3,47,3,48,2,57,3,50,3,279,55.8
GP,F,18,U,LE3,T,4,3,other,other,home,other,2,2,0,no,yes,yes,no,yes,yes,yes,yes,4,4,5,1,2,2,10,real_uci_base,6.0,7.3,38.22568378484014,16,2,49,3,32,2,58,3,30,1,185,37.0
GP,F,18,U,GT3,T,4,3,other,other,reputation,father,1,4,0,no,yes,yes,no,yes,yes,yes,no,4,3,3,1,1,3,0,real_uci_base,6.7,7.3,77.18506101085495,90,5,87,4,88,4,76,4,86,5,427,85.4
GP,M,18,U,LE3,T,4,4,teacher,teacher,home,mother,1,1,0,no,yes,yes,no,yes,yes,yes,yes,1,4,2,2,2,1,5,real_uci_base,8.1,7.8,50.87665435049519,50,3,65,4,59,3,46,3,52,3,272,54.4
GP,F,18,U,LE3,A,4,4,health,other,home,mother,1,2,0,no,yes,no,no,yes,yes,yes,yes,4,2,4,1,1,4,14,real_uci_base,7.4,6.3,56.1336819265734,59,4,69,4,54,3,55,4,61,3,298,59.6
GP,M,17,U,LE3,T,4,4,other,teacher,home,father,2,1,0,no,no,yes,no,yes,yes,yes,no,4,1,1,2,2,5,0,real_uci_base,6.9,4.2,46.91558590637548,43,2,56,3,47,3,35,3,46,2,227,45.4
GP,F,17,U,GT3,T,4,2,other,other,reputation,mother,2,3,0,no,yes,yes,no,yes,yes,yes,no,4,3,3,1,1,3,0,real_uci_base,6.9,4.2,62.895823954971775,65,3,57,3,65,4,58,3,69,3,314,62.8
GP,F,17,U,GT3,T,3,2,health,health,reputation,father,1,4,0,no,yes,yes,yes,no,yes,yes,no,5,2,2,1,2,5,0,real_uci_base,6.4,4.3,65.59783951373102,72,4,66,3,68,4,59,3,63,4,328,65.6
GP,M,19,U,GT3,T,3,3,other,other,home,other,1,2,1,no,yes,no,yes,yes,yes,yes,yes,4,4,4,1,1,3,20,real_uci_base,7.0,6.5,38.285107827693466,32,2,32,2,45,3,43,3,29,2,181,36.2
GP,F,18,U,GT3,T,2,4,services,at_home,reputation,other,1,2,1,no,yes,yes,yes,yes,yes,yes,no,4,4,3,1,1,3,8,real_uci_base,8.0,5.9,53.386008628788005,64,3,50,3,59,4,64,4,58,3,295,59.0
GP,M,20,U,GT3,A,3,2,services,other,course,other,1,1,0,no,no,no,yes,yes,yes,no,no,5,5,3,1,1,5,0,real_uci_base,8.0,6.2,55.616502246824425,58,4,62,4,59,3,56,3,56,4,291,58.2
GP,M,19,U,GT3,T,4,4,teacher,services,reputation,other,2,1,1,no,yes,yes,no,yes,yes,yes,yes,4,3,4,1,1,4,38,real_uci_base,7.1,6.2,20.42574353809145,18,3,16,2,6,1,19,1,14,1,73,14.6
GP,M,19,R,GT3,T,3,3,other,services,reputation,father,1,2,1,no,no,no,yes,yes,yes,no,yes,4,5,3,1,2,5,0,real_uci_base,8.1,4.4,57.38897870011722,67,4,47,3,78,4,60,3,68,3,320,64.0
GP,F,19,U,LE3,T,1,1,at_home,other,reputation,other,1,2,1,yes,yes,no,yes,no,yes,yes,no,4,4,3,1,3,3,18,real_uci_base,7.6,7.3,30.63879284007893,36,2,36,3,32,3,22,3,25,2,151,30.2
GP,F,19,U,LE3,T,1,2,services,services,home,other,1,2,1,no,no,no,yes,no,yes,no,yes,4,2,4,2,2,3,0,real_uci_base,7.8,4.0,48.02239477515349,55,3,47,4,56,2,42,3,51,2,251,50.2
GP,F,19,U,GT3,T,2,1,at_home,other,other,other,3,2,0,no,yes,no,no,yes,no,yes,yes,3,4,1,1,1,2,20,real_uci_base,7.8,6.1,50.81924515567161,57,3,53,4,55,2,34,2,60,4,259,51.8
GP,M,19,U,GT3,T,1,2,other,services,course,other,1,2,1,no,no,no,no,no,yes,yes,no,4,5,2,2,2,4,3,real_uci_base,6.9,8.0,26.580518502918693,24,2,44,3,24,2,19,1,42,3,153,30.6
GP,F,19,U,LE3,T,3,2,services,other,reputation,other,2,2,1,no,yes,yes,no,no,yes,yes,yes,4,2,2,1,2,1,22,real_uci_base,6.8,4.6,35.50504652776122,38,3,25,2,43,3,33,2,41,3,180,36.0
GP,F,19,U,GT3,T,1,1,at_home,health,home,other,1,3,2,no,no,no,no,no,yes,yes,yes,4,1,2,1,1,3,14,real_uci_base,7.4,2.8,34.171272691844706,42,3,15,2,31,2,35,3,28,2,151,30.2
GP,F,19,R,GT3,T,2,3,other,other,reputation,other,1,3,1,no,no,no,no,yes,yes,yes,yes,4,1,2,1,1,3,40,real_uci_base,7.3,4.6,27.562843447807264,33,2,30,3,14,1,40,2,31,2,148,29.6
GP,F,18,U,GT3,T,2,1,services,other,course,mother,2,2,0,no,yes,yes,yes,yes,yes,yes,no,5,3,3,1,2,1,0,real_uci_base,7.3,6.8,51.39025986562952,57,3,57,4,53,3,50,4,46,3,263,52.6
GP,F,18,U,GT3,T,4,3,other,other,course,mother,1,3,0,no,yes,yes,yes,yes,yes,yes,yes,4,3,4,1,1,5,9,real_uci_base,7.1,7.9,69.99933930950655,75,4,97,5,76,5,54,3,71,4,373,74.6
GP,F,17,R,GT3,T,3,4,at_home,services,course,father,1,3,0,no,yes,yes,yes,no,yes,yes,no,4,3,4,2,5,5,0,real_uci_base,7.9,5.0,48.70953353296548,67,3,36,2,38,2,50,3,41,3,232,46.4
GP,F,18,U,GT3,T,4,4,teacher,other,course,mother,1,2,0,no,yes,yes,no,yes,yes,yes,no,4,4,4,3,3,5,2,real_uci_base,7.0,7.2,49.246316333703184,44,3,53,2,52,3,51,3,50,2,250,50.0
GP,F,17,U,GT3,A,4,3,services,services,course,mother,1,2,0,no,yes,yes,no,yes,yes,yes,yes,5,2,2,1,2,5,23,real_uci_base,7.6,4.3,55.20325761044863,55,3,55,3,59,4,53,3,51,4,273,54.6
GP,F,17,U,GT3,T,2,2,other,other,course,mother,1,2,0,no,yes,no,no,yes,yes,no,yes,4,2,2,1,1,3,12,real_uci_base,7.1,3.4,52.06846920993709,51,3,53,3,52,4,55,3,38,3,249,49.8
GP,F,17,R,LE3,T,2,2,services,services,course,mother,1,3,0,no,yes,yes,yes,yes,yes,yes,no,3,3,2,2,2,3,3,real_uci_base,6.9,7.3,48.83123168490555,49,2,67,3,50,4,46,3,47,3,259,51.8
GP,F,17,U,GT3,T,3,1,services,services,course,father,1,3,0,no,yes,no,no,no,yes,yes,no,3,4,3,2,3,5,1,real_uci_base,7.9,4.9,48.134701819325045,61,4,38,3,43,2,49,3,57,3,248,49.6
GP,F,17,U,LE3,T,0,2,at_home,at_home,home,father,2,3,0,no,no,no,no,yes,yes,yes,no,3,3,3,2,3,2,0,real_uci_base,7.6,5.8,52.35672045764098,61,3,55,2,47,2,67,5,50,3,280,56.0
GP,M,18,U,GT3,T,4,4,other,other,course,mother,1,3,0,no,no,no,yes,yes,yes,yes,no,4,3,3,2,2,3,3,real_uci_base,7.6,6.3,56.01941613790444,70,3,63,3,52,3,46,3,49,2,280,56.0
GP,M,17,U,GT3,T,3,3,other,services,reputation,mother,1,1,0,no,no,no,yes,no,yes,yes,no,4,3,5,3,5,5,3,real_uci_base,8.5,7.3,25.570469770128675,36,3,42,2,22,2,27,2,29,3,156,31.2
GP,M,17,R,GT3,T,2,2,services,other,course,mother,4,1,0,no,yes,no,no,yes,yes,yes,no,4,4,5,5,5,4,8,real_uci_base,7.7,7.0,39.51755332308238,42,2,42,2,41,3,46,3,28,2,199,39.8
GP,F,17,U,GT3,T,4,4,teacher,services,course,mother,1,3,0,no,yes,yes,yes,yes,yes,yes,no,5,4,4,1,3,4,7,real_uci_base,7.6,6.7,65.49031491905225,76,4,77,5,71,5,57,4,62,4,343,68.6
GP,F,17,U,GT3,T,4,4,teacher,teacher,course,mother,2,3,0,no,yes,yes,no,no,yes,yes,yes,4,3,3,1,2,4,4,real_uci_base,6.8,5.3,61.46996586110648,64,4,65,3,70,3,77,4,48,3,324,64.8
GP,M,18,U,LE3,T,2,2,other,other,course,mother,1,4,0,no,yes,no,yes,yes,yes,yes,no,4,5,5,2,4,5,2,real_uci_base,7.2,7.9,56.054448129234224,65,4,68,3,62,4,50,3,51,3,296,59.2
GP,F,17,R,GT3,T,2,4,at_home,other,course,father,1,3,0,no,yes,no,no,yes,yes,yes,yes,4,4,3,1,1,5,7,real_uci_base,7.1,5.8,64.45590807629337,70,5,55,4,69,3,62,3,65,4,321,64.2
GP,F,18,U,LE3,T,2,2,other,other,home,other,1,2,0,no,no,no,yes,no,yes,yes,yes,4,3,3,1,1,2,0,real_uci_base,7.4,6.4,52.82603794066849,53,2,59,4,55,4,55,4,38,3,260,52.0
GP,F,18,R,GT3,T,2,2,at_home,other,course,mother,2,4,0,no,no,no,yes,yes,yes,no,no,4,4,4,1,1,4,0,real_uci_base,7.3,5.3,70.6341053285679,87,4,79,4,76,4,65,4,56,3,363,72.6
GP,F,17,U,GT3,T,3,4,services,other,course,mother,1,3,0,no,no,no,no,yes,yes,yes,no,4,4,5,1,3,5,16,real_uci_base,6.6,7.2,47.955106794756894,45,3,53,3,43,2,40,4,40,2,221,44.2
GP,F,19,R,GT3,A,3,1,services,at_home,home,other,1,3,1,no,no,yes,no,yes,yes,no,no,5,4,3,1,2,5,12,real_uci_base,8.6,5.5,53.47190243144368,69,4,65,4,61,3,52,4,55,3,302,60.4
GP,F,17,U,GT3,T,3,2,other,other,home,mother,1,2,0,no,yes,yes,no,yes,yes,yes,yes,4,3,2,2,3,2,0,real_uci_base,6.6,6.1,49.844714355596096,46,3,67,5,51,2,54,4,60,3,278,55.6
GP,F,18,U,LE3,T,3,3,services,services,home,mother,1,4,0,no,yes,no,no,yes,yes,yes,no,5,3,3,1,1,1,7,real_uci_base,6.0,5.9,63.74431166163525,57,3,68,4,65,4,64,4,76,4,330,66.0
GP,F,17,R,GT3,A,3,2,other,other,home,mother,1,2,0,no,yes,yes,no,yes,yes,yes,no,4,3,3,2,3,2,4,real_uci_base,8.1,4.2,45.3696334677278,60,3,34,2,35,2,39,2,47,2,215,43.0
GP,F,19,U,GT3,T,2,1,services,services,home,other,1,3,1,no,no,yes,yes,yes,yes,yes,yes,4,3,4,1,3,3,4,real_uci_base,7.6,7.6,43.041735125810256,63,3,52,3,40,3,47,3,44,2,246,49.2
GP,M,18,U,GT3,T,4,4,teacher,services,home,father,1,2,1,no,yes,no,yes,yes,yes,yes,no,4,3,3,2,2,2,0,real_uci_base,7.7,5.2,43.998270495033296,49,3,38,2,39,3,42,3,46,4,214,42.8
GP,M,18,U,LE3,T,3,4,services,other,home,mother,1,2,0,no,no,no,yes,yes,yes,yes,yes,4,3,3,1,3,5,11,real_uci_base,7.7,5.4,47.90030364082904,57,4,41,2,51,4,47,3,44,3,240,48.0
GP,F,17,U,GT3,A,2,2,at_home,at_home,home,father,1,2,1,no,yes,no,no,yes,yes,yes,yes,3,3,1,1,2,4,0,real_uci_base,7.3,4.3,38.41774623010327,34,3,39,3,34,3,41,3,30,2,178,35.6
GP,F,18,U,GT3,T,2,3,at_home,other,course,mother,1,3,0,no,yes,no,no,yes,yes,yes,no,4,3,3,1,2,3,4,real_uci_base,6.4,7.0,46.20259040860465,45,3,54,3,38,3,49,3,54,3,240,48.0
GP,F,18,U,GT3,T,3,2,other,services,other,mother,1,3,0,no,no,no,no,yes,yes,yes,yes,5,4,3,2,3,1,7,real_uci_base,7.2,4.7,69.38862841810177,71,4,61,4,85,5,87,4,75,4,379,75.8
GP,M,18,R,GT3,T,4,3,teacher,services,course,mother,1,3,0,no,no,no,no,yes,yes,yes,yes,5,3,2,1,2,4,9,real_uci_base,6.6,8.0,61.78803437193042,58,3,91,5,69,3,66,4,62,3,346,69.2
GP,M,18,U,GT3,T,4,3,teacher,other,course,mother,1,3,0,no,yes,yes,no,yes,yes,yes,yes,5,4,5,2,3,5,0,real_uci_base,7.8,8.0,69.52220501286557,77,4,75,3,89,4,74,4,78,4,393,78.6
GP,F,17,U,GT3,T,4,3,health,other,reputation,mother,1,3,0,no,yes,yes,yes,yes,yes,yes,yes,4,4,3,1,3,4,0,real_uci_base,7.0,6.3,51.42262988266661,58,3,64,4,44,3,43,3,46,3,255,51.0
MS,M,18,R,GT3,T,3,2,other,other,course,mother,2,1,1,no,yes,no,no,no,yes,yes,no,2,5,5,5,5,5,10,real_uci_base,7.2,7.7,20.0,19,3,23,2,23,1,18,1,14,1,97,19.4
MS,M,19,R,GT3,T,1,1,other,services,home,other,3,2,3,no,no,no,no,yes,yes,yes,no,5,4,4,3,3,2,8,real_uci_base,7.2,7.3,20.0,21,1,28,2,9,3,20,2,19,2,97,19.4
MS,M,17,U,GT3,T,3,3,health,other,course,mother,2,2,0,no,yes,yes,no,yes,yes,yes,no,4,5,4,2,3,3,2,real_uci_base,7.8,7.4,45.105830736817616,48,3,49,3,43,3,47,2,42,1,229,45.8
MS,M,18,U,LE3,T,1,3,at_home,services,course,mother,1,1,1,no,no,no,no,yes,no,yes,yes,4,3,3,2,3,3,7,real_uci_base,7.2,6.4,24.071238099500547,27,3,33,2,20,3,22,1,22,2,124,24.8
MS,M,19,R,GT3,T,1,1,other,other,home,other,3,1,1,no,yes,no,no,yes,yes,yes,no,4,4,4,3,3,5,4,real_uci_base,7.1,7.5,31.787504038649367,24,2,42,3,39,3,29,2,39,2,173,34.6
MS,M,17,R,GT3,T,4,3,services,other,home,mother,2,2,0,no,yes,yes,yes,no,yes,yes,yes,4,5,5,1,3,2,4,real_uci_base,7.7,7.5,48.372621931389446,45,3,52,4,44,3,45,3,38,2,224,44.8
MS,F,18,U,GT3,T,3,3,services,services,course,father,1,2,0,no,yes,no,no,yes,yes,no,yes,5,3,4,1,1,5,0,real_uci_base,7.5,4.9,65.3402760021641,72,3,75,5,69,4,68,4,62,3,346,69.2
MS,F,17,R,GT3,T,4,4,teacher,services,other,father,2,2,0,no,yes,yes,yes,yes,yes,yes,no,4,3,3,1,2,5,4,real_uci_base,6.9,5.5,58.67472533753112,53,2,61,4,63,4,63,4,51,3,291,58.2
MS,F,17,U,LE3,A,3,2,services,other,reputation,mother,2,2,0,no,no,no,no,yes,yes,no,yes,1,2,3,1,2,5,2,real_uci_base,6.9,3.7,63.911832512628735,67,4,70,4,80,4,65,4,56,4,338,67.6
MS,M,18,U,LE3,T,1,1,other,services,home,father,2,1,0,no,no,no,no,no,yes,yes,yes,3,3,2,1,2,3,4,real_uci_base,7.7,6.4,30.05333466116165,32,3,41,2,21,1,33,2,28,3,155,31.0
MS,F,18,U,LE3,T,1,1,at_home,services,course,father,2,3,0,no,no,no,no,yes,yes,yes,no,5,3,2,1,1,4,0,real_uci_base,6.0,6.0,60.7553994387208,56,3,72,3,69,3,48,3,70,3,315,63.0
MS,F,18,R,LE3,A,1,4,at_home,other,course,mother,3,2,0,no,no,no,no,yes,yes,no,yes,4,3,4,1,4,5,0,real_uci_base,6.3,2.7,60.168645222404365,58,3,36,2,67,3,57,4,54,4,272,54.4
MS,M,18,R,LE3,T,1,1,at_home,other,other,mother,2,2,1,no,no,no,yes,no,no,no,no,4,4,3,2,3,5,2,real_uci_base,6.9,5.7,29.249726971837795,22,1,38,2,24,3,43,3,43,3,170,34.0
MS,F,18,U,GT3,T,3,3,services,services,other,mother,2,2,0,no,yes,no,no,yes,yes,yes,yes,4,3,2,1,3,3,0,real_uci_base,7.2,5.7,58.88280001883896,58,3,60,3,64,4,61,4,59,3,302,60.4
MS,F,17,U,LE3,T,4,4,at_home,at_home,course,mother,1,2,0,no,yes,yes,yes,yes,yes,yes,yes,2,3,4,1,1,1,0,real_uci_base,7.5,6.0,57.466869778157374,63,3,57,3,60,3,43,3,54,4,277,55.4
MS,F,17,R,GT3,T,1,2,other,services,course,father,2,2,0,no,no,no,no,no,yes,no,no,3,2,2,1,2,3,0,real_uci_base,8.2,3.2,52.67514244027955,74,5,60,3,62,4,52,2,49,3,297,59.4
MS,M,18,R,GT3,T,1,3,at_home,other,course,mother,2,2,0,no,yes,yes,no,yes,yes,no,no,3,3,4,2,4,3,4,real_uci_base,7.9,6.0,40.606387078168,48,3,51,3,37,3,54,4,55,4,245,49.0
MS,M,18,U,LE3,T,4,4,teacher,services,other,mother,2,3,0,no,no,yes,no,yes,yes,yes,yes,4,2,2,2,2,5,0,real_uci_base,6.8,5.8,56.345343291304886,57,3,63,4,55,2,48,3,53,3,276,55.2
MS,F,17,R,GT3,T,1,1,other,services,reputation,mother,3,1,1,no,yes,yes,no,yes,yes,yes,yes,5,2,1,1,2,1,0,real_uci_base,7.4,3.7,50.93887257471556,54,3,46,3,65,3,48,3,38,2,251,50.2
MS,F,18,U,GT3,T,2,3,at_home,services,course,father,2,1,0,no,yes,yes,no,yes,yes,yes,yes,5,2,3,1,2,4,0,real_uci_base,6.7,5.7,46.794096913744895,38,2,46,3,46,3,51,2,42,3,223,44.6
MS,F,18,R,GT3,T,4,4,other,teacher,other,father,3,2,0,no,yes,yes,no,no,yes,yes,yes,3,2,2,4,2,5,10,real_uci_base,7.2,4.2,55.33278000918875,59,4,57,2,65,4,61,3,57,4,299,59.8
MS,F,19,U,LE3,T,3,2,services,services,home,other,2,2,2,no,no,no,yes,yes,yes,no,yes,3,2,2,1,1,3,4,real_uci_base,7.0,3.0,32.25460370999468,27,2,23,2,26,1,42,2,18,2,136,27.2
MS,M,18,R,LE3,T,1,2,at_home,services,other,father,3,1,0,no,yes,yes,yes,yes,no,yes,yes,4,3,3,2,3,3,3,real_uci_base,7.8,5.4,37.30088232267016,50,2,37,2,37,2,51,3,43,1,218,43.6
MS,F,17,U,GT3,T,2,2,other,at_home,home,mother,1,3,0,no,no,no,yes,yes,yes,no,yes,3,4,3,1,1,3,8,real_uci_base,6.6,5.6,58.71190885549965,51,3,75,4,64,3,63,4,67,4,320,64.0
MS,F,17,R,GT3,T,1,2,other,other,course,mother,1,1,0,no,no,no,yes,yes,yes,yes,no,3,5,5,1,3,1,14,real_uci_base,8.1,8.0,24.75254273069081,29,2,31,3,13,2,20,2,25,2,118,23.6
MS,F,18,R,LE3,T,4,4,other,other,reputation,mother,2,3,0,no,no,no,no,yes,yes,yes,no,5,4,4,1,1,1,0,real_uci_base,8.2,7.2,62.04871739256836,79,4,72,4,61,3,56,3,60,3,328,65.6
MS,F,18,R,GT3,T,1,1,other,other,home,mother,4,3,0,no,no,no,no,yes,yes,yes,no,4,3,2,1,2,4,2,real_uci_base,7.0,6.1,52.224164466433386,64,4,58,4,48,3,51,3,41,3,262,52.4
MS,F,20,U,GT3,T,4,2,health,other,course,other,2,3,2,no,yes,yes,no,no,yes,yes,yes,5,4,3,1,1,3,4,real_uci_base,7.4,7.4,41.24823561104032,44,3,59,3,44,3,57,4,51,3,255,51.0
MS,F,18,R,LE3,T,4,4,teacher,services,course,mother,1,2,0,no,no,yes,yes,yes,yes,yes,no,5,4,3,3,4,2,4,real_uci_base,7.9,5.9,52.455440289903066,69,4,55,3,47,4,47,1,44,3,262,52.4
MS,F,18,U,GT3,T,3,3,other,other,home,mother,1,2,0,no,no,yes,no,yes,yes,yes,yes,4,1,3,1,2,1,0,real_uci_base,6.8,5.2,56.31491868657554,59,4,62,3,57,3,66,3,66,3,310,62.0
MS,F,17,R,GT3,T,3,1,at_home,other,reputation,mother,1,2,0,no,yes,yes,yes,no,yes,yes,no,4,5,4,2,3,1,17,real_uci_base,7.7,7.6,43.82713453490687,50,3,49,2,42,2,43,2,58,4,242,48.4
MS,M,18,U,GT3,T,4,4,teacher,teacher,home,father,1,2,0,no,no,yes,yes,no,yes,yes,no,3,2,4,1,4,2,4,real_uci_base,7.2,6.4,54.68782527275598,54,4,63,4,70,4,63,4,62,4,312,62.4
MS,M,18,R,GT3,T,2,1,other,other,other,mother,2,1,0,no,no,no,yes,no,yes,yes,yes,4,4,3,1,3,5,5,real_uci_base,7.7,7.4,32.61517714799304,37,2,41,3,20,2,27,2,28,2,153,30.6
MS,M,17,U,GT3,T,2,3,other,services,home,father,2,2,0,no,no,no,yes,yes,yes,yes,no,4,4,3,1,1,3,2,real_uci_base,6.9,6.7,48.68506941242722,43,3,64,3,47,2,48,3,53,3,255,51.0
MS,M,19,R,GT3,T,1,1,other,services,other,mother,2,1,1,no,no,no,no,yes,yes,no,no,4,3,2,1,3,5,0,real_uci_base,7.6,4.9,41.448577171261626,48,3,41,2,53,4,45,2,54,3,241,48.2
MS,M,18,R,GT3,T,4,2,other,other,home,father,2,1,1,no,no,yes,no,yes,yes,no,no,5,4,3,4,3,3,14,real_uci_base,8.0,6.1,36.78788312544324,38,3,46,2,46,3,47,3,34,2,211,42.2
MS,F,18,R,GT3,T,2,2,at_home,other,other,mother,2,3,0,no,no,yes,no,yes,yes,no,no,5,3,3,1,3,4,2,real_uci_base,8.1,4.7,51.85284329111362,68,4,56,3,47,3,52,4,51,3,274,54.8
MS,F,18,R,GT3,T,4,4,teacher,at_home,reputation,mother,3,1,0,no,yes,yes,yes,yes,yes,yes,yes,4,4,3,2,2,5,7,real_uci_base,8.3,5.7,50.39887940211322,57,4,45,3,51,3,57,4,38,3,248,49.6
MS,F,19,R,GT3,T,2,3,services,other,course,mother,1,3,1,no,no,no,yes,no,yes,yes,no,5,4,2,1,2,5,0,real_uci_base,8.7,6.2,38.52064850375114,56,3,41,2,32,3,33,3,39,3,201,40.2
MS,F,18,U,LE3,T,3,1,teacher,services,course,mother,1,2,0,no,yes,yes,no,yes,yes,yes,no,4,3,4,1,1,1,0,real_uci_base,6.8,5.7,51.52160941236222,51,2,49,2,55,2,41,2,55,4,251,50.2
MS,F,18,U,GT3,T,1,1,other,other,course,mother,2,2,1,no,no,no,yes,yes,yes,no,no,1,1,1,1,1,5,0,real_uci_base,7.7,2.4,54.31660210047586,66,5,56,3,67,4,60,4,43,3,292,58.4
MS,M,20,U,LE3,A,2,2,services,services,course,other,1,2,2,no,yes,yes,no,yes,yes,no,no,5,5,4,4,5,4,11,real_uci_base,7.6,6.6,20.0,29,2,24,2,15,3,20,2,11,1,99,19.8
MS,M,17,U,LE3,T,3,1,services,services,course,mother,2,1,0,no,no,no,no,no,yes,yes,no,2,4,5,3,4,2,3,real_uci_base,9.2,6.3,28.9540617270505,41,3,27,2,23,2,23,2,19,2,133,26.6
MS,M,21,R,GT3,T,1,1,other,other,course,other,1,1,3,no,no,no,no,no,yes,no,no,5,5,3,3,3,3,3,real_uci_base,7.2,6.4,20.0,19,1,7,1,21,1,14,1,20,2,81,16.2
MS,M,18,R,LE3,T,3,2,services,other,course,mother,3,1,0,no,no,no,no,no,yes,yes,no,4,4,1,3,4,5,0,real_uci_base,7.1,4.1,35.113190908742126,40,2,25,2,31,2,30,3,39,2,165,33.0
MS,M,19,U,LE3,T,1,1,other,at_home,course,father,1,1,0,no,no,no,no,yes,yes,yes,no,3,2,3,3,3,5,5,real_uci_base,7.0,5.9,30.283469820689763,25,2,27,2,32,2,23,2,31,2,138,27.6
GP,F,18,U,GT3,A,4,4,at_home,teacher,course,mother,2,2,0,yes,no,no,no,yes,yes,no,no,4,3,4,1,1,3,4,real_uci_base,5.8,5.1,57.79864682549052,51,3,63,4,58,4,49,3,57,3,278,55.6
GP,F,17,U,GT3,T,1,1,at_home,other,course,father,1,2,0,no,yes,no,no,no,yes,yes,no,5,3,3,1,1,3,2,real_uci_base,6.9,4.9,46.82428491386359,45,1,50,3,42,3,37,3,34,3,208,41.6
GP,F,15,U,LE3,T,1,1,at_home,other,other,mother,1,2,0,yes,no,no,no,yes,yes,yes,no,4,3,2,2,3,3,6,real_uci_base,6.8,5.1,41.90418007673417,33,2,46,3,40,3,34,3,48,2,201,40.2
GP,F,15,U,GT3,T,4,2,health,services,home,mother,1,3,0,no,yes,no,yes,yes,yes,yes,yes,3,2,2,1,1,5,0,real_uci_base,7.1,4.9,65.3951142618902,70,3,75,4,70,3,59,3,66,3,340,68.0
GP,F,16,U,GT3,T,3,3,other,other,home,father,1,2,0,no,yes,no,no,yes,yes,no,no,4,3,2,1,2,5,0,real_uci_base,7.5,2.4,63.25927650121936,73,4,53,4,66,3,59,3,63,3,314,62.8
GP,M,16,U,LE3,T,4,3,services,other,reputation,mother,1,2,0,no,yes,no,yes,yes,yes,yes,no,5,4,2,1,2,5,6,real_uci_base,8.7,4.8,58.1109103777724,73,3,61,4,63,3,67,4,53,2,317,63.4
GP,M,16,U,LE3,T,2,2,other,other,home,mother,1,2,0,no,no,no,no,yes,yes,yes,no,4,4,4,1,1,3,0,real_uci_base,8.1,5.6,52.13526632437977,60,3,50,3,47,4,57,3,57,4,271,54.2
GP,F,17,U,GT3,A,4,4,other,teacher,home,mother,2,2,0,yes,yes,no,no,yes,yes,no,no,4,1,4,1,1,1,2,real_uci_base,6.7,3.0,63.27036669161374,64,3,67,4,62,4,59,4,63,2,315,63.0
GP,M,15,U,LE3,A,3,2,services,other,home,mother,1,2,0,no,yes,no,no,yes,yes,yes,no,4,2,2,1,1,1,0,real_uci_base,6.6,4.8,53.11760391940146,49,2,64,4,57,3,53,3,45,3,268,53.6
GP,M,15,U,GT3,T,3,4,other,other,home,mother,1,2,0,no,yes,no,yes,yes,yes,yes,no,5,5,1,1,1,5,0,real_uci_base,7.8,5.0,63.74683365955471,73,4,66,4,65,4,75,4,71,3,350,70.0
GP,F,15,U,GT3,T,4,4,teacher,health,reputation,mother,1,2,0,no,yes,no,no,yes,yes,yes,no,3,3,3,1,2,2,2,real_uci_base,6.4,4.8,51.37840784929213,45,2,53,2,43,3,58,3,47,3,246,49.2
GP,F,15,U,GT3,T,2,1,services,other,reputation,father,3,3,0,no,yes,no,yes,yes,yes,yes,no,5,2,2,1,1,4,0,real_uci_base,8.2,2.5,64.40458615372275,85,4,58,3,61,3,61,4,66,4,331,66.2
GP,M,15,U,LE3,T,4,4,health,services,course,father,1,1,0,no,yes,no,yes,yes,yes,yes,no,4,3,3,1,3,5,0,real_uci_base,8.4,5.5,45.26025324468792,54,4,44,3,38,3,56,4,52,4,244,48.8
GP,M,15,U,GT3,T,4,3,teacher,other,course,mother,2,2,0,no,yes,no,no,yes,yes,yes,no,5,4,3,1,2,3,0,real_uci_base,7.1,4.5,58.73995433996258,59,3,53,4,65,3,59,4,82,4,318,63.6
GP,M,15,U,GT3,A,2,2,other,other,home,other,1,3,0,no,yes,no,no,yes,yes,yes,yes,4,5,2,1,1,3,0,real_uci_base,6.1,5.6,50.80399481822693,38,2,55,4,50,4,44,3,47,2,234,46.8
GP,F,16,U,GT3,T,4,4,health,other,home,mother,1,1,0,no,yes,no,no,yes,yes,yes,no,4,4,4,1,2,2,6,real_uci_base,8.6,6.4,41.19572129902804,59,4,48,3,39,2,45,2,41,3,232,46.4
GP,F,16,U,GT3,T,4,4,services,services,reputation,mother,1,3,0,no,yes,no,yes,yes,yes,yes,no,3,2,3,1,2,2,10,real_uci_base,6.9,5.9,57.98196688713232,59,3,71,4,63,3,74,4,49,3,316,63.2
GP,F,16,U,GT3,T,3,3,other,other,reputation,mother,3,2,0,yes,yes,no,yes,yes,yes,no,no,5,3,2,1,1,4,2,real_uci_base,8.2,2.7,64.11643865514597,82,4,54,3,69,4,79,4,61,3,345,69.0
GP,M,17,U,GT3,T,3,2,services,services,course,mother,1,1,3,no,yes,yes,yes,yes,yes,yes,no,5,5,5,2,4,5,2,real_uci_base,6.6,5.0,21.097242409691432,9,1,2,1,23,2,12,1,15,2,61,12.2
GP,M,16,U,LE3,T,4,3,health,other,home,father,1,1,0,no,no,no,yes,yes,yes,yes,no,3,1,3,1,3,5,6,real_uci_base,6.9,4.4,43.443246582549406,41,3,42,2,40,3,45,3,40,1,208,41.6
GP,M,15,U,GT3,T,4,3,teacher,other,reputation,mother,1,2,0,no,no,no,no,yes,yes,yes,no,4,4,1,1,1,1,0,real_uci_base,7.4,6.1,58.96831708102053,60,3,67,4,57,3,50,3,54,3,288,57.6
GP,M,15,U,GT3,T,4,4,health,health,other,father,1,1,0,no,yes,yes,no,yes,yes,yes,no,5,4,2,1,1,5,0,real_uci_base,7.7,6.1,57.57478543364198,55,3,71,4,60,3,66,3,53,3,305,61.0
GP,M,16,U,LE3,T,4,2,teacher,other,course,mother,1,2,0,no,no,no,yes,yes,yes,yes,no,4,5,1,1,3,5,0,real_uci_base,7.2,5.7,55.50864284698957,48,2,62,4,61,4,37,2,67,4,275,55.0
GP,M,16,U,LE3,T,2,2,other,other,reputation,mother,2,2,0,no,yes,no,yes,yes,yes,yes,no,5,4,4,2,4,5,2,real_uci_base,7.8,5.8,44.50607790318716,48,3,46,2,40,3,37,2,45,3,216,43.2
GP,F,15,R,GT3,T,2,4,services,health,course,mother,1,3,0,yes,yes,no,yes,yes,yes,yes,no,4,3,2,1,1,5,2,real_uci_base,6.3,5.2,59.986180893627136,55,3,75,4,66,4,55,4,63,3,314,62.8
GP,F,16,U,GT3,T,2,2,services,services,home,mother,1,1,0,no,yes,no,no,no,yes,yes,no,1,2,2,1,3,5,6,real_uci_base,7.4,3.6,43.40484177632798,45,2,35,3,41,2,53,3,38,3,212,42.4
GP,M,15,U,GT3,T,2,2,other,other,home,mother,1,1,0,no,yes,no,no,yes,yes,yes,no,4,2,2,1,2,5,8,real_uci_base,7.5,4.5,44.79307080144765,51,3,44,2,47,3,34,2,40,3,216,43.2
GP,M,15,U,GT3,T,4,2,health,services,other,mother,1,1,0,no,no,no,no,yes,yes,yes,no,2,2,4,2,4,1,0,real_uci_base,7.8,5.3,31.14113404977349,35,2,36,2,14,2,31,2,31,1,147,29.4
GP,M,16,U,LE3,A,3,4,services,other,home,mother,1,2,0,yes,yes,yes,yes,yes,yes,yes,no,5,3,3,1,1,5,2,real_uci_base,7.8,6.1,59.18293774384088,64,4,68,4,61,4,65,4,58,3,316,63.2
GP,M,16,U,GT3,T,4,4,teacher,teacher,home,mother,1,2,0,no,yes,yes,yes,yes,yes,yes,yes,4,4,5,5,5,5,4,real_uci_base,6.6,8.0,54.67518623638346,43,3,74,4,71,4,57,4,52,4,297,59.4
GP,M,15,U,GT3,T,4,4,health,services,home,mother,1,2,0,no,yes,yes,no,no,yes,yes,no,5,4,2,3,4,5,0,real_uci_base,6.3,5.4,49.869764387458105,43,2,55,3,47,3,57,3,39,2,241,48.2
GP,M,15,U,GT3,T,4,4,services,services,reputation,mother,2,2,0,no,yes,no,yes,yes,yes,yes,no,4,3,1,1,1,5,2,real_uci_base,8.2,3.8,57.99153741286807,77,4,55,3,56,2,60,3,54,4,302,60.4
GP,M,15,R,GT3,T,4,3,teacher,at_home,course,mother,1,2,0,no,yes,no,yes,yes,yes,yes,yes,4,5,2,1,1,5,0,real_uci_base,7.7,5.6,60.41009135826839,71,4,56,2,59,4,48,2,51,2,285,57.0
GP,M,15,U,LE3,T,3,3,other,other,course,mother,1,2,0,no,no,no,yes,no,yes,yes,no,5,3,2,1,1,2,0,real_uci_base,6.8,3.2,62.11426926279943,62,4,51,3,57,4,72,4,70,3,312,62.4
GP,M,16,U,GT3,T,3,2,other,other,home,mother,1,1,0,no,yes,no,no,no,yes,yes,no,5,4,3,1,1,5,4,real_uci_base,8.7,5.2,55.946410992498485,72,3,48,4,65,3,43,3,58,3,286,57.2
GP,F,15,U,GT3,T,2,3,other,other,other,father,2,1,0,no,yes,no,yes,yes,yes,no,no,3,5,1,1,1,5,4,real_uci_base,7.8,3.7,42.19279106454667,51,3,42,3,42,3,48,2,52,4,235,47.0
GP,M,15,U,LE3,T,4,3,teacher,services,home,mother,1,3,0,no,yes,no,yes,yes,yes,yes,no,5,4,3,1,1,4,0,real_uci_base,8.0,5.1,71.70828151544995,87,5,70,3,72,3,79,4,74,4,382,76.4
GP,M,16,R,GT3,A,4,4,other,teacher,reputation,mother,2,3,0,no,yes,no,yes,yes,yes,yes,yes,2,4,3,1,1,5,4,real_uci_base,7.2,5.9,62.82253236750879,70,4,73,4,71,4,70,4,53,3,337,67.4
GP,F,15,R,GT3,T,3,4,services,health,course,mother,1,3,0,yes,yes,no,yes,yes,yes,yes,no,4,3,2,1,1,5,2,real_uci_base,8.5,3.9,65.07712077835673,85,3,70,4,64,3,63,4,59,4,341,68.2
GP,F,15,R,GT3,T,2,2,at_home,other,reputation,mother,1,1,0,yes,yes,no,yes,yes,yes,no,no,4,3,1,1,1,2,8,real_uci_base,8.8,3.9,48.31212390753014,58,4,60,4,45,3,41,2,57,4,261,52.2
GP,F,16,U,LE3,T,2,2,other,other,home,mother,2,2,0,no,yes,no,yes,no,yes,yes,yes,3,3,3,1,2,3,16,real_uci_base,7.1,5.3,49.78674488959014,48,4,47,3,51,3,63,3,62,4,271,54.2
GP,M,15,U,LE3,T,4,4,teacher,other,home,other,1,1,0,no,yes,no,no,no,yes,yes,yes,5,4,3,2,4,5,8,real_uci_base,8.3,5.5,52.5838922801707,62,4,60,4,58,4,50,2,45,3,275,55.0
GP,M,15,U,GT3,T,4,4,services,teacher,course,father,1,2,0,no,yes,no,yes,yes,yes,yes,no,4,3,3,1,1,5,0,real_uci_base,7.8,4.7,54.68188412755762,63,3,62,2,46,3,51,4,60,4,282,56.4
GP,M,15,U,GT3,T,2,2,services,services,course,father,1,1,0,yes,yes,no,no,yes,yes,yes,no,5,4,1,1,1,1,0,real_uci_base,8.6,4.8,54.78094912053291,75,4,57,3,54,3,66,3,55,3,307,61.4
GP,F,16,U,LE3,T,2,2,other,at_home,course,father,2,2,1,yes,no,no,yes,yes,yes,yes,no,4,3,3,2,2,5,14,real_uci_base,6.6,6.0,32.811868369804884,28,3,47,3,26,2,39,3,37,3,177,35.4
GP,F,15,U,LE3,A,4,3,other,other,course,mother,1,2,0,yes,yes,yes,yes,yes,yes,yes,yes,5,2,2,1,1,5,4,real_uci_base,7.7,3.4,62.4672445880931,76,4,57,3,60,3,64,4,55,4,312,62.4
GP,F,16,U,LE3,A,3,3,other,services,home,mother,1,2,0,no,yes,no,no,yes,yes,yes,no,2,3,5,1,4,3,6,real_uci_base,8.0,5.6,48.85918194601017,59,4,40,2,50,3,50,4,37,3,236,47.2
GP,M,16,U,GT3,T,4,3,health,services,reputation,mother,1,4,0,no,no,no,yes,yes,yes,yes,no,4,2,2,1,1,2,2,real_uci_base,5.5,4.2,65.48854206721045,56,3,66,4,65,3,65,3,56,4,308,61.6
GP,M,15,U,GT3,T,4,2,teacher,other,home,mother,1,2,0,no,yes,no,no,yes,yes,no,no,4,3,3,2,2,5,4,real_uci_base,6.5,2.7,62.0402449826424,50,3,63,3,67,3,67,4,58,4,305,61.0
GP,F,15,U,GT3,T,4,4,services,teacher,other,father,1,2,0,yes,yes,no,yes,no,yes,yes,no,4,4,4,1,1,3,2,real_uci_base,6.0,5.2,54.83769224090473,39,2,46,3,55,3,53,2,47,2,240,48.0
GP,F,16,U,LE3,T,2,2,services,services,course,mother,3,2,0,no,yes,no,no,yes,yes,yes,no,4,3,3,2,3,4,0,real_uci_base,7.1,4.9,43.11272322970099,46,3,43,3,41,3,40,2,46,3,216,43.2
GP,F,15,U,LE3,T,4,2,health,other,other,mother,1,2,0,no,yes,no,no,yes,yes,yes,no,4,3,3,1,1,5,0,real_uci_base,7.8,5.7,54.37882086418163,63,4,64,4,54,3,63,4,48,3,292,58.4
GP,M,15,U,LE3,A,4,2,health,health,other,father,2,1,0,no,no,no,no,yes,yes,no,no,5,5,5,3,4,5,4,real_uci_base,8.8,5.8,44.03216830086286,61,4,45,2,45,3,43,2,45,3,239,47.8
GP,F,15,U,GT3,T,4,4,services,services,course,mother,1,1,0,yes,yes,no,no,yes,yes,yes,no,3,3,4,2,3,5,0,real_uci_base,7.6,5.6,55.6952887057823,59,4,57,3,67,4,54,3,64,4,301,60.2
GP,F,15,U,LE3,A,3,3,other,other,other,mother,1,1,0,no,no,no,no,yes,yes,yes,no,5,3,4,4,4,1,0,real_uci_base,8.7,6.1,46.688568109692994,60,3,54,3,46,2,44,3,51,3,255,51.0
GP,F,16,U,GT3,A,2,1,other,other,other,mother,1,2,0,no,no,no,yes,yes,yes,yes,yes,5,3,4,1,1,2,2,real_uci_base,6.3,5.6,44.26678832751775,45,3,44,3,38,2,35,3,38,2,200,40.0
GP,F,15,U,GT3,A,4,3,services,services,reputation,mother,1,2,0,no,yes,no,yes,yes,yes,yes,no,4,3,2,1,1,1,0,real_uci_base,6.1,4.9,70.34113950007335,59,4,70,3,84,4,63,3,74,4,350,70.0
GP,M,15,U,GT3,T,4,4,teacher,health,reputation,mother,1,2,0,no,yes,no,yes,yes,yes,no,no,3,2,2,1,1,5,8,real_uci_base,7.2,2.8,60.34865186586788,68,4,63,4,57,3,67,3,59,3,314,62.8
GP,M,15,U,LE3,T,1,2,other,at_home,home,father,1,2,0,yes,yes,no,yes,yes,yes,yes,no,4,3,2,1,1,5,0,real_uci_base,7.6,4.8,61.01234442799409,65,3,70,4,67,4,54,3,69,4,325,65.0
GP,F,16,U,GT3,T,4,2,services,other,course,mother,1,2,0,no,yes,yes,no,yes,yes,yes,no,4,2,3,1,1,5,2,real_uci_base,7.2,4.3,56.04971339853663,62,5,58,4,47,3,59,4,51,3,277,55.4
GP,F,16,R,GT3,T,4,4,health,teacher,other,mother,1,2,0,no,yes,no,yes,yes,yes,no,no,2,4,4,2,3,4,0,real_uci_base,6.0,3.0,56.70015546823269,47,2,39,2,68,3,50,3,53,3,257,51.4
GP,F,16,U,GT3,T,1,1,services,services,course,father,4,1,0,yes,yes,no,yes,no,yes,yes,yes,5,5,5,5,5,5,0,real_uci_base,7.7,7.0,39.08681102711043,41,2,35,3,40,2,35,2,36,3,187,37.4
GP,F,16,U,LE3,T,1,2,other,services,reputation,father,1,2,0,yes,no,no,yes,yes,yes,yes,no,4,4,3,1,1,1,0,real_uci_base,6.5,6.9,54.13916827052553,37,3,66,2,68,5,49,3,53,3,273,54.6
GP,F,16,U,GT3,T,4,3,teacher,health,home,mother,1,3,0,yes,yes,no,yes,yes,yes,yes,no,3,4,4,2,4,4,0,real_uci_base,7.6,6.9,61.62420983226935,72,5,79,5,68,3,61,4,71,4,351,70.2
GP,F,15,U,LE3,T,4,3,services,services,reputation,father,1,2,0,yes,no,no,yes,yes,yes,yes,yes,4,4,4,2,4,2,0,real_uci_base,7.7,6.7,56.623182000437865,67,3,69,4,64,3,53,4,58,3,311,62.2
GP,F,16,U,LE3,T,4,3,teacher,services,course,mother,3,2,0,no,yes,no,yes,yes,yes,yes,no,5,4,3,1,2,1,2,real_uci_base,6.7,6.8,51.11947961283535,49,3,66,3,47,3,54,3,57,3,273,54.6
GP,M,15,U,GT3,A,4,4,other,services,reputation,mother,1,4,0,no,yes,no,yes,no,yes,yes,yes,1,3,3,5,5,3,0,real_uci_base,6.4,5.1,51.789523748263626,55,4,62,4,49,3,59,3,45,3,270,54.0
GP,F,16,U,GT3,T,3,1,services,other,course,mother,1,4,0,yes,yes,no,no,yes,yes,yes,no,4,3,3,1,2,5,0,real_uci_base,6.1,5.5,62.64564506194518,53,3,72,4,67,4,57,4,75,3,324,64.8
GP,F,15,R,LE3,T,2,2,health,services,reputation,mother,2,2,0,yes,yes,no,no,yes,yes,yes,no,4,1,3,1,3,4,0,real_uci_base,7.1,3.5,59.14876843404642,59,3,58,3,67,3,68,4,42,3,294,58.8
GP,F,15,R,LE3,T,3,1,other,other,reputation,father,2,4,0,no,yes,no,no,no,yes,yes,no,4,4,2,2,3,3,6,real_uci_base,7.6,4.8,59.52367579534035,75,4,66,4,61,4,58,3,64,4,324,64.8
GP,M,16,U,GT3,T,3,1,other,other,reputation,father,2,4,0,no,yes,no,no,yes,yes,yes,no,4,3,2,1,1,5,2,real_uci_base,6.1,5.4,67.62103179428632,67,4,76,5,73,4,73,4,70,4,359,71.8
GP,M,15,U,GT3,T,4,2,other,other,course,mother,1,4,0,no,no,no,no,yes,yes,yes,no,3,3,3,1,1,3,0,real_uci_base,7.2,6.0,73.91570047291708,89,5,83,5,81,4,83,5,77,5,413,82.6
GP,F,15,R,GT3,T,1,1,other,other,reputation,mother,1,2,0,yes,yes,no,no,no,yes,yes,yes,3,3,4,2,4,5,2,real_uci_base,6.9,5.3,36.61207448555949,35,3,42,3,25,2,30,3,25,3,157,31.4
GP,M,16,U,GT3,T,3,1,other,other,reputation,mother,1,1,0,no,no,no,yes,yes,yes,no,no,5,3,2,2,2,5,0,real_uci_base,7.0,3.3,44.138475777222325,41,3,47,2,41,3,41,3,45,2,215,43.0
GP,F,16,U,GT3,T,3,3,other,services,home,mother,1,2,0,yes,yes,no,yes,yes,yes,yes,no,4,3,3,2,4,5,4,real_uci_base,7.2,5.3,48.71774964656799,51,3,47,3,52,3,52,4,36,3,238,47.6
GP,M,15,U,GT3,T,4,3,teacher,other,home,mother,1,2,0,no,yes,no,yes,yes,yes,yes,no,4,3,3,2,3,5,0,real_uci_base,6.6,5.5,53.845676009135175,45,3,64,3,62,3,47,3,43,3,261,52.2
GP,M,15,U,GT3,T,4,0,teacher,other,course,mother,2,4,0,no,no,no,yes,yes,yes,yes,no,3,4,3,1,1,1,0,real_uci_base,6.5,4.3,60.36259791739769,53,3,63,4,58,4,57,3,55,3,286,57.2
GP,F,16,U,GT3,T,2,2,other,other,reputation,mother,1,4,0,no,no,no,no,yes,yes,yes,yes,5,2,3,1,3,3,1,real_uci_base,5.9,3.0,72.66321607320285,71,4,63,4,78,5,67,4,66,3,345,69.0
GP,M,17,U,GT3,T,2,1,other,other,home,mother,2,1,3,yes,yes,no,yes,yes,no,yes,no,4,5,1,1,1,3,0,real_uci_base,9.1,5.4,20.074401169110708,38,3,14,1,16,2,21,2,16,2,105,21.0
GP,F,16,U,GT3,T,3,4,at_home,other,course,mother,1,2,0,no,yes,no,no,yes,yes,yes,no,2,4,3,1,2,3,14,real_uci_base,7.4,4.8,49.29668228944443,50,4,44,3,54,2,59,3,61,3,268,53.6
GP,M,15,U,GT3,T,2,3,other,services,course,father,1,1,0,yes,yes,no,yes,no,yes,yes,yes,3,2,2,1,3,3,0,real_uci_base,7.0,3.7,38.32454285678884,28,3,34,2,23,2,32,2,58,3,175,35.0
GP,M,15,U,GT3,T,2,3,other,other,home,mother,1,3,0,yes,no,no,no,no,yes,yes,no,5,3,2,1,2,5,2,real_uci_base,7.2,4.5,53.50510510143496,62,3,55,3,44,3,53,3,54,3,268,53.6
GP,F,15,U,LE3,T,3,2,services,other,reputation,mother,1,2,0,no,yes,no,no,yes,yes,yes,no,4,4,4,1,1,5,4,real_uci_base,7.3,5.5,54.43605550169084,55,3,56,3,55,3,56,3,55,3,277,55.4
GP,M,15,U,LE3,T,2,2,services,services,home,mother,2,2,0,no,no,yes,yes,yes,yes,yes,no,5,3,3,1,3,4,2,real_uci_base,7.1,6.2,36.59442624307099,40,2,43,3,24,2,33,2,40,3,180,36.0
GP,F,15,U,GT3,T,1,1,other,other,home,father,1,2,0,no,yes,no,yes,no,yes,yes,no,4,3,2,2,3,4,2,real_uci_base,7.7,4.9,53.60582445786443,69,4,53,3,60,4,51,3,56,3,289,57.8
GP,F,15,U,GT3,T,4,4,services,services,reputation,father,2,2,0,no,no,no,no,yes,yes,yes,yes,4,4,4,2,3,5,4,real_uci_base,7.9,6.1,53.12107693376608,54,3,58,3,53,3,61,3,50,2,276,55.2
GP,F,16,U,LE3,T,2,2,at_home,other,course,mother,1,2,0,no,yes,no,no,yes,yes,no,no,4,3,4,1,2,2,6,real_uci_base,6.9,5.0,68.6085578175684,65,4,76,4,78,4,59,3,68,4,346,69.2
GP,F,15,U,GT3,T,4,2,other,other,reputation,mother,1,3,0,no,yes,no,yes,yes,yes,yes,no,5,3,3,1,3,1,4,real_uci_base,6.6,4.1,73.96749750369666,73,4,72,4,88,5,73,3,78,4,384,76.8
GP,M,16,U,GT3,T,2,2,services,other,reputation,father,2,2,0,no,no,no,yes,no,yes,yes,no,4,4,2,1,1,3,6,real_uci_base,7.2,6.2,47.8513055845149,54,2,66,4,38,2,37,3,46,4,241,48.2
GP,M,16,U,LE3,A,4,4,teacher,health,reputation,mother,1,2,0,no,yes,no,no,yes,yes,no,no,4,1,3,3,5,5,6,real_uci_base,5.5,3.0,48.61197798481211,27,2,51,3,51,3,43,3,58,5,230,46.0
GP,F,16,U,GT3,T,3,3,other,other,home,mother,1,3,0,no,yes,no,no,yes,yes,yes,yes,4,3,3,1,3,4,2,real_uci_base,6.0,5.8,60.833489084012186,61,4,72,4,65,4,56,3,61,3,315,63.0
GP,F,15,U,GT3,T,4,3,services,other,reputation,mother,1,1,0,no,no,no,yes,yes,yes,yes,no,4,5,5,1,3,1,6,real_uci_base,8.7,5.9,56.04903565950824,69,2,46,4,58,3,73,4,67,3,313,62.6
GP,F,16,U,LE3,T,3,1,other,other,home,father,1,2,0,yes,yes,no,no,yes,yes,no,no,3,3,3,2,3,2,0,real_uci_base,8.5,2.9,43.1018256553839,59,4,38,3,30,2,50,2,38,3,215,43.0
GP,F,16,U,GT3,T,4,2,teacher,services,home,mother,2,2,0,no,yes,no,yes,yes,yes,yes,no,5,3,3,1,1,1,2,real_uci_base,7.1,6.0,44.43174720787189,45,3,51,3,31,2,30,2,44,3,201,40.2
GP,M,15,U,LE3,T,2,2,services,health,reputation,mother,1,4,0,no,yes,no,yes,yes,yes,yes,no,4,3,4,1,1,4,2,real_uci_base,7.2,5.7,59.70779116667372,69,4,69,4,61,4,48,3,72,5,319,63.8
GP,F,15,R,GT3,T,1,1,at_home,other,home,mother,2,4,0,yes,yes,yes,yes,yes,yes,yes,no,3,1,2,1,1,1,4,real_uci_base,6.8,2.9,65.67642549904319,78,4,65,4,70,4,65,4,68,5,346,69.2
GP,M,16,R,GT3,T,4,3,services,other,reputation,mother,2,1,0,yes,yes,yes,yes,no,yes,yes,no,3,3,3,1,1,4,6,real_uci_base,9.7,4.6,49.55124154304559,71,3,49,3,54,3,58,4,59,4,291,58.2
GP,F,16,U,GT3,T,2,1,other,other,course,mother,1,2,0,no,yes,no,no,yes,yes,no,yes,4,3,5,1,1,5,0,real_uci_base,8.1,5.8,58.72862872990311,72,4,64,3,70,4,66,4,51,3,323,64.6
GP,F,16,U,GT3,T,4,4,other,other,reputation,mother,1,1,0,no,no,no,yes,no,yes,yes,no,5,3,4,1,2,1,4,real_uci_base,7.5,4.7,46.29181482980815,45,3,30,1,39,2,40,3,45,3,199,39.8
GP,F,16,U,GT3,T,4,3,other,at_home,course,mother,1,3,0,yes,yes,no,no,yes,yes,yes,no,5,3,5,1,1,3,2,real_uci_base,6.4,7.4,44.48313682218674,38,3,60,4,34,2,53,3,51,3,236,47.2
GP,M,16,U,GT3,T,4,4,services,services,other,mother,1,1,0,yes,yes,no,yes,yes,yes,yes,no,4,5,5,5,5,4,12,real_uci_base,6.6,6.4,40.22808517181287,39,2,37,2,48,3,32,3,54,3,210,42.0
GP,M,16,U,GT3,T,4,4,services,teacher,other,father,1,3,0,no,yes,no,yes,yes,yes,yes,yes,4,4,3,1,1,4,0,real_uci_base,7.3,6.3,58.44082236220859,66,4,68,4,48,3,71,4,52,2,305,61.0
GP,M,15,U,GT3,T,4,4,services,other,course,mother,1,1,0,no,yes,yes,yes,no,yes,yes,no,5,3,3,1,1,5,2,real_uci_base,7.0,4.7,42.129072813668174,40,2,46,3,36,3,34,2,33,3,189,37.8
GP,F,15,U,GT3,T,3,2,services,other,home,mother,2,2,0,yes,yes,no,no,yes,yes,yes,no,4,3,5,1,1,2,16,real_uci_base,6.3,6.3,44.88038247575629,41,2,54,3,40,3,36,2,53,3,224,44.8
GP,M,15,U,GT3,A,3,4,services,other,course,mother,1,2,0,no,yes,no,yes,yes,yes,yes,no,5,4,4,1,1,1,0,real_uci_base,6.9,5.5,62.609054129312064,55,4,60,4,71,4,51,2,65,4,302,60.4
GP,F,15,U,GT3,A,3,3,other,health,reputation,father,1,4,0,yes,no,no,no,yes,yes,no,no,4,3,3,1,1,4,10,real_uci_base,6.0,3.7,63.10765720727234,67,3,59,3,56,3,60,4,54,3,296,59.2
GP,F,15,U,GT3,T,2,2,other,other,course,mother,1,4,0,yes,yes,no,no,yes,yes,yes,no,5,1,2,1,1,3,4,real_uci_base,7.8,3.6,66.67290968290507,76,4,72,5,66,4,68,3,61,3,343,68.6
GP,M,16,U,GT3,T,3,3,services,other,home,father,1,3,0,no,yes,no,yes,yes,yes,yes,no,5,3,3,1,1,5,4,real_uci_base,7.7,4.5,63.59382660712457,72,3,65,3,70,3,68,3,57,3,332,66.4
GP,M,15,R,GT3,T,4,4,other,other,home,father,4,4,0,no,yes,no,yes,yes,yes,yes,yes,1,3,5,3,5,1,8,real_uci_base,6.8,6.4,50.8565034255953,55,2,60,4,48,3,47,3,42,2,252,50.4
GP,F,16,U,LE3,T,4,4,health,health,other,mother,1,3,0,no,yes,no,yes,yes,yes,yes,yes,5,4,5,1,1,4,2,real_uci_base,8.2,6.2,57.451717328359,76,4,58,4,48,3,59,4,68,4,309,61.8
GP,M,15,U,LE3,A,4,4,teacher,teacher,course,mother,1,1,0,no,no,no,yes,yes,yes,yes,no,5,5,3,1,1,4,4,real_uci_base,7.8,5.8,49.17191593805741,52,4,51,3,47,2,54,4,51,3,255,51.0
GP,F,16,R,GT3,T,3,3,services,other,reputation,father,1,3,0,yes,yes,no,yes,yes,yes,yes,no,4,1,2,1,1,2,4,real_uci_base,6.2,3.1,64.9476794300829,62,3,58,4,67,3,52,3,67,3,306,61.2
GP,F,16,U,GT3,T,2,2,at_home,other,home,mother,1,2,1,yes,no,no,yes,yes,yes,yes,no,3,1,2,1,1,5,12,real_uci_base,8.2,1.9,47.210071248259,62,3,35,3,56,3,56,3,54,4,263,52.6
GP,M,15,U,LE3,T,4,2,teacher,other,course,mother,1,1,0,no,no,no,no,yes,yes,yes,no,3,5,2,1,1,3,10,real_uci_base,8.1,5.4,47.03835883580092,49,3,54,3,49,3,52,3,54,3,258,51.6
GP,M,15,R,GT3,T,2,1,health,services,reputation,mother,1,2,0,no,no,no,yes,yes,yes,yes,yes,5,4,2,1,1,5,4,real_uci_base,6.7,7.0,41.07910910887972,30,3,60,4,34,2,43,3,47,3,214,42.8
GP,M,16,U,GT3,T,4,4,teacher,teacher,course,father,1,2,0,no,yes,no,yes,yes,yes,yes,no,5,4,4,1,2,5,6,real_uci_base,7.3,6.8,53.32098102718599,58,3,57,3,50,3,62,3,67,4,294,58.8
GP,M,15,U,GT3,T,4,4,other,teacher,reputation,father,2,2,0,no,yes,no,yes,yes,yes,no,no,4,4,3,1,1,2,4,real_uci_base,6.8,4.3,45.09760972134288,44,3,48,2,28,3,41,2,35,3,196,39.2
GP,M,16,U,GT3,T,3,3,other,services,home,father,2,1,0,no,no,no,yes,yes,yes,yes,no,5,4,2,1,1,5,6,real_uci_base,6.7,5.2,49.06085998331234,46,3,40,3,48,2,54,3,54,2,242,48.4
GP,M,17,R,GT3,T,1,3,other,other,course,father,3,2,1,no,yes,no,yes,yes,yes,yes,no,5,2,4,1,4,5,14,real_uci_base,7.8,5.5,45.9731462468814,53,4,50,3,53,3,40,4,49,2,245,49.0
GP,M,15,U,GT3,T,3,4,other,other,reputation,father,1,1,0,no,no,no,no,yes,yes,yes,no,3,4,3,1,2,4,2,real_uci_base,9.0,5.9,37.53520720774736,57,3,45,3,27,2,35,2,37,2,201,40.2
GP,F,15,U,GT3,T,1,2,at_home,services,course,mother,1,2,0,no,no,no,no,no,yes,yes,no,3,2,3,1,2,1,0,real_uci_base,6.2,3.6,45.80443396009346,36,2,47,3,40,3,49,4,44,3,216,43.2
GP,M,15,U,GT3,T,2,2,services,services,home,father,1,4,0,no,yes,no,yes,yes,yes,yes,no,5,5,4,1,2,5,6,real_uci_base,7.4,7.3,61.73464067226077,77,4,75,4,72,4,67,3,61,4,352,70.4
GP,F,16,U,LE3,T,2,4,other,health,course,father,2,2,0,no,yes,no,yes,yes,yes,yes,yes,4,2,2,1,2,5,2,real_uci_base,6.7,5.0,60.767055806564905,63,4,70,3,64,3,74,4,67,3,338,67.6
GP,M,16,U,GT3,T,4,4,health,other,course,mother,1,1,0,no,yes,no,yes,yes,yes,yes,no,3,4,4,1,4,5,4,real_uci_base,7.3,6.8,41.1206523021991,40,3,44,3,39,3,29,3,35,3,187,37.4
GP,F,16,U,GT3,T,2,2,other,other,home,mother,1,2,0,no,no,no,no,yes,yes,yes,yes,5,4,4,1,1,5,0,real_uci_base,7.0,6.6,47.46649802440463,44,2,52,3,46,3,46,3,54,3,242,48.4
GP,M,15,U,GT3,T,3,4,services,services,home,father,1,1,0,yes,no,no,no,yes,yes,yes,no,5,5,5,3,2,5,2,real_uci_base,7.1,6.8,33.7964611455035,32,3,29,2,25,3,28,2,30,2,144,28.8
GP,F,15,U,LE3,A,3,4,other,other,home,mother,1,2,0,yes,no,no,yes,yes,yes,yes,yes,5,3,2,1,1,1,0,real_uci_base,7.3,5.1,60.19062877584864,66,4,67,4,61,3,60,4,79,4,333,66.6
GP,F,19,U,GT3,T,0,1,at_home,other,course,other,1,2,2,no,yes,no,no,no,no,no,no,3,4,2,1,1,5,0,real_uci_base,6.8,5.6,39.67245624086247,33,2,46,3,51,3,29,2,49,3,208,41.6
GP,M,16,R,GT3,T,4,4,teacher,teacher,course,mother,1,1,0,no,no,no,yes,yes,yes,yes,no,3,5,5,2,5,4,8,real_uci_base,7.9,6.8,42.97415077178805,41,3,43,3,46,4,41,4,56,3,227,45.4
GP,M,16,U,GT3,T,2,3,other,other,course,mother,2,3,0,no,yes,no,no,no,yes,yes,yes,3,2,3,2,2,1,4,real_uci_base,6.9,4.3,55.87632612489772,59,3,54,3,57,4,58,3,63,3,291,58.2
GP,F,15,R,GT3,T,3,4,services,teacher,course,father,2,3,0,no,yes,no,no,yes,yes,yes,yes,4,2,2,2,2,5,0,real_uci_base,6.8,4.2,63.97249386460192,73,4,70,4,65,3,62,4,70,4,340,68.0
GP,F,18,U,GT3,T,2,1,services,other,reputation,mother,1,2,3,no,yes,no,yes,yes,no,yes,yes,5,4,5,1,3,5,10,real_uci_base,6.8,8.0,20.0,20,2,33,3,14,1,18,2,28,2,113,22.6
GP,F,17,U,LE3,A,2,1,other,other,course,mother,3,1,0,no,yes,no,no,yes,yes,yes,no,3,2,2,1,2,5,8,real_uci_base,7.0,3.7,37.06191376643922,29,2,29,3,30,3,46,2,43,2,177,35.4
GP,F,15,U,GT3,T,1,1,at_home,other,course,mother,3,1,0,no,yes,no,yes,no,yes,yes,yes,4,3,3,1,2,4,6,real_uci_base,8.1,3.8,49.74967949406624,53,3,41,3,50,2,46,3,46,3,236,47.2
GP,F,17,U,LE3,T,2,2,other,other,course,father,1,1,0,no,yes,no,no,yes,yes,yes,yes,3,4,4,1,3,5,2,real_uci_base,8.0,6.6,43.274569138670536,54,3,46,2,42,3,36,2,44,3,222,44.4
GP,F,16,U,GT3,A,3,4,services,other,course,father,1,1,0,no,no,no,no,yes,yes,yes,no,3,2,1,1,4,5,12,real_uci_base,6.8,4.0,43.00567951160194,32,3,48,4,43,3,29,2,50,3,202,40.4
GP,M,16,U,GT3,T,2,1,at_home,other,course,mother,4,1,0,no,no,no,no,yes,yes,no,no,3,2,1,1,1,2,4,real_uci_base,7.5,2.9,41.5778038363305,46,3,44,3,37,3,40,2,41,3,208,41.6
GP,F,16,U,GT3,A,2,2,other,other,home,mother,1,1,1,no,no,no,no,yes,yes,no,no,5,3,4,1,1,5,12,real_uci_base,8.1,4.7,45.31104759160856,50,3,47,3,60,3,43,3,45,3,245,49.0
GP,M,15,R,GT3,T,3,4,at_home,teacher,course,mother,4,2,0,no,yes,no,no,yes,yes,no,yes,5,3,3,1,1,5,2,real_uci_base,6.1,3.6,62.45821647199866,59,4,63,3,64,3,64,3,58,4,308,61.6
GP,F,15,U,GT3,T,4,4,services,at_home,course,mother,1,3,0,no,yes,no,yes,yes,yes,yes,yes,4,3,3,1,1,5,4,real_uci_base,7.4,6.2,58.9224749757962,65,4,71,4,59,4,55,4,60,3,310,62.0
GP,M,17,R,GT3,T,3,4,at_home,other,course,mother,3,2,0,no,no,no,no,yes,yes,no,no,5,4,5,2,4,5,2,real_uci_base,6.9,4.4,60.24094912209163,63,3,51,3,67,4,52,3,69,3,302,60.4
GP,F,16,R,GT3,T,1,1,at_home,other,course,mother,4,2,0,no,yes,no,no,yes,yes,no,no,5,1,3,1,1,3,0,real_uci_base,7.5,2.4,54.44457496968876,63,3,60,3,57,3,59,4,49,3,288,57.6
GP,M,18,U,LE3,T,3,1,services,services,course,mother,2,1,0,no,no,no,yes,yes,yes,yes,yes,3,3,4,4,5,4,2,real_uci_base,7.0,6.2,29.447979044933785,26,2,27,2,27,2,28,2,37,3,145,29.0
GP,F,18,U,GT3,A,3,2,other,services,course,other,1,3,0,no,yes,no,yes,no,yes,yes,yes,4,3,3,5,1,5,10,real_uci_base,5.8,4.6,44.86178129511828,27,2,37,2,36,3,50,2,34,3,184,36.8
GP,F,16,R,GT3,T,1,1,other,services,reputation,mother,2,1,0,no,yes,no,yes,yes,yes,no,yes,3,3,3,1,2,1,8,real_uci_base,6.4,4.0,27.773588681471445,7,1,26,3,10,1,17,2,27,2,87,17.4
GP,F,16,U,GT3,A,3,3,other,other,course,other,2,1,0,no,yes,no,yes,no,yes,yes,yes,4,3,2,1,1,5,4,real_uci_base,7.6,6.2,50.56925428250923,52,3,63,3,55,3,57,3,53,3,280,56.0
GP,M,16,U,LE3,T,1,1,services,other,course,mother,1,2,2,no,no,no,no,yes,yes,no,yes,4,4,4,1,3,5,0,real_uci_base,7.6,5.0,20.1131307299699,26,3,22,2,7,1,7,1,31,2,93,18.6
GP,F,15,U,GT3,T,4,4,teacher,teacher,course,mother,2,1,0,no,no,no,yes,yes,yes,yes,no,4,3,2,1,1,5,6,real_uci_base,6.9,4.8,43.33933701240542,33,3,48,2,32,3,41,2,40,4,194,38.8
GP,F,15,R,GT3,T,1,1,other,other,course,mother,3,1,1,no,no,no,yes,yes,yes,yes,yes,5,5,5,1,1,1,2,real_uci_base,8.2,5.8,23.80647194552881,26,2,10,2,6,1,24,1,27,2,93,18.6
GP,M,15,U,GT3,T,4,3,teacher,services,course,father,2,4,0,yes,yes,no,no,yes,yes,yes,no,2,2,2,1,1,3,6,real_uci_base,5.5,3.6,62.35358184325463,57,4,68,4,62,3,66,5,61,4,314,62.8
GP,F,15,U,GT3,A,3,3,services,services,home,mother,1,2,0,no,no,no,no,no,yes,no,yes,1,3,2,2,3,1,24,real_uci_base,7.3,3.1,41.568077238368765,46,3,44,2,47,2,39,4,40,2,216,43.2
GP,M,16,U,GT3,T,4,4,services,services,course,mother,1,3,0,no,yes,no,yes,yes,yes,yes,no,5,3,3,1,3,5,0,real_uci_base,6.2,5.0,60.13982272088182,54,3,57,4,57,3,62,4,64,4,294,58.8
GP,M,16,U,LE3,T,2,2,services,services,reputation,father,2,1,0,no,yes,no,yes,yes,yes,yes,no,2,3,3,2,2,2,4,real_uci_base,7.1,6.3,31.654533831976547,31,2,33,2,28,3,20,2,33,2,145,29.0
GP,F,15,U,GT3,T,4,4,teacher,services,course,mother,1,3,0,no,yes,no,yes,yes,yes,yes,no,4,2,2,1,1,5,2,real_uci_base,7.0,4.5,58.06659747938016,58,4,63,4,51,3,69,4,57,3,298,59.6
GP,F,16,U,LE3,T,1,1,at_home,at_home,course,mother,1,1,0,no,no,no,no,yes,yes,yes,no,3,4,4,3,3,1,4,real_uci_base,7.0,5.3,38.34621918127944,32,2,31,3,36,3,31,2,46,2,176,35.2
GP,M,17,U,GT3,T,2,1,other,other,home,mother,1,1,0,no,yes,no,no,yes,yes,yes,no,5,4,5,1,2,5,22,real_uci_base,7.4,7.1,30.91668840974907,36,2,44,3,31,2,31,3,25,1,167,33.4
GP,F,15,U,GT3,T,1,1,other,services,course,father,1,2,0,no,yes,no,no,yes,yes,yes,no,4,4,2,1,2,5,0,real_uci_base,8.1,5.5,52.04814992921687,63,4,61,4,50,3,44,4,59,3,277,55.4
GP,F,15,U,LE3,A,2,1,at_home,other,home,mother,2,1,0,no,yes,no,yes,yes,no,yes,yes,4,4,2,1,1,5,0,real_uci_base,7.2,6.0,38.88850788325467,36,3,41,3,34,2,36,2,43,3,190,38.0
GP,F,15,U,GT3,T,3,2,health,services,home,father,1,2,1,no,yes,no,no,yes,yes,yes,no,3,3,2,1,1,3,2,real_uci_base,7.9,5.9,44.916376456626494,64,4,56,4,45,3,43,3,36,2,244,48.8
GP,F,15,U,GT3,T,1,2,at_home,other,course,mother,1,2,0,no,yes,no,no,no,yes,yes,no,4,3,2,1,1,5,6,real_uci_base,6.5,3.8,57.82966822389639,46,3,54,4,69,4,51,3,51,3,271,54.2
GP,F,15,U,GT3,T,1,2,at_home,services,course,father,1,2,0,no,no,no,no,no,yes,no,yes,2,3,4,2,4,1,6,real_uci_base,7.7,3.6,49.08699480235671,60,3,47,3,48,4,50,3,28,3,233,46.6
GP,M,16,U,GT3,T,4,4,teacher,teacher,course,mother,1,1,0,no,yes,no,no,yes,no,yes,yes,3,3,2,2,1,5,16,real_uci_base,8.6,3.9,44.40551709070111,64,4,32,3,43,3,49,4,36,2,224,44.8
GP,M,15,U,LE3,A,2,1,services,other,course,mother,4,1,0,no,no,no,no,yes,yes,yes,no,4,5,5,2,5,5,0,real_uci_base,6.0,6.6,35.66319382213557,16,1,35,2,34,2,27,1,39,1,151,30.2
GP,M,18,U,LE3,T,1,1,other,other,course,mother,1,1,2,no,no,no,no,yes,no,yes,yes,2,3,5,2,5,4,0,real_uci_base,7.0,7.1,20.0,19,1,22,2,17,1,9,2,20,2,87,17.4
GP,M,16,U,LE3,T,2,1,at_home,other,course,mother,1,1,1,no,no,no,yes,yes,yes,no,yes,4,4,4,3,5,5,6,real_uci_base,8.1,5.8,27.75728110816837,30,2,32,2,13,1,29,3,30,3,134,26.8
GP,F,15,R,GT3,T,3,3,services,services,reputation,other,2,3,0,no,yes,yes,yes,yes,yes,yes,yes,4,2,1,2,3,3,2,real_uci_base,6.8,3.6,57.666333687108974,58,3,63,3,64,4,53,3,48,3,286,57.2
GP,M,19,U,GT3,T,3,2,services,at_home,home,mother,1,1,0,no,yes,no,no,yes,no,yes,yes,4,5,4,1,1,4,6,real_uci_base,8.0,7.3,43.47398876468765,49,3,46,1,45,3,48,3,44,4,232,46.4
GP,F,17,U,GT3,T,4,4,other,teacher,course,mother,1,1,0,yes,yes,no,no,yes,yes,no,yes,4,2,1,1,1,4,0,real_uci_base,7.0,3.2,57.51256011844505,57,3,63,4,56,3,45,3,54,3,275,55.0
GP,M,15,R,GT3,T,2,3,at_home,services,course,mother,1,2,0,yes,no,yes,yes,yes,yes,no,no,4,4,4,1,1,1,0,real_uci_base,7.5,4.0,51.589847802508295,60,3,51,3,41,3,55,4,57,2,264,52.8
GP,M,17,R,LE3,T,1,2,other,other,reputation,mother,1,1,3,no,no,no,no,yes,yes,no,no,2,2,2,3,3,5,14,real_uci_base,7.3,5.2,20.0,27,2,34,3,12,1,16,1,20,2,109,21.8
GP,F,18,R,GT3,T,1,1,at_home,other,course,mother,3,1,3,no,yes,no,yes,no,yes,no,no,5,2,5,1,5,4,6,real_uci_base,8.3,3.7,20.0,31,1,13,2,15,2,26,2,6,1,91,18.2
GP,M,16,R,GT3,T,2,2,at_home,other,course,mother,3,1,0,no,no,no,no,no,yes,no,no,4,2,2,1,2,3,4,real_uci_base,7.6,3.3,39.158373372977735,47,4,43,3,22,3,46,3,27,3,185,37.0
GP,M,16,U,GT3,T,3,3,other,services,course,father,1,2,1,no,yes,no,no,yes,yes,yes,yes,4,5,5,4,4,5,0,real_uci_base,7.7,8.0,28.84630384667713,33,3,47,2,21,2,46,2,37,3,184,36.8
GP,M,16,U,LE3,T,1,2,health,services,course,mother,2,1,2,no,no,no,no,no,yes,yes,no,4,4,5,3,5,5,0,real_uci_base,7.4,6.6,20.0,22,2,19,2,28,2,18,1,21,2,108,21.6
GP,M,17,R,LE3,T,2,1,at_home,other,course,mother,2,1,1,no,no,yes,yes,yes,no,yes,yes,3,3,2,2,2,5,8,real_uci_base,7.2,5.0,24.54327490704869,23,3,23,3,15,1,17,1,31,2,109,21.8
GP,M,17,R,GT3,T,3,2,other,other,course,mother,2,2,2,yes,yes,no,no,yes,yes,yes,yes,4,4,4,1,4,3,4,real_uci_base,7.1,6.2,32.471686785386574,34,2,33,3,36,2,21,2,32,3,156,31.2
GP,M,15,U,LE3,T,1,2,other,other,course,mother,2,1,0,no,no,no,yes,yes,yes,no,no,4,4,4,2,4,5,2,real_uci_base,7.9,4.6,43.07828249251538,49,4,53,4,52,3,44,2,46,3,244,48.8
GP,M,16,U,GT3,T,1,3,at_home,services,course,father,1,1,1,no,no,no,no,yes,no,yes,no,5,3,3,1,4,2,2,real_uci_base,7.3,6.4,21.51897471937168,13,1,34,2,12,1,16,1,10,1,85,17.0
GP,M,17,R,LE3,T,1,1,other,services,course,mother,4,2,0,no,no,no,yes,yes,no,no,yes,5,3,5,1,5,5,0,real_uci_base,7.5,3.4,54.75985350533014,56,3,40,2,59,4,56,4,52,3,263,52.6
GP,M,17,U,GT3,T,3,2,services,services,course,mother,2,1,3,no,yes,no,yes,no,no,no,no,4,5,2,1,1,2,10,real_uci_base,9.2,6.2,20.0,39,2,29,3,27,2,18,1,16,2,129,25.8
GP,M,16,U,GT3,T,2,2,other,other,course,father,1,2,0,no,no,no,no,yes,no,yes,no,4,3,5,2,4,4,0,real_uci_base,7.9,5.0,44.48682395099088,48,3,36,2,37,3,49,2,60,3,230,46.0
GP,F,16,U,GT3,T,4,2,health,services,home,father,1,2,0,no,no,no,no,yes,yes,yes,yes,4,2,3,1,1,3,0,real_uci_base,7.0,4.6,59.24114925736995,63,4,69,4,67,3,53,3,62,4,314,62.8
GP,F,16,U,GT3,T,2,2,other,other,home,mother,1,2,0,no,yes,no,no,no,yes,yes,no,5,1,5,1,1,4,0,real_uci_base,7.9,4.8,51.97101057554481,68,4,50,2,45,3,51,2,64,4,278,55.6
GP,F,16,U,GT3,T,4,4,health,health,reputation,mother,1,2,0,no,yes,no,no,yes,yes,yes,yes,4,4,2,1,1,3,0,real_uci_base,7.1,5.9,58.21602226049001,59,4,69,3,51,2,65,3,57,3,301,60.2
GP,M,16,U,GT3,T,3,4,other,other,course,father,3,1,1,no,yes,no,yes,no,yes,yes,no,3,4,5,2,4,2,4,real_uci_base,6.2,5.3,24.473009558270206,5,1,13,2,15,3,26,2,27,3,86,17.2
GP,M,16,U,GT3,T,1,0,other,other,reputation,mother,2,2,0,no,yes,no,yes,yes,yes,yes,yes,4,3,2,1,1,3,0,real_uci_base,6.6,5.3,36.20136128479254,37,2,43,3,22,3,40,3,42,3,184,36.8
GP,M,17,U,LE3,T,4,4,teacher,other,reputation,mother,1,2,0,no,yes,no,yes,yes,yes,yes,no,4,4,4,1,3,5,0,real_uci_base,6.1,8.0,46.653096862322194,43,2,67,4,43,3,50,3,40,2,243,48.6
GP,F,16,U,GT3,T,1,3,at_home,services,home,mother,1,2,0,no,no,no,yes,no,yes,yes,yes,4,3,5,1,1,3,0,real_uci_base,7.1,5.0,52.50762632235098,53,4,44,3,51,2,45,3,44,3,237,47.4
GP,F,16,U,LE3,T,3,3,other,other,reputation,mother,2,2,0,no,yes,no,yes,yes,yes,yes,no,4,4,5,1,1,4,0,real_uci_base,7.4,6.8,51.37392183831238,57,3,53,2,54,3,45,3,51,3,260,52.0
GP,M,17,U,LE3,T,4,3,teacher,other,course,mother,2,2,0,no,no,no,yes,yes,yes,yes,no,4,4,4,4,4,4,0,real_uci_base,8.6,6.0,42.39581665066464,60,4,47,3,38,3,36,1,36,3,217,43.4
GP,F,16,U,GT3,T,2,2,services,other,reputation,mother,2,2,0,no,no,no,yes,no,yes,yes,no,3,4,4,1,4,5,0,real_uci_base,7.6,6.5,44.30060562721317,52,4,54,3,43,3,50,3,53,3,252,50.4
GP,M,17,U,GT3,T,3,3,other,other,reputation,father,1,2,0,no,no,no,yes,no,yes,yes,no,4,3,4,1,4,4,4,real_uci_base,7.1,6.0,50.86576851548441,52,2,57,3,52,3,47,3,40,2,248,49.6
GP,M,16,R,GT3,T,4,2,teacher,services,other,mother,1,1,0,no,yes,no,yes,yes,yes,yes,yes,4,3,3,3,4,3,8,real_uci_base,8.1,4.8,43.14064181926477,51,4,43,3,39,2,36,2,50,3,219,43.8
GP,M,17,U,GT3,T,4,3,other,other,course,mother,1,2,0,no,yes,yes,yes,yes,yes,yes,yes,5,2,3,1,1,2,4,real_uci_base,5.7,5.5,54.34500618359529,43,4,63,3,47,3,69,4,51,3,273,54.6
GP,M,16,U,GT3,T,4,3,teacher,other,home,mother,1,2,0,no,yes,yes,yes,yes,yes,yes,no,3,4,3,2,3,3,4,real_uci_base,7.6,7.2,44.31930879727461,59,3,68,3,41,2,36,2,33,2,237,47.4
GP,M,16,U,GT3,T,3,3,services,other,home,mother,1,2,0,no,no,no,yes,yes,yes,yes,yes,4,2,3,1,2,3,0,real_uci_base,7.7,4.6,64.30030748829695,68,4,66,3,75,5,58,2,62,3,329,65.8
GP,F,17,U,GT3,T,2,4,services,services,reputation,father,1,2,0,no,yes,no,yes,yes,yes,no,no,5,4,2,2,3,5,0,real_uci_base,6.4,5.1,45.16295998067132,36,3,56,3,38,2,41,3,53,3,224,44.8
GP,F,17,U,LE3,T,3,3,other,other,reputation,mother,1,2,0,no,yes,no,yes,yes,yes,yes,yes,5,3,3,2,3,1,32,real_uci_base,8.1,4.6,46.99536178252031,54,3,35,2,48,3,50,3,58,3,245,49.0
GP,F,16,U,GT3,T,3,2,other,other,reputation,mother,1,2,0,no,yes,no,no,yes,yes,yes,no,1,2,2,1,2,1,8,real_uci_base,7.4,3.6,56.21134655775976,68,4,49,3,65,3,63,4,71,4,316,63.2
GP,M,17,U,GT3,T,3,3,services,services,other,mother,1,2,0,no,yes,no,yes,yes,yes,yes,yes,4,3,4,2,3,4,6,real_uci_base,7.0,6.4,50.36544855649337,48,2,52,3,53,3,49,3,54,3,256,51.2
GP,M,16,U,GT3,T,1,2,services,services,other,mother,1,1,0,no,yes,no,yes,yes,yes,yes,yes,3,3,3,1,2,3,0,real_uci_base,8.0,6.5,41.38485463761101,42,3,58,3,47,2,51,3,48,3,246,49.2
GP,M,16,U,LE3,T,2,1,other,other,course,mother,1,2,0,no,no,no,yes,yes,yes,yes,yes,4,2,3,1,2,5,0,real_uci_base,8.8,5.1,47.45021772002213,71,4,43,3,49,3,58,4,39,2,260,52.0
GP,F,17,U,GT3,A,3,3,health,other,reputation,mother,1,2,0,no,yes,no,no,no,yes,yes,yes,3,3,3,1,3,3,10,real_uci_base,7.4,5.3,54.77652590627754,66,4,54,4,65,4,54,3,64,4,303,60.6
GP,M,17,R,GT3,T,1,2,at_home,other,home,mother,1,2,0,no,no,no,no,yes,yes,no,no,3,1,3,1,5,3,6,real_uci_base,7.3,3.4,37.89215044842997,46,3,29,2,32,2,33,2,47,3,187,37.4
GP,F,16,U,GT3,T,2,3,services,services,course,mother,1,2,0,no,no,no,no,yes,yes,yes,no,4,3,3,1,1,2,6,real_uci_base,7.0,4.3,47.539254437722136,48,3,38,2,37,2,39,2,39,3,201,40.2
GP,F,17,U,GT3,T,1,1,at_home,services,course,mother,1,2,0,no,no,no,yes,yes,yes,yes,no,5,3,3,1,1,3,0,real_uci_base,6.7,6.1,46.38465340704967,44,3,52,2,47,3,48,3,46,3,237,47.4
GP,M,17,U,GT3,T,1,2,at_home,services,other,other,2,2,0,no,no,no,yes,no,yes,yes,no,4,4,4,4,5,5,16,real_uci_base,8.0,7.2,42.66592254507199,58,4,57,3,52,4,39,3,39,2,245,49.0
GP,M,16,R,GT3,T,3,3,services,services,reputation,mother,1,1,0,no,yes,no,yes,yes,yes,yes,no,4,3,2,3,4,5,0,real_uci_base,7.0,4.5,47.17860581624537,38,2,47,2,52,3,57,3,36,3,230,46.0
GP,M,16,U,GT3,T,2,3,other,other,home,father,2,1,0,no,no,no,no,yes,yes,yes,no,5,3,3,1,1,3,0,real_uci_base,7.6,4.9,45.87172544893853,47,3,41,1,42,4,51,3,48,2,229,45.8
GP,F,17,U,LE3,T,2,4,services,services,course,father,1,2,0,no,no,no,yes,yes,yes,yes,yes,4,3,2,1,1,5,8,real_uci_base,7.0,5.4,50.21815376769057,48,3,59,4,50,3,48,3,46,2,251,50.2
GP,M,17,U,GT3,T,4,4,services,teacher,home,mother,1,1,0,no,no,no,no,yes,yes,yes,no,5,2,3,1,2,5,4,real_uci_base,7.8,4.8,50.37406113542223,51,3,49,3,57,4,47,3,58,4,262,52.4
GP,M,16,R,LE3,T,3,3,teacher,other,home,father,3,1,0,no,yes,no,yes,yes,yes,yes,no,3,3,4,3,5,3,16,real_uci_base,7.8,5.6,31.5612660465988,34,3,33,3,27,2,29,2,34,3,157,31.4
GP,F,17,U,GT3,T,4,4,services,teacher,home,mother,2,1,1,no,yes,no,no,yes,yes,yes,no,4,2,4,2,3,2,30,real_uci_base,8.2,7.2,32.31333735134067,47,3,44,2,42,3,34,1,34,3,201,40.2
GP,F,16,U,LE3,T,4,4,teacher,teacher,reputation,mother,1,2,0,no,yes,no,no,yes,yes,yes,no,4,5,2,1,2,3,0,real_uci_base,7.1,5.7,48.559541224418965,50,2,46,3,38,3,54,4,60,3,248,49.6
GP,F,16,U,GT3,T,4,3,health,other,home,mother,1,2,0,no,yes,no,yes,yes,yes,yes,no,4,3,5,1,5,2,2,real_uci_base,7.1,5.8,60.36268513440625,64,3,58,3,73,4,62,4,46,3,303,60.6
GP,F,16,U,GT3,T,2,3,other,other,reputation,mother,1,2,0,yes,yes,no,yes,yes,yes,no,no,4,4,3,1,3,4,4,real_uci_base,6.7,4.1,56.33937814110774,52,2,55,3,65,3,56,3,61,4,289,57.8
GP,F,17,U,GT3,T,1,1,other,other,course,mother,1,2,0,no,yes,no,no,no,yes,no,no,4,4,4,1,3,1,0,real_uci_base,7.1,5.9,52.77517002362218,54,3,61,3,61,3,60,3,66,4,302,60.4
GP,F,17,R,GT3,T,2,2,other,other,reputation,mother,1,1,0,no,yes,no,no,yes,yes,yes,no,5,3,2,1,2,3,21,real_uci_base,7.8,5.1,37.94236292784845,39,2,44,4,42,2,39,3,29,2,193,38.6
GP,F,16,R,GT3,T,2,2,services,services,reputation,mother,2,4,0,no,yes,no,yes,no,yes,yes,no,5,3,5,1,1,5,6,real_uci_base,7.3,5.6,62.87035568552534,74,4,66,3,58,2,66,4,83,4,347,69.4
GP,F,17,U,GT3,T,3,4,at_home,services,home,mother,1,3,1,no,yes,yes,no,yes,yes,yes,yes,4,4,3,3,4,5,14,real_uci_base,6.5,7.2,29.091089112851726,27,2,32,3,19,2,25,2,28,2,131,26.2
GP,F,16,U,GT3,A,3,1,services,other,course,mother,1,2,0,no,yes,no,no,yes,yes,yes,no,2,3,3,2,2,4,2,real_uci_base,7.9,6.4,43.38202555759919,54,4,57,3,41,2,43,3,36,2,231,46.2
GP,F,16,U,GT3,T,4,3,teacher,other,other,mother,1,2,0,no,no,no,yes,yes,yes,yes,yes,1,3,2,1,1,1,4,real_uci_base,8.2,4.4,57.44192908585891,73,5,50,3,64,4,66,3,49,2,302,60.4
GP,F,16,U,GT3,T,1,1,at_home,other,home,mother,2,1,0,no,yes,no,no,yes,yes,no,no,4,3,2,1,4,5,2,real_uci_base,7.8,2.2,54.41637837068838,59,4,39,3,63,4,56,3,52,3,269,53.8
GP,F,17,R,GT3,T,4,3,teacher,other,reputation,mother,2,3,0,no,yes,no,yes,yes,yes,yes,yes,4,4,2,1,1,4,0,real_uci_base,8.5,6.5,55.40705909918529,73,4,64,4,54,3,56,4,49,3,296,59.2
GP,F,19,U,GT3,T,3,3,other,other,reputation,other,1,4,0,no,yes,no,yes,yes,yes,yes,no,4,3,3,1,2,3,4,real_uci_base,6.3,5.7,59.99696437808841,72,4,59,4,55,3,53,3,57,4,296,59.2
GP,M,17,U,LE3,T,4,4,services,other,home,mother,1,2,0,no,yes,no,no,yes,yes,yes,yes,5,3,5,4,5,3,15,real_uci_base,6.4,7.0,40.09220467860487,37,2,43,3,35,3,43,3,41,2,199,39.8
GP,F,16,U,GT3,A,2,2,other,other,reputation,mother,1,2,0,yes,yes,no,no,yes,yes,yes,no,3,3,4,1,1,4,0,real_uci_base,6.1,4.1,42.49526478684509,33,2,33,2,35,3,46,2,45,3,192,38.4
GP,M,18,U,GT3,T,2,2,services,other,home,mother,1,2,0,no,yes,no,yes,yes,yes,yes,no,4,4,4,2,4,5,10,real_uci_base,8.4,7.5,44.7480954505504,59,3,48,3,48,3,44,4,43,3,242,48.4
GP,F,17,R,LE3,T,4,4,services,other,other,mother,1,1,0,no,yes,no,no,yes,yes,no,no,5,2,1,1,2,3,6,real_uci_base,7.9,2.1,54.02605800954434,59,4,48,4,52,4,58,2,43,2,260,52.0
GP,F,17,U,LE3,T,3,2,other,other,reputation,mother,2,2,0,no,no,no,no,yes,yes,yes,no,4,4,4,1,3,1,2,real_uci_base,7.4,7.1,47.34765789293786,49,4,64,4,46,3,53,3,48,3,260,52.0
GP,F,17,U,GT3,T,4,3,other,other,reputation,mother,1,2,0,no,no,no,no,yes,yes,yes,yes,3,4,5,2,4,1,16,real_uci_base,7.6,6.9,40.16830376852874,47,3,38,3,36,2,29,1,31,2,181,36.2
GP,M,18,U,LE3,T,3,3,services,health,home,father,1,2,0,no,yes,no,no,yes,yes,yes,no,3,2,4,2,4,4,10,real_uci_base,6.4,5.0,39.46396896568196,26,1,35,3,34,2,46,2,37,2,178,35.6
GP,F,17,U,GT3,T,2,3,at_home,other,home,father,2,1,0,no,yes,no,no,yes,yes,no,no,3,3,3,1,4,3,4,real_uci_base,9.3,4.1,42.62773008711667,57,3,31,3,43,3,43,3,39,3,213,42.6
GP,F,17,U,GT3,T,2,2,at_home,at_home,course,mother,1,3,0,no,yes,no,yes,yes,yes,yes,no,4,3,3,1,1,4,0,real_uci_base,7.1,6.1,55.97634252859186,59,3,64,4,53,3,62,4,60,3,298,59.6
GP,F,17,R,GT3,T,2,1,at_home,services,reputation,mother,2,2,0,no,yes,no,yes,yes,yes,yes,no,4,2,5,1,2,5,0,real_uci_base,7.3,6.0,47.018852706328005,52,3,53,3,44,3,44,2,59,4,252,50.4
GP,F,17,U,GT3,T,1,1,at_home,other,reputation,mother,1,3,0,no,yes,no,yes,yes,yes,no,yes,4,3,4,1,1,5,12,real_uci_base,7.6,5.3,47.78923026991795,57,3,59,3,42,3,53,3,36,3,247,49.4
GP,F,16,U,GT3,T,2,3,services,teacher,other,mother,1,2,0,yes,no,no,no,yes,yes,yes,no,2,3,1,1,1,3,0,real_uci_base,7.6,6.1,52.93714802469773,66,4,70,4,58,3,50,3,60,4,304,60.8
GP,M,18,U,GT3,T,2,2,other,other,home,mother,2,2,3,no,yes,yes,no,yes,yes,yes,no,3,3,3,5,5,4,9,real_uci_base,7.5,4.6,23.19170361095371,22,1,19,1,34,3,35,3,27,4,137,27.4
GP,F,16,U,GT3,T,4,4,teacher,services,home,mother,1,3,0,no,yes,no,yes,no,yes,yes,no,5,3,2,1,1,5,4,real_uci_base,6.5,6.2,62.32932339703477,58,3,88,4,72,4,64,4,72,5,354,70.8
GP,F,18,R,GT3,T,3,1,other,other,reputation,mother,1,2,0,no,no,no,yes,yes,yes,yes,yes,5,3,3,1,1,4,4,real_uci_base,7.6,6.0,58.57670928946677,71,4,69,3,65,4,74,4,58,4,337,67.4
GP,F,17,U,GT3,T,3,2,other,other,course,mother,1,2,0,no,no,no,yes,no,yes,yes,no,5,3,4,1,3,3,2,real_uci_base,8.6,5.3,44.91866844907923,63,3,40,4,34,2,39,2,43,2,219,43.8
GP,M,17,U,LE3,T,2,3,services,services,reputation,father,1,2,0,no,yes,no,no,no,yes,yes,no,5,3,3,1,3,3,0,real_uci_base,8.2,4.5,57.44656863576262,75,4,45,3,69,3,54,3,57,3,300,60.0
GP,M,18,U,LE3,T,2,1,at_home,other,course,mother,4,2,0,yes,yes,no,yes,yes,yes,yes,yes,4,3,2,4,5,3,2,real_uci_base,8.4,5.3,36.675790086173606,61,3,37,3,32,2,35,2,41,3,206,41.2
GP,F,17,U,GT3,A,2,1,other,other,course,mother,2,3,0,no,no,no,yes,yes,yes,yes,yes,3,2,3,1,2,3,0,real_uci_base,6.6,5.8,43.49845043480859,41,4,51,2,39,3,38,2,40,2,209,41.8
GP,F,17,U,LE3,T,4,3,health,other,reputation,father,1,2,0,no,no,no,yes,yes,yes,yes,yes,3,2,3,1,2,3,0,real_uci_base,6.5,5.0,49.113771555245776,44,2,53,2,47,4,30,2,48,3,222,44.4
GP,M,17,R,GT3,T,2,2,other,other,course,father,2,2,0,no,yes,no,yes,yes,yes,yes,no,4,5,2,1,1,1,0,real_uci_base,7.4,7.4,56.83139600648144,58,3,66,3,66,3,66,4,50,2,306,61.2
GP,M,17,U,GT3,T,4,4,teacher,teacher,reputation,mother,1,2,0,yes,yes,no,yes,yes,yes,yes,yes,4,5,5,1,3,2,0,real_uci_base,7.5,6.2,61.39009497201788,57,3,54,4,69,4,66,4,73,4,319,63.8
GP,M,16,U,GT3,T,4,4,health,other,reputation,father,1,2,0,no,yes,no,yes,yes,yes,yes,no,4,2,4,2,4,1,0,real_uci_base,8.0,5.2,57.7980283323264,68,3,64,4,55,3,56,3,48,3,291,58.2
GP,M,16,U,LE3,T,1,1,other,other,home,mother,2,2,0,no,yes,no,no,yes,yes,yes,no,3,4,2,1,1,5,2,real_uci_base,6.2,4.4,37.58379664066042,31,2,31,3,30,2,33,3,44,3,169,33.8
GP,M,16,U,GT3,T,3,2,at_home,other,reputation,mother,2,3,0,no,no,no,yes,yes,yes,yes,yes,5,3,3,1,3,2,0,real_uci_base,8.1,5.6,59.59231609167238,78,4,63,4,53,3,53,2,62,3,309,61.8
GP,M,17,U,LE3,T,2,2,other,other,home,father,1,2,0,no,no,no,yes,no,yes,yes,yes,4,4,2,5,5,4,0,real_uci_base,7.3,6.4,43.44020005341041,48,3,57,3,45,2,44,2,41,2,235,47.0
GP,F,16,U,GT3,T,2,1,other,other,home,mother,1,1,0,no,no,no,no,yes,yes,yes,yes,4,5,2,1,1,5,4,real_uci_base,7.5,5.6,45.12321737747159,42,3,36,3,43,3,51,3,50,4,222,44.4
GP,F,16,U,GT3,A,4,1,other,other,home,mother,1,2,0,no,no,no,yes,yes,yes,yes,yes,5,3,3,1,2,5,0,real_uci_base,6.6,3.2,45.97723849911553,38,2,29,2,36,1,44,4,44,3,191,38.2
GP,F,18,U,LE3,A,2,4,services,other,course,mother,2,2,1,no,yes,no,no,yes,yes,yes,no,4,3,3,1,1,3,18,real_uci_base,6.1,6.1,30.22809291188076,25,2,34,3,26,2,15,2,25,2,125,25.0
GP,F,18,U,LE3,T,2,2,at_home,services,course,mother,1,2,1,no,yes,no,no,no,yes,yes,yes,5,3,1,1,1,5,16,real_uci_base,7.9,5.4,40.2455334151077,48,4,46,3,42,2,39,3,49,3,224,44.8
GP,F,18,U,GT3,T,3,3,other,other,course,mother,2,1,1,no,no,no,no,yes,no,yes,no,4,1,1,1,1,3,14,real_uci_base,7.4,4.4,40.69774545710314,44,3,46,2,45,2,36,3,47,3,218,43.6
GP,M,18,U,GT3,T,2,2,other,at_home,course,other,1,1,1,no,yes,no,yes,no,no,yes,yes,4,4,3,2,2,1,26,real_uci_base,6.7,7.4,20.0,12,1,33,2,4,2,15,3,17,2,81,16.2
GP,M,17,U,GT3,T,4,4,teacher,teacher,course,mother,1,1,0,no,yes,no,yes,no,yes,yes,no,4,2,1,1,2,5,6,real_uci_base,6.5,3.4,50.05725614712085,47,3,44,2,48,3,62,3,52,3,253,50.6
GP,F,17,U,GT3,T,3,2,other,other,course,father,1,2,0,no,no,no,yes,yes,yes,no,no,5,4,2,1,1,3,4,real_uci_base,7.2,5.0,55.75829261927371,60,3,62,4,60,3,64,4,45,3,291,58.2
GP,F,17,U,LE3,T,1,1,at_home,at_home,course,mother,1,3,0,no,yes,no,yes,yes,yes,yes,yes,4,3,2,1,2,4,10,real_uci_base,8.2,6.2,55.73767193109728,68,4,67,4,65,3,52,4,55,4,307,61.4
GP,F,16,U,GT3,T,1,2,other,other,course,mother,1,1,0,no,no,no,no,yes,no,yes,no,5,3,5,1,2,5,4,real_uci_base,7.4,4.7,49.89714550542462,45,2,37,1,49,3,58,4,53,3,242,48.4
GP,F,17,R,GT3,T,2,1,at_home,services,course,mother,3,2,0,no,no,no,yes,yes,yes,no,no,2,1,1,1,1,3,2,real_uci_base,6.0,2.9,52.47542791285284,46,3,61,4,50,3,43,4,58,3,258,51.6
GP,F,17,R,LE3,A,1,4,other,other,course,other,4,1,1,no,yes,no,no,yes,yes,yes,no,5,5,4,1,1,5,14,real_uci_base,7.6,6.6,29.22035695978839,28,3,25,2,22,2,31,2,9,1,115,23.0
GP,M,18,U,GT3,T,2,2,other,services,reputation,father,1,2,0,no,no,no,no,yes,no,yes,no,5,5,4,3,5,2,16,real_uci_base,7.3,7.2,26.241987177260157,25,2,32,2,19,3,28,2,30,2,134,26.8
GP,F,17,U,LE3,A,2,2,other,other,home,mother,1,1,1,no,yes,no,no,no,no,yes,no,3,1,2,1,1,1,8,real_uci_base,5.5,4.5,28.09168345763159,12,1,32,3,31,1,22,2,35,3,132,26.4
GP,F,17,R,LE3,T,1,1,at_home,other,course,mother,2,3,0,no,no,no,yes,yes,yes,yes,no,4,3,3,1,3,5,4,real_uci_base,7.0,5.2,57.64979095125137,62,4,57,3,60,3,52,3,48,2,279,55.8
GP,F,17,U,LE3,A,4,2,teacher,other,course,mother,1,2,0,no,yes,no,yes,yes,yes,no,no,4,3,2,1,1,4,4,real_uci_base,7.1,3.5,65.7107271651466,67,4,66,4,75,4,63,4,68,4,339,67.8
GP,M,17,U,LE3,T,4,3,health,other,course,mother,2,2,0,no,no,no,yes,yes,yes,yes,yes,2,5,5,1,4,5,8,real_uci_base,8.0,7.4,50.14329461378671,62,3,50,3,62,4,46,4,54,3,274,54.8
GP,M,17,R,LE3,A,4,4,teacher,other,course,mother,2,2,0,no,yes,no,no,yes,yes,yes,no,3,3,3,2,3,4,0,real_uci_base,8.6,4.7,58.0160449368104,74,4,56,2,62,4,62,3,56,3,310,62.0
GP,M,16,U,LE3,T,4,3,teacher,other,course,mother,1,1,0,no,no,no,yes,no,yes,yes,no,5,4,5,1,1,3,7,real_uci_base,8.4,5.7,52.7178378903158,70,3,47,2,61,4,53,3,31,2,262,52.4
GP,M,16,U,GT3,T,4,4,services,services,course,mother,1,1,0,no,no,yes,yes,yes,yes,yes,no,5,3,2,1,2,5,4,real_uci_base,7.4,5.4,48.64328751943531,45,3,53,4,49,3,45,3,54,3,246,49.2
GP,F,17,U,GT3,T,4,4,teacher,services,course,mother,1,2,0,no,yes,yes,no,yes,yes,yes,yes,5,3,1,1,4,5,2,real_uci_base,6.5,3.9,56.04963823867829,53,4,53,3,52,3,53,3,56,3,267,53.4
GP,M,17,R,GT3,T,1,1,other,other,home,father,2,3,0,no,no,no,no,no,yes,yes,yes,4,3,3,1,1,1,2,real_uci_base,8.9,6.1,63.48441715495798,94,5,75,4,73,5,70,3,66,4,378,75.6
GP,F,17,U,GT3,T,3,3,services,other,home,mother,2,3,0,no,yes,no,no,yes,yes,yes,yes,4,2,2,2,3,5,10,real_uci_base,7.0,5.1,48.56465196524874,48,2,61,2,43,3,50,3,51,2,253,50.6
GP,F,17,U,GT3,T,1,1,at_home,other,course,mother,1,2,0,yes,no,no,no,no,yes,no,yes,4,3,2,1,1,4,10,real_uci_base,7.3,2.6,60.75867274425911,62,3,56,3,71,4,58,4,53,3,300,60.0
GP,F,18,U,GT3,T,2,1,other,other,course,other,2,3,0,no,yes,no,no,no,yes,yes,yes,4,4,4,1,1,3,10,real_uci_base,7.1,6.3,49.477831073047646,58,3,51,3,51,4,52,4,53,3,265,53.0
GP,M,16,U,GT3,T,2,1,other,other,course,mother,3,1,0,no,no,no,no,yes,yes,yes,no,4,3,3,1,1,4,7,real_uci_base,7.7,6.3,50.06259265457047,58,4,55,3,60,4,54,3,55,3,282,56.4
GP,F,17,U,GT3,T,1,1,other,services,course,father,1,2,0,no,yes,no,no,yes,yes,no,no,4,3,4,1,2,5,4,real_uci_base,7.2,4.0,41.05910994301476,42,3,47,4,21,3,35,2,28,2,173,34.6
GP,M,17,U,GT3,T,2,3,other,other,course,father,2,1,0,no,no,no,no,yes,yes,yes,no,5,2,2,1,1,2,2,real_uci_base,7.0,4.3,53.97542520698789,48,3,47,4,52,3,64,4,58,3,269,53.8
GP,M,22,U,GT3,T,3,1,services,services,other,mother,1,1,3,no,no,no,no,no,no,yes,yes,5,4,5,5,5,1,12,real_uci_base,7.3,8.0,20.0,21,2,29,2,7,1,17,1,15,2,89,17.8
GP,M,18,R,LE3,T,3,3,other,services,course,mother,1,2,0,no,yes,no,no,yes,yes,yes,yes,4,3,3,1,3,5,8,real_uci_base,7.3,6.5,39.95839684845487,47,3,50,3,32,2,33,2,42,3,204,40.8
GP,M,16,U,GT3,T,0,2,other,other,other,mother,1,1,0,no,no,no,no,no,yes,yes,no,4,3,2,2,4,5,0,real_uci_base,7.2,4.7,41.55120425446568,34,2,37,2,44,3,57,2,37,2,209,41.8
GP,M,18,U,GT3,T,3,2,services,other,course,mother,2,1,0,no,no,no,no,yes,no,yes,no,4,4,5,2,4,5,8,real_uci_base,7.2,6.7,43.99683073157581,35,3,41,4,51,3,31,3,41,3,199,39.8
GP,M,16,U,GT3,T,3,3,at_home,other,reputation,other,3,2,1,yes,yes,no,no,no,yes,yes,no,5,3,3,1,3,2,4,real_uci_base,7.4,6.4,37.91035136843902,43,3,51,4,29,3,31,2,36,2,190,38.0
GP,M,18,U,GT3,T,2,1,services,services,other,mother,1,1,2,no,no,no,no,no,no,yes,no,3,2,5,2,5,5,4,real_uci_base,7.3,7.6,20.0,22,2,39,3,14,2,16,2,24,2,115,23.0
GP,M,16,R,GT3,T,2,1,other,other,course,mother,2,1,0,no,no,no,yes,no,yes,no,no,3,3,2,1,3,3,2,real_uci_base,8.6,4.5,42.14893141399027,54,3,48,3,44,3,47,3,37,3,230,46.0
GP,M,17,R,GT3,T,2,1,other,other,course,mother,1,1,0,no,no,no,no,no,yes,yes,no,4,4,2,2,4,5,0,real_uci_base,5.8,5.8,35.73538802733692,19,1,37,3,30,2,51,3,35,2,172,34.4
GP,M,17,U,LE3,T,1,1,health,other,course,mother,2,1,1,no,yes,no,yes,yes,yes,yes,no,4,4,4,1,2,5,0,real_uci_base,8.4,5.9,36.96991776532698,44,3,23,2,34,4,42,2,32,2,175,35.0
GP,F,18,U,LE3,A,2,1,other,other,course,mother,1,2,0,no,yes,no,no,no,yes,yes,yes,4,3,4,1,3,5,2,real_uci_base,8.2,5.6,54.917567428186935,59,3,59,4,61,3,62,3,63,4,304,60.8
GP,F,17,U,LE3,T,4,2,teacher,services,reputation,mother,1,4,0,no,yes,no,yes,yes,yes,yes,no,4,2,3,1,1,4,2,real_uci_base,5.2,5.5,61.44350891236504,49,3,67,3,68,3,62,3,59,3,305,61.0
GP,F,19,U,GT3,T,2,2,services,services,home,mother,1,2,0,no,yes,no,no,yes,yes,yes,no,4,3,3,1,1,5,0,real_uci_base,7.1,6.5,61.68301988876557,62,4,69,4,80,3,55,3,71,4,337,67.4
GP,M,18,U,LE3,T,2,1,services,other,course,mother,3,2,1,no,no,no,yes,no,no,yes,no,4,4,5,4,4,5,4,real_uci_base,7.1,8.0,29.89540846721175,29,2,42,2,33,2,24,2,25,2,153,30.6
GP,F,17,R,GT3,T,4,2,other,other,course,mother,1,3,0,no,yes,no,yes,yes,yes,yes,no,4,3,4,1,3,5,2,real_uci_base,6.1,6.5,51.77144096395861,40,3,60,4,47,3,66,4,46,3,259,51.8
GP,F,18,U,LE3,T,1,1,other,at_home,home,mother,1,3,0,no,yes,no,no,no,yes,no,no,4,4,3,2,3,3,4,real_uci_base,6.6,4.0,41.93059584538304,33,2,39,3,36,2,38,3,38,2,184,36.8
GP,F,18,R,GT3,T,2,2,other,other,home,mother,1,2,0,yes,no,no,no,yes,yes,no,no,3,2,3,1,1,5,4,real_uci_base,6.4,5.0,46.82404287810299,39,3,64,4,43,2,44,3,50,3,240,48.0
GP,M,19,U,LE3,A,4,3,services,at_home,reputation,mother,1,2,0,no,yes,no,no,yes,yes,yes,no,4,3,1,1,1,1,4,real_uci_base,8.5,4.6,55.85167832753319,76,4,53,4,51,3,65,3,62,3,307,61.4
GP,M,18,U,GT3,T,2,1,other,other,home,mother,1,2,0,no,no,no,yes,yes,yes,yes,no,5,2,4,1,2,4,2,real_uci_base,7.9,5.5,58.11182877768882,74,4,61,4,55,3,50,3,70,4,310,62.0
GP,M,17,R,GT3,T,2,2,other,services,other,mother,2,1,0,no,no,no,no,no,no,no,no,5,2,2,1,1,4,0,real_uci_base,8.3,3.7,55.36490174440113,72,4,60,3,59,3,52,3,63,3,306,61.2
GP,F,17,U,LE3,T,2,2,services,services,course,father,1,4,0,no,no,no,yes,yes,yes,yes,yes,3,4,1,1,1,2,2,real_uci_base,7.4,6.9,53.2037852702043,62,3,77,5,44,3,53,3,59,3,295,59.0
GP,F,20,R,GT3,T,2,1,other,other,course,other,2,2,0,no,yes,yes,yes,yes,no,yes,yes,1,2,3,1,2,2,8,real_uci_base,6.4,8.0,36.73352631846622,26,2,60,3,38,3,49,3,26,3,199,39.8
GP,F,18,U,GT3,T,4,3,services,other,home,father,1,2,0,no,yes,no,no,yes,yes,yes,yes,3,1,2,1,3,2,2,real_uci_base,6.7,5.0,56.07918703037433,57,3,68,4,51,3,54,3,49,3,279,55.8
GP,M,18,U,GT3,T,4,3,teacher,other,course,mother,1,2,0,no,yes,no,no,no,yes,yes,no,4,3,2,1,1,3,2,real_uci_base,7.6,5.4,66.648188156327,76,4,73,4,76,5,64,4,55,3,344,68.8
GP,M,18,R,GT3,T,3,2,other,other,course,mother,1,3,0,no,no,no,yes,no,yes,no,no,5,3,2,1,1,3,2,real_uci_base,6.2,4.7,65.06502380448435,61,4,78,4,61,4,63,3,65,5,328,65.6
GP,F,17,U,GT3,T,3,3,other,other,home,mother,1,3,0,no,no,no,yes,no,yes,no,no,3,2,3,1,1,4,2,real_uci_base,7.4,4.6,65.98507992586887,68,3,74,4,75,4,73,4,62,4,352,70.4
GP,F,18,U,GT3,T,2,2,at_home,services,home,mother,1,3,0,no,yes,no,yes,yes,yes,yes,yes,4,3,3,1,1,3,0,real_uci_base,6.9,5.6,58.03051596769098,57,3,60,4,60,3,61,4,66,3,304,60.8
GP,M,17,U,GT3,T,2,2,other,other,home,father,2,1,0,no,no,no,no,yes,no,yes,no,4,4,4,2,3,4,8,real_uci_base,7.4,7.9,38.309872032540696,37,3,53,3,40,2,43,3,33,2,206,41.2
GP,M,18,R,LE3,A,3,4,other,other,reputation,mother,2,2,0,no,yes,no,yes,yes,yes,yes,no,4,2,5,3,4,1,6,real_uci_base,7.7,6.4,55.82702940423695,66,4,55,2,66,3,48,3,54,3,289,57.8
GP,M,17,U,GT3,T,3,1,services,other,other,mother,1,2,0,no,no,no,yes,yes,yes,yes,yes,5,4,4,3,4,5,0,real_uci_base,7.7,6.9,38.8333356151221,48,3,52,3,27,2,42,3,42,3,211,42.2
GP,F,18,R,GT3,T,4,4,teacher,other,reputation,mother,2,2,0,no,no,no,yes,yes,yes,yes,no,4,3,4,2,2,4,8,real_uci_base,7.0,6.8,48.06336403669826,49,3,56,3,46,3,52,3,32,3,235,47.0
GP,M,18,U,GT3,T,4,2,health,other,reputation,father,1,2,0,no,yes,no,yes,yes,yes,yes,yes,5,4,5,1,3,5,4,real_uci_base,8.2,7.5,46.36458750746256,60,3,53,4,45,3,52,3,63,4,273,54.6
GP,F,18,R,GT3,T,2,1,other,other,reputation,mother,2,2,0,no,yes,no,no,yes,no,yes,yes,4,3,5,1,2,3,12,real_uci_base,6.5,7.4,42.20491871235674,37,2,49,3,32,2,40,2,37,3,195,39.0
GP,F,19,U,GT3,T,3,3,other,services,home,other,1,2,0,no,yes,no,yes,yes,yes,yes,no,4,3,5,3,3,5,16,real_uci_base,7.7,6.5,51.23133305390473,62,3,45,4,57,4,55,4,35,3,254,50.8
GP,F,18,U,GT3,T,2,3,other,services,reputation,father,1,4,0,no,yes,no,yes,yes,yes,yes,yes,4,5,5,1,3,2,10,real_uci_base,7.4,7.3,53.37815427967356,65,4,53,4,50,3,70,4,58,4,296,59.2
GP,F,18,U,LE3,T,1,1,other,other,home,mother,2,2,0,no,yes,no,no,no,yes,no,no,4,4,3,1,1,3,2,real_uci_base,7.2,4.3,36.618173795183374,37,2,33,3,21,1,41,3,39,3,171,34.2
GP,M,17,R,GT3,T,1,2,at_home,at_home,home,mother,1,2,0,no,yes,no,yes,no,yes,no,yes,3,5,2,2,2,1,2,real_uci_base,7.7,5.4,45.35667552985319,50,3,54,3,49,3,45,3,38,3,236,47.2
GP,F,18,U,GT3,T,2,1,other,other,home,mother,1,2,0,no,yes,no,no,yes,yes,yes,yes,4,2,5,1,2,1,8,real_uci_base,6.3,6.8,47.59084239210444,41,2,57,4,49,4,37,3,57,2,241,48.2
GP,F,17,U,GT3,T,2,4,at_home,health,reputation,mother,2,2,0,no,yes,no,no,yes,yes,yes,yes,4,3,3,1,1,1,6,real_uci_base,7.9,6.0,57.27577941769928,70,4,65,5,58,3,50,3,59,3,302,60.4
GP,F,17,U,LE3,T,2,2,services,other,course,mother,2,2,0,yes,yes,no,no,yes,yes,yes,yes,4,4,4,2,3,5,6,real_uci_base,7.3,7.8,45.279117486863456,48,3,59,3,40,2,44,3,46,3,237,47.4
GP,F,18,R,GT3,A,3,2,other,services,home,mother,2,2,0,no,no,no,no,no,no,yes,yes,4,1,1,1,1,5,15,real_uci_base,6.7,4.1,47.69004018875312,48,3,53,4,52,3,48,2,51,3,252,50.4
GP,M,18,U,GT3,T,4,4,teacher,services,home,mother,2,1,0,no,no,no,yes,yes,yes,yes,no,3,2,4,1,4,3,6,real_uci_base,8.2,6.3,37.48581558268128,53,3,50,3,29,2,34,2,39,3,205,41.0
GP,F,18,U,GT3,T,4,4,health,health,reputation,father,1,2,1,yes,yes,no,yes,yes,yes,yes,yes,2,4,4,1,1,4,2,real_uci_base,6.9,5.9,47.421765929746805,46,3,46,2,49,3,41,2,60,4,242,48.4
GP,F,17,U,GT3,T,2,2,other,services,reputation,father,3,3,0,no,yes,no,no,yes,yes,yes,yes,4,2,3,1,1,1,8,real_uci_base,6.0,4.8,48.65430913979225,39,2,54,3,43,3,32,2,40,2,208,41.6
GP,F,19,R,GT3,T,3,2,services,services,reputation,father,1,2,1,yes,yes,no,no,yes,no,yes,no,3,3,3,4,3,3,0,real_uci_base,6.2,6.8,45.86458040028273,40,2,55,4,62,4,42,3,45,3,244,48.8
GP,M,18,U,LE3,T,4,3,teacher,services,course,mother,2,1,0,no,no,no,yes,yes,yes,yes,no,4,2,3,1,2,1,0,real_uci_base,7.9,6.1,53.99304325012709,55,3,55,4,59,4,57,2,56,3,282,56.4
GP,M,18,U,GT3,T,1,2,at_home,other,home,other,2,1,0,no,no,no,no,no,no,yes,no,3,4,4,2,4,4,10,real_uci_base,6.8,6.6,28.336110184676297,15,2,24,1,35,2,18,3,33,3,125,25.0
GP,M,17,U,LE3,A,4,1,services,other,home,mother,2,1,0,no,no,no,yes,yes,yes,yes,yes,4,5,4,2,4,5,22,real_uci_base,9.0,6.9,27.81168851566823,45,2,31,2,26,2,35,2,30,2,167,33.4
GP,M,17,U,LE3,A,3,2,teacher,services,home,mother,1,1,0,no,no,no,no,yes,yes,yes,no,4,4,4,3,4,3,18,real_uci_base,6.2,5.3,32.20233476031847,19,2,23,2,30,2,40,3,24,3,136,27.2
GP,F,18,R,LE3,T,1,1,at_home,other,reputation,mother,2,4,0,no,yes,no,yes,yes,yes,no,no,5,2,2,1,1,3,2,real_uci_base,7.9,3.5,66.21298846786951,81,5,71,3,63,4,73,5,63,4,351,70.2
GP,F,18,U,GT3,T,1,1,other,other,home,mother,2,2,0,yes,no,no,yes,yes,yes,yes,no,5,4,4,1,1,4,0,real_uci_base,7.5,7.5,54.95100265317973,58,3,71,3,60,4,68,3,55,3,312,62.4
GP,F,17,U,GT3,T,2,2,other,other,course,mother,1,2,0,no,yes,no,no,no,yes,yes,no,5,4,5,1,2,5,12,real_uci_base,7.3,7.4,46.04849701846428,46,3,56,3,41,3,48,3,55,3,246,49.2
GP,F,18,U,GT3,T,2,1,other,other,reputation,mother,2,2,0,no,no,no,yes,yes,yes,yes,yes,4,3,1,1,1,5,10,real_uci_base,6.9,5.5,41.96020956654883,39,2,54,3,38,2,48,3,40,3,219,43.8
GP,M,17,U,GT3,T,1,1,other,other,reputation,father,1,2,0,no,no,no,no,no,yes,yes,no,4,3,3,1,2,4,0,real_uci_base,7.6,5.6,60.5626441109347,71,5,64,4,75,5,51,3,73,4,334,66.8
GP,F,18,U,GT3,T,2,2,at_home,at_home,other,mother,1,3,0,no,yes,no,no,yes,yes,yes,no,4,3,3,1,2,2,0,real_uci_base,7.0,5.9,56.47584998912133,64,3,58,3,54,4,58,3,69,4,303,60.6
GP,F,17,U,GT3,T,1,1,services,teacher,reputation,mother,1,3,0,no,yes,no,no,yes,yes,yes,no,4,3,3,1,1,3,0,real_uci_base,7.8,5.1,62.43303805581338,76,5,62,4,64,4,45,4,56,4,303,60.6
GP,M,18,U,GT3,T,2,1,services,services,reputation,mother,1,3,0,no,no,no,yes,yes,yes,yes,no,4,2,4,1,3,2,0,real_uci_base,7.0,6.4,48.93064095533144,52,2,55,3,51,4,58,4,37,2,253,50.6
GP,M,18,U,LE3,A,4,4,teacher,teacher,reputation,mother,1,2,0,no,yes,no,yes,yes,yes,yes,no,5,4,3,1,1,2,0,real_uci_base,7.5,6.7,60.86869376646714,60,3,73,4,57,4,73,4,59,3,322,64.4
GP,M,18,U,GT3,T,4,2,teacher,other,home,mother,1,2,0,no,yes,no,yes,yes,yes,yes,yes,4,3,2,1,4,5,2,real_uci_base,7.0,5.9,51.84665994685917,58,3,61,3,45,2,46,3,61,3,271,54.2
GP,F,17,U,GT3,T,4,3,health,services,reputation,mother,1,3,0,no,yes,no,no,yes,yes,yes,no,4,2,2,1,2,3,0,real_uci_base,6.9,4.3,51.97210424742307,58,3,55,3,36,3,50,2,58,3,257,51.4
GP,F,17,R,LE3,T,3,1,services,other,reputation,mother,2,4,0,no,yes,no,no,yes,yes,no,no,3,1,2,1,1,3,0,real_uci_base,6.8,1.3,81.75165066276384,87,4,78,5,88,4,83,3,72,4,408,81.6
GP,M,18,R,LE3,T,3,2,services,other,reputation,mother,2,3,0,no,yes,no,yes,yes,yes,yes,no,5,4,2,1,1,4,0,real_uci_base,6.0,6.9,63.82386676553528,58,3,68,3,73,4,62,3,70,4,331,66.2
GP,M,17,U,GT3,T,3,3,health,other,home,mother,1,1,0,no,yes,no,no,yes,yes,yes,no,4,4,3,1,3,5,0,real_uci_base,6.7,5.7,43.20682810312408,34,2,44,3,39,2,58,4,34,2,209,41.8
GP,F,19,U,GT3,T,4,4,health,other,reputation,other,2,2,0,no,yes,no,yes,yes,yes,yes,no,2,3,4,2,3,2,2,real_uci_base,7.8,5.9,45.36638155726487,53,4,37,1,38,2,32,2,32,2,192,38.4
GP,F,18,U,LE3,T,4,3,other,other,home,other,2,2,0,no,yes,no,no,yes,yes,yes,yes,4,4,5,1,2,2,0,real_uci_base,7.5,7.8,54.595369682821314,61,4,62,4,61,3,52,3,60,3,296,59.2
GP,F,18,U,GT3,T,4,3,other,other,reputation,father,1,4,0,no,yes,no,no,yes,yes,yes,no,4,3,3,1,1,3,0,real_uci_base,6.7,5.6,68.19018619648638,70,4,70,4,66,3,67,3,56,3,329,65.8
GP,M,18,U,LE3,T,4,4,teacher,teacher,home,mother,1,1,0,no,yes,no,no,yes,yes,yes,yes,1,4,2,2,2,1,0,real_uci_base,7.7,6.8,46.74401369137938,47,3,58,3,52,3,56,4,48,4,261,52.2
GP,F,18,U,LE3,A,4,4,health,other,home,mother,1,2,0,no,yes,yes,no,yes,yes,yes,yes,4,2,4,1,1,4,0,real_uci_base,7.4,6.3,58.80946437716453,65,4,67,3,66,4,54,3,82,5,334,66.8
GP,M,17,U,LE3,T,4,4,other,teacher,home,father,2,1,0,no,no,no,no,yes,yes,yes,no,4,1,1,2,2,5,0,real_uci_base,7.0,4.3,54.89744593583556,50,3,67,4,56,3,53,4,57,3,283,56.6
GP,F,17,R,GT3,T,4,4,services,services,reputation,mother,2,3,0,no,yes,no,yes,yes,yes,yes,no,5,3,4,1,1,5,0,real_uci_base,6.5,4.9,74.11383419635085,75,4,67,3,86,5,75,4,60,3,363,72.6
GP,F,17,U,GT3,T,4,2,other,other,reputation,mother,2,3,0,no,yes,no,no,yes,yes,yes,no,4,3,3,1,1,3,0,real_uci_base,7.2,6.6,63.02861923077188,77,4,79,4,65,3,62,3,58,3,341,68.2
GP,F,17,U,GT3,T,3,2,health,health,reputation,father,1,4,0,no,yes,no,yes,no,yes,yes,no,5,2,2,1,2,5,0,real_uci_base,6.0,4.9,58.18206700654036,53,3,67,5,56,3,66,4,57,4,299,59.8
GP,M,19,R,LE3,T,2,1,at_home,services,course,mother,2,3,1,no,no,no,yes,yes,yes,yes,yes,4,3,1,1,1,5,0,real_uci_base,7.3,5.1,57.24537711627471,58,3,53,3,59,4,57,4,59,4,286,57.2
GP,M,20,U,GT3,A,3,2,services,other,course,other,1,1,2,no,no,no,yes,yes,yes,no,no,5,5,3,1,1,5,0,real_uci_base,6.6,6.4,38.32368738092972,18,2,37,3,42,2,37,2,46,3,180,36.0
GP,M,19,R,GT3,T,3,3,other,services,reputation,father,1,2,0,no,no,no,yes,yes,yes,no,yes,4,5,3,1,2,5,0,real_uci_base,8.2,4.6,76.4323404070725,87,5,66,4,94,4,68,4,70,4,385,77.0
GP,F,18,U,GT3,T,1,4,other,teacher,home,mother,1,2,0,yes,yes,no,no,no,yes,no,yes,3,4,4,1,2,5,2,real_uci_base,7.7,5.9,44.38903580056241,49,3,55,3,34,3,38,3,55,4,231,46.2
GP,F,18,U,GT3,T,2,1,services,other,course,mother,2,2,0,no,yes,no,yes,yes,yes,yes,no,5,3,3,1,2,1,2,real_uci_base,7.5,5.1,53.52729207890165,59,4,51,3,53,4,59,3,56,3,278,55.6
GP,F,17,U,GT3,T,2,3,other,other,course,father,2,2,0,no,no,no,yes,yes,yes,yes,yes,4,2,1,1,1,3,2,real_uci_base,7.9,3.2,46.69740778086608,58,3,36,3,33,2,45,3,50,3,222,44.4
GP,F,17,R,GT3,T,4,4,teacher,teacher,course,mother,1,1,0,no,no,no,yes,yes,yes,yes,no,4,4,4,1,1,5,2,real_uci_base,8.8,5.3,55.47889493827526,64,3,46,3,62,3,58,3,52,3,282,56.4
GP,F,18,U,GT3,T,4,3,other,other,course,mother,1,3,0,no,yes,no,yes,yes,yes,yes,yes,4,3,4,1,1,5,2,real_uci_base,7.8,7.2,57.450798210999366,63,4,78,4,53,3,69,4,70,4,333,66.6
GP,F,18,U,LE3,T,4,3,health,services,course,mother,2,1,0,no,yes,no,no,yes,yes,yes,no,3,2,4,1,4,1,8,real_uci_base,6.2,5.3,52.20067476894972,40,3,50,4,60,3,51,3,50,3,251,50.2
GP,F,17,R,GT3,T,3,4,at_home,services,course,father,1,3,0,no,yes,no,yes,no,yes,yes,no,4,3,4,2,5,5,2,real_uci_base,6.2,7.2,46.092310179888514,41,3,60,3,40,3,46,3,48,3,235,47.0
GP,F,18,U,GT3,T,3,3,at_home,other,course,father,1,2,0,no,yes,no,no,yes,yes,yes,no,4,1,4,1,1,3,8,real_uci_base,6.7,4.9,42.09490177219642,38,2,43,3,29,1,48,3,36,2,194,38.8
GP,M,19,U,GT3,T,4,2,health,other,course,mother,2,2,0,no,yes,no,yes,yes,yes,yes,yes,5,4,4,1,1,1,9,real_uci_base,7.4,5.7,50.81241755578488,47,3,45,3,44,2,31,2,50,4,217,43.4
GP,F,18,U,GT3,T,4,4,teacher,other,course,mother,1,2,0,no,yes,no,no,yes,yes,yes,no,4,4,4,3,3,5,0,real_uci_base,7.8,5.9,42.72707337269718,52,3,36,3,24,2,47,3,42,3,201,40.2
GP,F,18,U,GT3,T,3,4,other,other,course,mother,1,1,0,no,yes,no,yes,yes,yes,yes,yes,5,4,4,1,1,1,4,real_uci_base,7.1,7.8,51.11659672704386,52,3,63,4,56,3,49,1,56,4,276,55.2
GP,F,17,U,GT3,T,4,4,health,health,course,mother,1,1,0,no,no,no,yes,yes,yes,yes,no,5,3,4,1,2,5,2,real_uci_base,7.7,5.9,40.23950172246207,44,2,39,3,26,2,40,2,30,3,179,35.8
GP,F,17,U,GT3,A,4,3,services,services,course,mother,1,2,0,no,yes,no,no,yes,yes,yes,yes,5,2,2,1,2,5,14,real_uci_base,6.7,4.3,52.88074548709895,46,3,55,2,57,4,47,3,46,3,251,50.2
GP,F,17,U,LE3,A,3,3,services,other,home,mother,1,2,0,yes,yes,no,no,yes,yes,yes,no,5,3,3,1,1,5,0,real_uci_base,6.9,5.7,43.52312908086282,42,2,48,3,25,2,42,3,51,3,208,41.6
GP,F,17,U,LE3,T,2,1,other,other,home,father,1,2,0,no,no,no,yes,yes,yes,yes,no,4,2,3,2,2,2,2,real_uci_base,6.2,5.5,43.47821317278015,30,2,52,3,39,2,39,4,44,3,204,40.8
GP,M,18,U,LE3,T,4,4,other,other,reputation,father,1,1,0,no,yes,no,no,yes,yes,yes,no,4,2,5,3,4,5,2,real_uci_base,6.8,7.1,51.780268934827205,50,3,58,3,69,4,45,3,45,4,267,53.4
GP,F,19,U,GT3,T,1,1,other,other,course,other,3,3,0,no,no,no,yes,yes,no,no,yes,1,5,5,4,3,5,12,real_uci_base,6.3,8.0,35.713887348614776,30,2,47,2,34,3,38,3,31,3,180,36.0
GP,F,19,U,LE3,A,1,1,other,other,course,other,3,2,2,no,yes,no,no,no,yes,yes,yes,5,3,4,1,1,4,2,real_uci_base,6.6,6.3,24.1790383702104,12,1,28,2,18,1,39,2,14,1,111,22.2
GP,F,18,U,GT3,T,2,2,other,other,course,mother,1,1,0,no,yes,no,yes,yes,yes,yes,yes,4,3,5,2,4,5,2,real_uci_base,8.3,5.6,41.8827790663655,51,3,34,2,37,3,43,3,42,3,207,41.4
GP,F,17,U,GT3,T,2,2,other,other,course,mother,1,2,0,no,yes,no,no,yes,yes,no,yes,4,2,2,1,1,3,4,real_uci_base,6.5,3.2,53.49810123226668,51,4,55,2,48,3,49,3,61,3,264,52.8
GP,F,17,R,LE3,T,2,2,services,services,course,mother,1,3,0,no,yes,no,yes,yes,yes,yes,no,3,3,2,2,2,3,0,real_uci_base,8.9,5.4,57.46578207506044,82,4,63,4,66,4,64,3,52,2,327,65.4
GP,F,17,U,GT3,T,3,1,services,services,course,father,1,3,0,no,yes,no,no,no,yes,yes,no,3,4,3,2,3,5,0,real_uci_base,7.5,5.3,46.40884982031504,54,4,48,4,39,3,48,3,43,3,232,46.4
GP,F,17,U,LE3,T,0,2,at_home,at_home,home,father,2,3,0,no,no,no,no,yes,yes,yes,no,3,3,3,2,3,2,0,real_uci_base,7.2,4.8,55.31540364308398,56,4,51,3,59,4,57,2,61,4,284,56.8
GP,F,18,U,GT3,T,1,1,other,other,home,mother,2,3,0,no,no,no,yes,yes,yes,yes,no,4,5,5,1,2,2,0,real_uci_base,6.6,8.0,32.17365021038334,32,3,39,2,9,2,17,1,38,3,135,27.0
GP,M,18,U,GT3,T,4,4,other,other,course,mother,1,3,0,no,no,no,yes,yes,yes,yes,no,4,3,3,2,2,3,0,real_uci_base,7.5,5.9,58.45069268581713,66,4,66,4,56,3,65,4,68,3,321,64.2
GP,M,17,U,GT3,T,3,3,other,services,reputation,mother,1,1,0,no,no,no,yes,no,yes,yes,no,4,3,5,3,5,5,0,real_uci_base,7.1,6.4,37.600356945290734,26,2,44,3,39,2,38,2,34,2,181,36.2
GP,M,17,R,GT3,T,2,2,services,other,course,mother,4,1,0,no,yes,no,no,yes,yes,yes,no,4,4,5,5,5,4,2,real_uci_base,7.7,6.3,39.80996095642743,41,3,34,2,48,3,34,2,44,3,201,40.2
GP,F,17,U,GT3,T,4,4,teacher,services,course,mother,1,3,0,no,yes,no,yes,yes,yes,yes,no,5,4,4,1,3,4,0,real_uci_base,8.9,6.3,62.14578511606121,91,4,73,4,65,4,51,3,55,3,335,67.0
GP,F,17,U,GT3,T,4,4,teacher,teacher,course,mother,2,3,0,no,yes,no,no,no,yes,yes,yes,4,3,3,1,2,4,4,real_uci_base,7.0,4.9,53.94662167686228,56,2,53,3,41,3,62,4,76,4,288,57.6
GP,F,17,U,GT3,T,3,3,at_home,other,course,mother,1,1,0,no,yes,yes,yes,yes,yes,yes,no,4,2,5,2,5,5,2,real_uci_base,8.3,6.6,36.16004124509792,54,3,40,3,32,2,46,3,54,3,226,45.2
GP,M,18,U,LE3,T,2,2,other,other,course,mother,1,4,0,no,yes,yes,yes,yes,yes,yes,no,4,5,5,2,4,5,0,real_uci_base,6.5,8.0,54.74208005728445,57,3,69,3,59,3,45,3,57,3,287,57.4
GP,M,19,R,GT3,T,3,2,at_home,services,home,other,1,1,0,no,yes,no,no,no,yes,no,yes,5,3,4,2,2,5,0,real_uci_base,7.5,3.9,50.35559594881267,53,3,37,3,43,3,48,3,53,3,234,46.8
GP,F,18,U,GT3,T,2,2,at_home,other,course,mother,4,2,0,no,no,no,yes,yes,yes,no,yes,4,2,5,1,1,2,2,real_uci_base,8.4,4.3,51.485255342185525,68,4,50,3,44,3,50,3,57,3,269,53.8
GP,F,17,R,GT3,T,2,4,at_home,other,course,father,1,3,0,no,yes,no,no,yes,yes,yes,yes,4,4,3,1,1,5,0,real_uci_base,6.7,4.9,58.54499726292812,58,3,52,4,59,3,64,4,58,4,291,58.2
GP,M,18,U,GT3,T,2,2,other,other,reputation,mother,1,1,0,no,no,no,no,no,yes,yes,no,5,4,2,1,2,5,6,real_uci_base,8.9,5.5,48.427007982955736,63,3,46,3,56,4,44,4,51,3,260,52.0
GP,F,18,U,GT3,T,3,3,services,services,home,mother,1,2,0,no,no,no,yes,yes,yes,yes,no,5,3,4,1,1,4,8,real_uci_base,7.8,6.2,51.03384456278472,58,3,50,3,42,2,29,3,60,3,239,47.8
GP,F,18,U,LE3,T,2,2,other,other,home,other,1,2,0,no,no,no,yes,no,yes,yes,yes,4,3,3,1,1,2,0,real_uci_base,6.9,4.7,52.76145253582556,53,4,50,3,55,3,59,4,54,4,271,54.2
GP,F,18,R,GT3,T,2,2,at_home,other,course,mother,2,4,0,no,no,no,yes,yes,yes,no,no,4,4,4,1,1,4,6,real_uci_base,7.3,4.9,76.54961952848325,84,4,71,4,90,5,83,4,81,4,409,81.8
GP,F,17,U,GT3,T,3,4,services,other,course,mother,1,3,0,no,no,no,no,yes,yes,yes,no,4,4,5,1,3,5,8,real_uci_base,7.8,6.1,49.37790417869645,57,4,42,2,44,3,39,3,47,3,229,45.8
GP,F,17,U,GT3,T,3,2,other,other,home,mother,1,2,0,no,yes,no,no,yes,yes,yes,yes,4,3,2,2,3,2,0,real_uci_base,7.7,5.4,40.81894361055205,44,2,47,2,27,2,37,3,32,2,187,37.4
GP,F,18,U,LE3,T,3,3,services,services,home,mother,1,4,0,no,yes,no,no,yes,yes,yes,no,5,3,3,1,1,1,4,real_uci_base,5.7,6.0,67.55153798879165,69,5,80,3,75,5,85,3,73,5,382,76.4
GP,F,17,R,GT3,A,3,2,other,other,home,mother,1,2,0,no,yes,no,no,yes,yes,yes,no,4,3,3,2,3,2,0,real_uci_base,6.8,5.0,46.32814163223538,46,3,43,2,46,2,58,3,54,3,247,49.4
GP,M,18,U,GT3,T,4,4,teacher,services,home,father,1,2,0,no,yes,no,yes,yes,yes,yes,no,4,3,3,2,2,2,0,real_uci_base,7.1,6.0,53.140574833544285,55,3,60,3,50,3,62,4,55,3,282,56.4
GP,M,18,U,LE3,T,3,4,services,other,home,mother,1,2,0,no,no,no,yes,yes,yes,yes,yes,4,3,3,1,3,5,6,real_uci_base,7.2,5.5,47.613061731213314,46,2,51,3,43,3,46,2,57,3,243,48.6
GP,F,17,U,GT3,A,2,2,at_home,at_home,home,father,1,2,0,no,yes,no,no,yes,yes,yes,yes,3,3,1,1,2,4,18,real_uci_base,7.7,4.6,44.01119915539492,54,3,48,2,40,3,45,2,39,3,226,45.2
GP,F,18,U,GT3,T,2,3,at_home,other,course,mother,1,3,0,no,yes,no,no,yes,yes,yes,no,4,3,3,1,2,3,0,real_uci_base,7.2,7.2,65.43122867257804,71,4,80,4,82,5,63,3,57,4,353,70.6
GP,F,18,U,GT3,T,3,2,other,services,other,mother,1,3,0,no,no,no,no,yes,yes,yes,yes,5,4,3,2,3,1,4,real_uci_base,6.2,7.5,55.11277075170872,50,3,65,4,59,3,65,3,52,4,291,58.2
GP,M,18,R,GT3,T,4,3,teacher,services,course,mother,1,3,0,no,no,no,no,yes,yes,yes,yes,5,3,2,1,2,4,4,real_uci_base,7.3,4.5,69.02334107132187,73,4,56,3,71,4,63,3,62,3,325,65.0
GP,M,18,U,GT3,T,4,3,teacher,other,course,mother,1,3,0,no,yes,no,no,yes,yes,yes,yes,5,4,5,2,3,5,0,real_uci_base,7.6,7.9,49.18263766524413,59,3,58,3,38,3,45,3,50,4,250,50.0
GP,F,17,U,GT3,T,4,3,health,other,reputation,mother,1,3,0,no,yes,no,yes,yes,yes,yes,yes,4,4,3,1,3,4,0,real_uci_base,7.5,6.7,52.38307758068278,60,4,67,3,46,3,59,4,44,3,276,55.2
GP,F,17,U,GT3,T,2,1,services,other,course,mother,2,2,0,no,yes,no,yes,yes,yes,yes,yes,4,3,4,2,2,1,10,real_uci_base,8.1,5.1,30.13552804308744,39,3,21,2,16,2,30,2,36,2,142,28.4
GP,F,17,U,GT3,T,2,1,services,other,reputation,mother,1,2,0,no,yes,no,yes,yes,yes,yes,no,4,3,5,2,4,4,4,real_uci_base,7.9,7.1,38.71371507350348,51,4,50,3,29,2,59,3,57,3,246,49.2
GP,F,19,U,LE3,A,2,3,at_home,other,home,other,2,1,1,no,no,no,no,yes,no,yes,no,2,2,3,3,4,5,16,real_uci_base,7.8,6.9,28.420219118313952,27,2,37,3,42,3,22,1,28,2,156,31.2
GP,F,17,U,GT3,T,3,1,other,at_home,home,mother,1,1,1,no,yes,yes,no,yes,yes,yes,yes,4,1,2,1,1,3,6,real_uci_base,7.3,3.3,42.51167909449023,46,3,37,4,47,3,39,3,51,3,220,44.0
GP,F,21,U,LE3,T,4,4,other,other,reputation,other,1,3,2,no,no,yes,yes,yes,yes,yes,no,3,3,2,1,1,5,0,real_uci_base,5.9,5.7,40.16092042228726,34,3,41,2,41,3,37,2,35,3,188,37.6
GP,M,18,U,LE3,T,2,2,services,services,reputation,mother,1,2,0,no,yes,no,yes,no,no,yes,no,4,4,4,1,3,3,11,real_uci_base,7.7,7.6,43.136198297691685,46,2,51,3,43,3,41,2,56,4,237,47.4
GP,M,18,U,LE3,A,3,4,other,other,reputation,other,1,2,0,no,no,no,yes,yes,yes,yes,yes,4,3,5,1,4,2,9,real_uci_base,7.4,6.9,43.74668674454756,45,2,49,3,40,3,34,2,48,2,216,43.2
GP,F,17,U,GT3,T,2,2,services,services,reputation,mother,1,2,0,no,yes,no,yes,yes,yes,yes,no,4,3,4,1,3,4,0,real_uci_base,7.5,6.4,50.5585532944107,55,4,56,3,51,3,43,2,55,3,260,52.0
GP,M,17,U,LE3,A,4,4,health,other,reputation,mother,1,3,0,no,yes,no,no,yes,yes,yes,no,4,4,2,1,2,4,2,real_uci_base,6.3,6.0,64.04526967688369,59,3,74,4,73,3,57,3,64,3,327,65.4
GP,F,18,U,LE3,T,4,2,teacher,other,course,mother,1,2,0,no,yes,no,yes,yes,yes,yes,no,4,2,2,1,1,3,0,real_uci_base,6.4,5.3,44.26467927553716,38,2,51,2,35,2,50,3,31,2,205,41.0
GP,M,21,R,LE3,T,1,1,at_home,other,course,other,2,2,2,no,yes,no,yes,yes,no,yes,yes,5,3,3,5,2,4,21,real_uci_base,8.0,5.7,22.137886127024093,35,3,16,1,27,2,25,2,24,2,127,25.4
GP,F,20,R,GT3,T,1,1,other,other,reputation,other,2,3,0,no,no,no,no,yes,yes,yes,yes,3,2,2,1,3,3,8,real_uci_base,6.9,6.4,51.724609225728,63,3,70,4,56,3,44,4,50,3,283,56.6
GP,F,19,U,GT3,T,4,4,teacher,other,home,other,1,1,1,no,yes,no,no,yes,yes,yes,yes,3,2,5,4,4,5,5,real_uci_base,7.9,7.4,28.739398266219784,34,2,41,2,27,2,29,2,28,2,159,31.8
GP,M,17,U,LE3,A,3,2,other,other,reputation,mother,1,2,0,no,yes,no,no,yes,yes,yes,no,4,4,4,1,2,5,10,real_uci_base,7.4,6.3,52.164203672723495,49,3,51,3,53,3,64,4,54,3,271,54.2
GP,F,18,U,GT3,T,3,2,at_home,other,reputation,father,1,3,0,no,yes,no,no,yes,yes,yes,yes,4,3,4,1,2,2,5,real_uci_base,7.1,6.3,72.09792666683532,80,3,76,4,94,5,72,3,69,3,391,78.2
GP,M,18,R,GT3,T,2,3,other,services,reputation,father,1,1,0,no,no,no,no,yes,yes,yes,no,3,1,3,4,5,4,13,real_uci_base,8.0,3.7,37.61394324207865,53,3,28,3,34,2,29,2,37,2,181,36.2
GP,M,19,U,GT3,T,2,1,other,other,reputation,mother,1,1,0,no,no,no,no,yes,yes,yes,no,5,3,4,1,4,4,10,real_uci_base,7.2,7.0,38.65984230003194,38,3,44,3,40,3,49,2,34,2,205,41.0
GP,F,18,U,LE3,A,2,2,services,other,reputation,mother,2,2,0,no,yes,no,no,yes,yes,yes,no,4,1,4,1,3,4,10,real_uci_base,7.2,5.8,41.23165749803165,41,3,58,3,36,2,32,2,34,2,201,40.2
GP,F,20,U,GT3,T,1,0,other,other,reputation,mother,2,1,1,yes,no,no,no,yes,yes,yes,yes,5,3,1,1,1,5,5,real_uci_base,7.2,5.7,33.3275069756123,31,3,36,3,33,2,36,3,44,4,180,36.0
GP,F,18,U,GT3,T,3,2,services,other,home,mother,1,2,0,no,yes,no,yes,no,yes,yes,yes,3,1,2,1,2,1,4,real_uci_base,6.8,5.4,51.74162974989382,47,3,54,3,57,3,58,4,47,3,263,52.6
MS,F,16,U,GT3,T,1,3,at_home,other,other,father,2,1,0,no,yes,no,no,yes,no,yes,yes,4,3,3,1,3,5,11,real_uci_base,7.3,5.0,42.11905404162083,44,3,39,3,42,2,48,3,38,2,211,42.2
MS,F,16,R,GT3,T,2,2,other,other,course,mother,2,2,0,no,yes,no,yes,yes,yes,yes,no,4,4,4,1,1,5,0,real_uci_base,7.6,6.7,45.32182808174686,45,2,45,4,45,3,50,3,46,3,231,46.2
MS,F,15,R,GT3,T,1,1,at_home,services,other,mother,1,1,1,no,yes,no,no,yes,yes,no,yes,4,1,3,1,1,2,6,real_uci_base,7.0,2.0,39.23817062795271,36,2,32,1,37,2,39,2,41,2,185,37.0
MS,F,15,R,GT3,T,3,3,at_home,other,course,mother,2,1,0,no,yes,no,no,yes,yes,yes,no,5,4,4,2,3,5,4,real_uci_base,8.5,5.9,54.70317563230582,62,3,48,3,64,4,54,4,59,3,287,57.4
MS,F,16,R,GT3,T,2,3,at_home,services,course,mother,2,2,0,no,no,no,no,yes,yes,no,no,4,5,2,1,2,5,0,real_uci_base,6.9,4.6,56.46181458708716,53,2,55,2,56,3,53,4,41,2,258,51.6
MS,F,15,R,LE3,T,2,1,at_home,other,home,mother,2,1,0,no,no,no,no,yes,no,no,no,1,3,4,1,1,1,0,real_uci_base,7.4,4.4,48.85192313443105,47,3,46,4,56,3,36,2,52,3,237,47.4
MS,M,16,R,LE3,A,4,4,at_home,other,home,mother,1,2,0,no,yes,no,no,yes,yes,no,no,5,3,2,1,3,2,5,real_uci_base,7.0,3.4,57.55792817992424,58,3,60,3,56,3,58,4,68,3,300,60.0
MS,M,16,U,GT3,A,1,2,other,other,other,mother,1,3,0,yes,no,no,no,yes,yes,yes,no,4,4,3,1,1,5,0,real_uci_base,8.2,5.7,62.739401436542266,79,4,66,4,67,5,55,3,62,4,329,65.8
MS,F,17,R,GT3,T,3,2,at_home,other,course,father,1,2,1,no,no,no,no,yes,yes,no,yes,4,5,4,1,2,5,0,real_uci_base,7.6,6.5,44.77560702929915,45,3,55,3,51,3,33,3,35,3,219,43.8
MS,F,17,R,GT3,T,1,1,other,other,other,father,1,1,1,no,yes,no,no,no,no,yes,no,5,4,4,2,2,5,0,real_uci_base,8.4,6.2,27.734535621876613,40,3,26,2,19,2,34,2,27,2,146,29.2
MS,F,15,R,GT3,T,4,4,teacher,other,course,mother,2,1,0,no,no,no,no,yes,yes,yes,yes,1,5,1,3,5,5,0,real_uci_base,6.7,3.9,44.44112602879325,34,3,29,2,49,4,40,2,37,3,189,37.8
MS,F,16,U,LE3,A,2,2,at_home,other,reputation,mother,2,4,0,no,no,no,yes,no,no,no,yes,1,2,1,1,1,1,4,real_uci_base,6.9,4.2,54.13982001935814,58,3,74,5,45,3,47,3,60,3,284,56.8
MS,F,15,R,LE3,T,1,1,at_home,services,reputation,father,2,2,0,no,yes,no,no,yes,yes,yes,no,5,4,3,1,2,4,0,real_uci_base,8.0,6.6,46.12271835069125,65,4,66,4,43,3,48,4,38,3,260,52.0
MS,F,15,R,LE3,T,1,1,other,services,course,mother,2,1,1,no,yes,no,no,yes,yes,yes,yes,4,4,3,1,2,2,4,real_uci_base,7.7,4.5,35.98596984375424,40,3,30,3,32,2,35,2,28,2,165,33.0
MS,F,16,R,GT3,T,0,2,other,other,other,mother,2,1,0,no,yes,no,yes,yes,yes,no,no,3,2,3,1,2,2,0,real_uci_base,8.2,4.2,46.52346564028074,56,3,51,3,46,2,38,1,65,3,256,51.2
MS,F,17,R,GT3,T,2,3,other,other,course,mother,2,1,0,no,yes,no,no,yes,yes,yes,no,5,5,5,1,3,3,2,real_uci_base,7.4,7.0,37.06460520953723,40,4,29,2,30,3,39,2,36,2,174,34.8
MS,F,15,R,GT3,T,3,3,other,services,course,father,2,1,0,no,no,no,no,no,yes,yes,no,4,1,3,1,1,4,0,real_uci_base,8.3,4.2,59.51391462709726,80,3,59,3,73,4,57,4,70,4,339,67.8
MS,M,17,U,GT3,T,1,1,other,other,home,mother,1,2,0,no,no,yes,no,no,yes,yes,no,4,4,3,2,4,5,4,real_uci_base,9.0,6.3,44.69203766980284,66,4,52,3,49,3,54,2,49,3,270,54.0
MS,M,15,R,LE3,T,4,1,health,services,reputation,father,1,2,0,no,yes,no,yes,yes,yes,yes,no,5,3,4,1,2,2,0,real_uci_base,7.0,5.2,50.21162938633469,52,3,56,3,53,3,53,3,43,3,257,51.4
MS,M,15,R,LE3,T,4,1,health,services,reputation,father,1,2,0,no,yes,no,yes,yes,yes,yes,no,5,3,4,1,2,2,7,real_uci_base,7.0,4.8,43.13449122130495,39,2,42,3,35,2,39,3,43,2,198,39.6
MS,M,16,R,GT3,T,3,4,other,health,other,mother,3,2,0,no,no,no,no,no,yes,no,no,3,4,5,1,2,5,4,real_uci_base,8.4,4.8,54.19057252551141,68,5,56,3,52,4,49,3,54,2,279,55.8
MS,M,15,R,GT3,T,1,1,other,other,course,mother,4,2,0,no,yes,no,yes,yes,yes,no,yes,5,4,5,2,4,4,8,real_uci_base,8.5,4.4,43.15433771683304,58,2,43,3,47,3,39,3,42,3,229,45.8
MS,M,15,U,LE3,T,3,3,at_home,at_home,reputation,father,1,2,0,no,yes,no,yes,yes,yes,yes,no,5,3,3,1,1,5,0,real_uci_base,6.9,4.3,59.18884274231814,59,3,58,3,62,4,59,3,59,3,297,59.4
MS,M,17,R,GT3,T,2,1,other,other,other,mother,3,1,0,no,no,no,yes,yes,no,no,yes,5,5,5,5,5,3,8,real_uci_base,7.5,6.1,31.29130003306659,31,2,30,2,27,2,34,2,36,2,158,31.6
MS,F,16,R,GT3,T,4,4,teacher,teacher,course,mother,2,3,0,no,no,no,yes,yes,yes,yes,yes,4,2,2,1,1,4,6,real_uci_base,6.8,3.8,52.21525883552993,57,3,52,4,42,2,47,3,61,3,259,51.8
MS,F,15,R,GT3,T,1,2,other,services,course,mother,2,1,0,no,no,no,no,yes,yes,no,no,5,1,2,1,1,1,3,real_uci_base,6.4,2.9,45.74991837019305,37,2,49,3,42,3,45,2,51,3,224,44.8
MS,F,16,R,GT3,T,2,3,other,services,course,mother,3,2,0,no,yes,no,no,yes,yes,yes,no,4,5,4,1,2,1,2,real_uci_base,6.9,7.9,45.196285333590126,36,3,59,4,35,2,46,4,47,3,223,44.6
MS,M,16,R,GT3,T,1,2,other,other,course,father,2,2,0,no,no,no,no,yes,yes,no,no,4,3,3,1,1,5,0,real_uci_base,6.6,3.6,56.82196614864435,48,3,57,4,64,4,53,3,45,2,267,53.4
MS,F,16,R,GT3,T,2,2,other,other,course,mother,3,2,0,no,yes,no,no,yes,yes,yes,no,4,4,5,1,1,4,4,real_uci_base,6.9,6.8,43.7208019523337,38,2,55,4,44,3,35,3,34,3,206,41.2
MS,F,16,U,GT3,T,1,2,other,services,course,mother,1,3,1,no,yes,no,no,yes,yes,no,no,1,3,2,1,2,4,0,real_uci_base,7.0,4.1,54.49204804023539,58,3,57,4,72,4,58,3,75,4,320,64.0
MS,F,16,U,GT3,T,1,2,other,services,course,mother,1,3,1,no,yes,no,no,yes,yes,no,no,1,3,2,1,2,4,3,real_uci_base,7.2,4.1,32.25015669608945,43,3,42,3,22,2,30,2,36,2,173,34.6
MS,F,15,U,GT3,T,2,1,at_home,other,home,mother,1,2,0,yes,yes,no,no,no,yes,yes,no,4,4,2,3,3,2,0,real_uci_base,8.5,5.2,55.45700498681575,66,3,65,4,62,4,44,3,70,3,307,61.4
MS,F,16,U,GT3,T,1,1,at_home,other,course,father,1,2,0,no,yes,no,no,no,yes,no,yes,5,4,3,2,1,2,0,real_uci_base,6.7,5.2,47.844086174731366,41,4,59,3,50,3,64,4,52,3,266,53.2
MS,M,17,R,LE3,T,1,2,at_home,services,reputation,mother,1,1,0,no,yes,no,yes,yes,yes,yes,no,5,5,5,5,5,3,4,real_uci_base,8.4,7.8,37.417509234061335,51,3,46,3,46,3,33,2,38,3,214,42.8
MS,F,16,R,GT3,T,1,1,other,other,home,father,4,4,0,no,yes,no,no,no,yes,yes,no,4,3,2,1,1,1,0,real_uci_base,6.7,3.9,63.7088089043524,67,3,63,4,71,4,60,4,70,4,331,66.2
MS,F,16,R,GT3,T,1,1,at_home,other,other,father,4,3,0,yes,yes,no,no,yes,yes,no,no,4,4,3,1,1,5,2,real_uci_base,7.1,5.3,61.74733321615282,68,3,78,4,68,4,63,4,62,3,339,67.8
MS,F,15,R,GT3,T,1,1,at_home,other,home,father,2,2,0,no,yes,no,yes,yes,yes,yes,no,4,3,3,1,1,2,1,real_uci_base,7.8,5.7,48.01582821268313,56,3,53,4,45,3,56,3,38,2,248,49.6
MS,F,16,R,GT3,T,1,1,at_home,other,other,mother,2,1,0,no,no,no,yes,yes,yes,yes,yes,4,2,2,4,3,2,0,real_uci_base,6.7,3.8,32.818277448933124,26,2,23,1,23,2,44,2,34,2,150,30.0
MS,F,15,R,GT3,T,1,1,at_home,at_home,course,father,3,2,0,no,yes,no,no,yes,yes,no,no,4,2,1,1,2,2,0,real_uci_base,7.5,2.5,63.07302572362637,68,4,66,4,74,5,54,2,65,4,327,65.4
MS,F,15,R,LE3,T,2,2,other,other,other,father,1,3,0,yes,yes,no,no,yes,yes,no,no,4,4,3,2,2,5,2,real_uci_base,7.3,4.8,56.229116124707154,65,4,57,4,49,3,55,3,55,4,281,56.2
MS,M,16,R,GT3,T,1,1,at_home,other,other,father,2,1,0,no,no,no,yes,yes,yes,no,no,3,4,4,3,4,5,6,real_uci_base,8.0,4.8,38.28935084174526,38,2,43,3,43,3,40,3,36,2,200,40.0
MS,F,18,U,GT3,T,1,2,other,other,course,father,1,2,1,no,yes,no,yes,yes,yes,yes,yes,3,4,4,2,3,5,9,real_uci_base,7.6,7.7,37.84851148426877,42,3,53,3,48,3,43,3,39,3,225,45.0
MS,M,15,U,GT3,T,3,1,other,services,home,mother,2,1,0,no,yes,no,no,yes,yes,no,no,3,2,3,1,3,4,0,real_uci_base,9.2,5.2,36.0482685474334,58,3,52,3,32,1,28,2,26,2,196,39.2
MS,F,16,R,GT3,T,2,2,other,services,course,father,3,2,0,no,yes,no,yes,yes,yes,yes,no,5,3,4,1,1,2,1,real_uci_base,6.9,5.1,57.24294538583555,57,3,53,4,61,4,52,3,54,3,277,55.4
MS,M,15,U,GT3,T,2,2,health,other,reputation,mother,3,1,0,no,no,no,no,yes,yes,no,no,4,3,3,1,2,4,1,real_uci_base,7.2,2.7,46.50063146122265,50,3,38,3,49,2,65,4,39,3,241,48.2
MS,M,16,U,GT3,T,4,4,other,teacher,course,father,1,2,0,no,yes,no,yes,yes,yes,no,yes,4,3,1,1,1,3,0,real_uci_base,6.9,3.5,60.65698386613377,57,3,66,4,63,3,57,4,56,3,299,59.8
MS,F,15,R,GT3,T,3,3,services,other,reputation,mother,1,2,0,no,yes,no,no,yes,yes,yes,yes,4,5,4,1,1,1,4,real_uci_base,7.1,7.0,51.48367379230574,56,3,60,3,49,3,43,3,40,3,248,49.6
MS,F,16,R,GT3,T,2,2,at_home,other,course,mother,2,2,1,no,yes,no,yes,no,yes,no,no,4,4,4,2,3,5,2,real_uci_base,7.0,4.8,30.958668831318384,26,2,35,3,20,2,27,1,30,2,138,27.6
MS,F,16,R,LE3,T,2,2,other,other,home,father,3,1,0,no,yes,no,yes,yes,yes,no,yes,4,3,2,1,1,4,0,real_uci_base,8.4,4.9,44.00697774307739,60,4,55,3,36,2,32,2,56,3,239,47.8
MS,M,16,U,LE3,T,2,1,at_home,services,course,mother,2,1,0,no,yes,no,yes,yes,yes,yes,no,2,4,3,2,3,4,4,real_uci_base,8.6,4.7,46.94643735447883,63,4,43,3,57,3,40,3,41,3,244,48.8
MS,M,15,R,LE3,T,1,3,at_home,other,reputation,father,3,1,0,no,yes,no,yes,yes,yes,yes,no,4,2,4,3,5,3,2,real_uci_base,7.1,5.5,43.667147131508784,37,3,52,4,45,2,40,3,43,2,217,43.4
MS,F,15,U,GT3,T,2,2,other,services,course,mother,2,3,0,no,yes,no,yes,yes,yes,no,no,5,3,2,1,1,4,0,real_uci_base,6.5,2.9,62.654162536036594,62,4,60,3,67,4,65,4,57,3,311,62.2
MS,F,16,R,LE3,T,2,1,other,other,home,mother,1,1,0,no,yes,no,no,yes,yes,yes,yes,5,4,3,1,1,5,2,real_uci_base,8.0,7.2,46.19874075107736,51,3,65,4,53,3,44,3,52,4,265,53.0
MS,M,15,U,GT3,T,3,3,services,services,course,father,2,1,0,no,yes,no,yes,no,yes,yes,no,4,3,3,2,4,3,11,real_uci_base,7.2,6.6,36.654544966181255,36,2,47,2,31,2,33,2,39,3,186,37.2
MS,F,16,R,GT3,T,1,1,at_home,other,course,father,2,2,3,yes,yes,no,no,yes,yes,no,no,3,4,3,1,1,1,0,real_uci_base,7.8,4.0,33.439500314967894,41,2,31,2,41,3,26,2,35,3,174,34.8
MS,F,17,U,GT3,T,2,2,other,at_home,course,mother,1,1,0,no,yes,no,yes,yes,no,no,no,4,5,3,1,1,5,4,real_uci_base,7.9,5.0,46.44788453323501,48,3,48,4,45,3,55,3,52,4,248,49.6
MS,F,19,U,GT3,T,2,3,at_home,services,course,other,1,1,1,no,no,no,no,yes,no,yes,yes,4,4,4,1,1,2,0,real_uci_base,6.6,7.8,34.85105255280909,30,1,39,2,40,3,39,3,35,2,183,36.6
MS,F,17,R,GT3,T,2,1,at_home,other,course,mother,3,1,0,no,yes,no,yes,yes,no,no,yes,5,5,3,1,1,3,2,real_uci_base,8.8,5.1,53.3961808648524,67,4,53,3,67,3,46,2,53,3,286,57.2
MS,F,15,R,LE3,T,1,1,at_home,other,course,mother,2,1,0,no,yes,no,no,yes,no,no,yes,5,2,1,1,3,4,0,real_uci_base,8.7,2.5,43.68577109092456,63,3,47,3,32,3,36,3,54,3,232,46.4
MS,F,16,R,GT3,T,2,2,other,other,course,father,3,2,0,no,yes,no,no,yes,no,yes,no,3,4,5,1,2,1,1,real_uci_base,7.0,6.6,56.37273510698136,54,4,56,3,64,4,63,4,50,3,287,57.4
MS,F,16,U,LE3,A,2,2,other,other,home,mother,1,1,0,no,yes,no,no,yes,no,no,no,4,3,4,1,2,1,6,real_uci_base,7.3,3.0,38.56723154153974,44,2,26,2,28,1,40,3,41,2,179,35.8
MS,F,17,R,GT3,T,2,2,at_home,other,course,mother,2,2,0,no,yes,no,no,yes,yes,yes,no,4,3,5,1,2,4,0,real_uci_base,7.5,6.4,60.30785278667679,63,3,63,4,64,3,61,3,65,4,316,63.2
MS,F,16,U,GT3,T,2,2,other,services,course,father,1,1,1,no,yes,yes,yes,no,yes,yes,no,4,4,3,1,4,3,1,real_uci_base,7.9,5.2,33.65394649628816,35,3,28,2,29,2,31,1,28,2,151,30.2
MS,F,18,R,LE3,A,3,2,other,other,course,other,2,3,2,no,yes,no,no,no,no,no,yes,3,3,2,1,1,2,6,real_uci_base,7.5,3.9,40.37380751304831,56,4,51,4,41,3,38,3,48,4,234,46.8
MS,F,19,U,GT3,T,1,1,at_home,services,course,mother,1,3,1,no,no,no,yes,yes,no,no,yes,5,3,1,1,1,3,6,real_uci_base,8.5,5.4,35.28993897290235,54,3,47,4,23,1,30,3,40,3,194,38.8
MS,M,18,R,GT3,T,1,1,other,other,home,mother,2,1,1,no,no,no,yes,yes,no,yes,no,4,4,3,3,4,4,0,real_uci_base,7.5,5.4,26.801231695733843,33,2,24,2,18,1,23,2,35,2,133,26.6
MS,F,18,R,GT3,T,1,1,at_home,at_home,course,mother,2,1,1,no,no,no,no,no,no,yes,yes,3,2,3,1,1,2,4,real_uci_base,6.9,6.1,23.43116081383869,22,2,29,2,29,1,12,1,26,2,118,23.6
MS,F,19,U,GT3,T,1,1,other,other,course,other,2,2,1,no,yes,no,no,yes,yes,yes,yes,1,1,4,4,1,1,12,real_uci_base,6.1,5.4,21.48412192775917,13,2,18,2,19,2,12,1,21,2,83,16.6
MS,F,16,R,GT3,A,2,2,health,other,course,mother,1,2,0,no,no,no,no,no,yes,no,yes,3,3,2,1,1,3,2,real_uci_base,6.8,3.5,52.076134205266726,42,3,54,4,52,3,45,2,54,4,247,49.4
MS,F,17,U,GT3,T,0,1,other,at_home,course,father,2,1,0,no,no,no,yes,no,yes,no,no,2,4,4,3,5,5,5,real_uci_base,7.6,5.9,35.92674968683743,37,3,46,3,37,3,40,4,39,2,199,39.8
MS,F,16,R,LE3,T,1,2,at_home,other,course,mother,1,2,0,no,no,no,yes,yes,no,yes,no,4,4,5,1,3,3,0,real_uci_base,8.7,6.9,47.67562010840376,65,3,57,3,50,3,49,3,51,3,272,54.4
MS,F,16,U,GT3,T,3,3,other,other,reputation,mother,1,1,0,no,no,no,yes,yes,no,yes,yes,4,5,4,1,1,4,0,real_uci_base,7.4,7.2,48.88605992040668,51,3,61,4,50,3,44,2,54,3,260,52.0
MS,F,16,R,LE3,T,1,1,services,services,home,mother,1,1,0,no,yes,no,yes,yes,yes,yes,yes,4,4,4,2,2,4,2,real_uci_base,7.8,7.0,32.62688366692663,42,3,53,3,18,2,23,2,24,2,160,32.0
MS,M,17,U,GT3,T,3,3,services,at_home,course,mother,2,4,1,no,yes,yes,yes,yes,yes,no,no,5,4,5,3,4,5,0,real_uci_base,6.9,5.4,48.24547546238362,51,3,53,3,39,3,52,3,49,3,244,48.8
MS,F,16,U,GT3,T,2,1,other,services,course,mother,1,2,0,no,yes,no,yes,yes,yes,yes,no,5,3,3,1,1,1,0,real_uci_base,8.1,4.8,66.40235011010788,82,5,62,4,80,4,61,4,80,4,365,73.0
MS,F,16,U,GT3,T,2,2,services,other,course,mother,1,1,0,no,yes,yes,yes,yes,yes,no,yes,4,2,5,1,2,5,0,real_uci_base,9.2,3.5,43.58879379142052,68,4,39,3,47,3,57,3,49,3,260,52.0
MS,M,17,U,GT3,T,1,2,other,other,course,father,1,1,1,no,yes,no,yes,yes,no,yes,yes,5,3,5,5,5,1,12,real_uci_base,7.2,5.7,32.77724951234378,34,2,27,2,44,2,22,2,32,3,159,31.8
MS,M,16,U,LE3,T,4,3,other,other,course,father,1,1,0,no,no,no,yes,yes,yes,yes,no,4,2,5,1,5,5,8,real_uci_base,7.1,8.0,36.8916328067148,36,3,63,4,40,3,37,3,39,2,215,43.0
MS,M,17,R,LE3,T,2,2,services,services,other,mother,3,4,1,no,yes,no,no,yes,yes,no,no,1,3,5,3,5,3,2,real_uci_base,7.5,6.2,42.60372761686103,49,3,52,3,42,3,38,3,49,4,230,46.0
MS,F,16,U,GT3,T,1,1,other,other,course,other,1,4,0,yes,yes,no,yes,yes,yes,yes,no,2,2,1,1,1,5,0,real_uci_base,7.2,2.9,69.70219096137959,81,5,76,3,76,3,76,5,68,3,377,75.4
MS,F,19,U,LE3,T,2,2,other,other,home,mother,1,3,0,no,no,no,no,yes,yes,yes,yes,5,4,5,1,1,1,0,real_uci_base,8.4,6.4,67.11135453163193,82,5,66,4,79,4,70,4,64,4,361,72.2
MS,F,17,R,GT3,T,1,1,at_home,other,reputation,mother,2,1,0,no,yes,no,yes,no,yes,yes,yes,4,4,5,1,2,5,0,real_uci_base,8.1,7.3,40.24512463832547,46,3,38,3,46,3,34,2,38,2,202,40.4
MS,F,20,U,GT3,T,3,3,at_home,services,other,mother,2,2,1,no,no,no,yes,yes,yes,yes,yes,3,3,4,2,4,3,8,real_uci_base,7.0,7.3,31.030541678870765,35,2,35,2,34,2,36,2,28,2,168,33.6
MS,F,17,U,LE3,T,1,1,other,services,course,father,1,3,0,no,yes,no,no,yes,yes,no,yes,4,3,3,1,1,3,0,real_uci_base,7.5,4.8,57.27447730886672,68,4,69,3,53,3,55,3,50,2,295,59.0
MS,M,17,R,GT3,T,2,2,other,other,course,mother,3,1,1,no,yes,no,no,no,yes,yes,no,4,4,5,1,2,5,0,real_uci_base,8.4,6.7,37.267745169392704,52,2,42,2,39,1,40,2,39,3,212,42.4
MS,F,16,R,LE3,T,1,1,at_home,other,course,father,3,2,0,no,yes,no,no,yes,yes,no,no,5,3,2,1,1,1,0,real_uci_base,7.9,3.6,61.61782212121853,73,4,59,4,68,4,59,4,64,4,323,64.6
MS,F,17,R,GT3,T,2,2,other,other,reputation,mother,2,2,0,no,yes,no,yes,yes,yes,no,no,5,3,2,1,1,1,0,real_uci_base,7.7,4.3,57.53537915396491,59,3,66,5,57,4,42,3,60,3,284,56.8
MS,F,17,U,GT3,A,1,0,other,other,other,mother,2,2,0,no,no,no,no,yes,yes,yes,yes,4,4,5,1,1,4,1,real_uci_base,8.1,7.0,50.46331778813892,52,3,46,4,56,3,56,3,57,3,267,53.4
MS,F,18,R,GT3,T,1,1,at_home,other,other,mother,1,2,1,no,yes,no,no,yes,yes,yes,yes,4,3,2,1,1,5,9,real_uci_base,8.1,3.7,51.82015839362564,65,3,39,2,65,3,45,2,54,3,268,53.6
MS,F,16,U,GT3,T,3,1,other,other,course,mother,1,1,0,no,no,no,yes,yes,yes,yes,no,3,1,3,1,3,1,0,real_uci_base,8.3,4.1,48.75785767358871,60,3,53,4,55,3,51,2,53,3,272,54.4
MS,F,16,U,GT3,T,3,2,services,at_home,course,mother,1,1,0,no,no,no,no,yes,yes,yes,no,3,1,3,1,4,3,2,real_uci_base,7.8,3.6,48.989917136028666,52,3,42,2,58,3,53,4,53,3,258,51.6
MS,F,18,U,LE3,T,1,1,other,at_home,reputation,mother,2,2,0,yes,no,no,no,yes,yes,no,no,2,3,5,1,4,3,8,real_uci_base,7.2,5.6,30.50653504945959,25,2,29,2,20,2,33,2,24,2,131,26.2
MS,F,16,R,GT3,T,4,4,health,teacher,reputation,father,1,2,0,no,no,no,yes,no,yes,yes,yes,4,3,3,2,3,2,0,real_uci_base,7.4,7.7,35.755619179025615,37,2,60,3,15,1,27,2,29,2,168,33.6
MS,F,16,R,LE3,T,1,2,other,other,reputation,mother,2,1,0,no,no,no,yes,yes,yes,yes,no,5,4,5,1,4,2,0,real_uci_base,8.5,6.9,43.56025437538101,54,4,45,3,47,3,50,3,41,3,237,47.4
MS,F,18,U,GT3,A,2,4,other,services,reputation,father,1,2,1,no,yes,no,no,yes,yes,yes,no,2,3,2,1,3,1,8,real_uci_base,6.7,5.2,36.72105461231477,36,2,40,3,44,4,32,2,32,2,184,36.8
MS,M,16,R,GT3,T,2,1,other,services,reputation,mother,2,2,0,no,no,no,yes,yes,yes,yes,no,5,2,1,1,1,2,0,real_uci_base,7.5,4.7,51.70130395051154,58,3,58,3,47,3,60,4,56,3,279,55.8
MS,F,16,U,LE3,T,1,1,at_home,other,other,mother,3,2,0,no,yes,no,no,yes,yes,yes,no,4,3,2,1,3,5,6,real_uci_base,7.0,5.3,46.12118122511807,52,3,49,3,50,4,39,3,51,3,241,48.2
MS,F,16,R,GT3,T,2,3,at_home,services,other,mother,2,2,0,no,yes,no,yes,yes,yes,yes,no,3,3,3,1,1,2,0,real_uci_base,7.3,5.6,52.30757762481855,51,4,50,3,55,3,52,3,53,3,261,52.2
MS,F,16,U,GT3,T,4,4,health,health,course,mother,1,2,0,no,yes,no,no,yes,yes,yes,yes,4,3,4,1,2,3,4,real_uci_base,8.2,6.2,62.8066815038034,80,4,71,4,70,5,59,3,71,3,351,70.2
MS,M,18,U,LE3,T,4,4,at_home,health,home,mother,1,4,0,no,yes,no,yes,yes,no,yes,yes,5,5,5,5,5,5,2,real_uci_base,7.1,8.0,57.46666520955388,65,3,77,5,58,3,56,3,55,3,311,62.2
MS,F,16,R,LE3,T,3,4,at_home,other,other,mother,3,2,0,no,yes,no,no,no,yes,no,no,4,2,1,1,1,2,2,real_uci_base,7.2,1.9,58.298460289579,64,3,49,2,50,3,57,4,53,4,273,54.6
MS,M,17,U,LE3,T,4,4,other,services,home,mother,1,3,0,no,yes,no,no,yes,yes,yes,no,4,4,3,1,2,5,0,real_uci_base,6.2,6.5,65.04099743375573,57,3,74,4,62,4,65,3,59,3,317,63.4
MS,F,17,R,GT3,T,4,1,other,other,other,mother,1,1,0,no,no,no,no,yes,yes,yes,yes,4,2,3,1,2,5,1,real_uci_base,8.0,4.4,49.17721355032278,61,4,48,2,43,2,53,4,48,3,253,50.6
MS,M,16,U,LE3,T,2,2,services,services,other,mother,4,3,0,no,no,no,no,yes,yes,no,no,5,1,3,2,2,3,0,real_uci_base,7.3,3.5,64.70922010203385,76,4,72,4,66,4,55,4,57,3,326,65.2
MS,F,17,R,GT3,T,2,2,at_home,other,other,mother,1,1,0,no,yes,yes,no,yes,yes,yes,no,5,1,3,1,2,5,5,real_uci_base,8.9,3.9,44.6655357628432,61,3,41,3,46,3,38,3,59,4,245,49.0
MS,F,16,U,LE3,T,4,4,services,services,other,father,2,1,0,no,yes,no,no,yes,yes,no,no,5,1,3,1,2,5,1,real_uci_base,7.1,2.8,53.21103868701538,52,3,53,3,49,3,52,4,45,3,251,50.2
MS,M,17,U,GT3,T,3,3,services,services,home,mother,1,1,0,no,yes,no,yes,yes,yes,yes,no,4,1,4,5,5,3,8,real_uci_base,7.5,4.8,39.31500938111417,42,3,34,2,38,3,54,4,46,3,214,42.8
MS,M,17,U,GT3,T,1,1,at_home,services,other,mother,3,2,0,no,no,no,no,yes,yes,yes,yes,5,1,3,3,3,1,0,real_uci_base,7.3,5.4,46.80697186126211,54,4,65,3,43,2,43,2,30,3,235,47.0
MS,M,16,U,GT3,T,2,1,health,services,other,mother,2,2,0,no,no,no,no,no,yes,yes,yes,4,2,2,1,4,5,2,real_uci_base,8.3,5.1,51.548962212201,62,3,59,2,57,4,59,3,57,3,294,58.8
MS,F,16,U,LE3,T,2,1,other,services,other,mother,1,2,0,no,no,no,no,yes,yes,yes,yes,3,2,2,1,1,3,0,real_uci_base,7.1,3.4,51.51812548014155,54,3,48,3,55,4,50,4,54,4,261,52.2
MS,M,16,U,LE3,T,4,4,teacher,health,other,father,1,1,0,no,yes,no,no,yes,yes,yes,no,4,1,2,2,5,5,0,real_uci_base,7.5,3.9,39.21184129737762,45,2,44,3,32,2,47,3,47,3,215,43.0
MS,M,15,R,GT3,T,1,2,other,services,course,mother,3,2,0,no,yes,no,yes,yes,yes,no,no,5,5,5,1,3,5,11,real_uci_base,7.9,5.0,45.85335669846967,54,4,43,2,46,3,34,2,39,3,216,43.2
MS,M,15,U,LE3,A,2,2,other,other,reputation,mother,3,4,0,no,yes,no,yes,yes,yes,no,no,5,4,5,2,3,5,8,real_uci_base,7.0,4.1,66.08291080286288,79,4,66,4,65,3,65,3,68,3,343,68.6
MS,M,15,U,LE3,A,2,1,services,services,course,mother,1,1,0,no,no,no,yes,yes,yes,yes,no,4,3,3,1,2,5,11,real_uci_base,7.2,4.8,38.97574352454136,40,3,40,2,36,2,33,2,46,3,195,39.0
MS,F,16,R,LE3,T,2,2,other,other,course,mother,1,3,0,no,yes,no,no,no,yes,no,yes,4,3,3,2,2,5,2,real_uci_base,7.2,3.9,56.80169958491272,63,3,53,4,63,4,40,2,53,3,272,54.4
MS,F,16,U,LE3,T,4,1,other,other,home,mother,2,2,0,no,yes,no,yes,yes,yes,yes,no,1,2,4,2,2,1,8,real_uci_base,8.0,7.1,49.03825903543562,61,4,68,5,59,4,50,4,55,3,293,58.6
MS,F,17,U,GT3,T,3,2,at_home,other,home,mother,2,1,0,no,no,no,no,yes,yes,no,yes,4,3,3,2,2,1,5,real_uci_base,6.8,4.7,39.86816063644646,34,2,42,2,29,3,46,3,35,2,186,37.2
MS,F,17,R,GT3,T,2,2,other,other,other,mother,2,2,0,yes,no,yes,no,yes,yes,no,no,5,1,3,1,1,5,0,real_uci_base,7.2,2.3,50.6031806905426,56,4,42,3,41,3,51,4,56,4,246,49.2
MS,F,16,U,GT3,T,4,4,teacher,services,course,mother,2,3,0,no,yes,no,no,yes,yes,yes,yes,5,3,5,1,4,5,1,real_uci_base,6.6,5.6,59.45621328284703,51,3,55,3,60,3,65,3,59,3,290,58.0
MS,M,17,R,GT3,T,4,4,health,other,course,father,3,1,3,no,no,no,yes,yes,yes,yes,yes,3,3,3,1,3,5,2,real_uci_base,8.4,6.4,20.0,30,2,33,1,14,1,44,2,18,2,139,27.8
MS,M,17,R,LE3,T,1,3,other,other,course,father,2,1,0,no,no,no,yes,yes,yes,no,yes,5,1,2,3,3,5,2,real_uci_base,6.3,4.7,35.89252208148048,19,1,58,3,21,2,31,2,36,2,165,33.0
MS,M,17,U,GT3,T,3,4,services,other,other,mother,1,2,1,no,yes,no,yes,no,yes,yes,yes,5,4,4,3,4,5,8,real_uci_base,7.0,5.2,39.387729264607856,43,3,35,3,39,2,46,2,35,3,198,39.6
MS,F,17,U,GT3,T,4,4,health,health,course,father,1,2,0,no,yes,no,no,yes,yes,yes,no,5,2,5,1,1,5,0,real_uci_base,7.5,4.4,65.77903388348071,72,4,61,4,66,3,68,4,70,4,337,67.4
MS,M,16,R,LE3,T,4,1,other,at_home,other,father,1,1,0,no,no,no,no,yes,yes,yes,no,4,1,2,2,1,2,0,real_uci_base,8.4,5.4,48.02426863059311,61,3,61,4,45,4,56,3,36,2,259,51.8
MS,F,17,U,GT3,A,1,1,at_home,at_home,other,mother,1,2,0,no,no,no,yes,yes,yes,yes,yes,4,5,5,1,2,3,2,real_uci_base,7.5,7.7,46.23188643611743,52,3,49,3,47,3,49,3,53,2,250,50.0
MS,F,17,R,GT3,T,4,2,other,other,course,mother,2,2,0,yes,yes,no,no,no,yes,yes,no,4,3,3,2,3,5,0,real_uci_base,6.9,4.9,63.21044619109254,63,3,57,3,74,4,65,3,62,4,321,64.2
MS,M,16,U,LE3,A,2,2,other,services,course,father,2,2,0,no,yes,no,no,no,yes,yes,yes,4,1,2,2,2,5,0,real_uci_base,8.4,4.3,51.30272683065461,65,3,61,4,49,3,61,3,44,2,280,56.0
MS,M,17,U,GT3,T,3,2,other,other,other,father,2,2,0,no,yes,yes,no,yes,yes,yes,no,4,1,2,2,2,1,0,real_uci_base,6.1,2.1,56.74009180786802,48,3,42,4,55,3,60,3,52,3,257,51.4
MS,M,19,U,GT3,T,1,1,other,other,other,mother,1,2,2,no,yes,no,yes,yes,no,yes,no,4,4,3,3,4,4,2,real_uci_base,5.9,6.7,20.0,4,1,23,2,16,1,19,2,17,1,79,15.8
MS,M,17,U,LE3,A,1,0,other,other,home,mother,1,1,0,no,no,no,no,yes,yes,no,yes,4,1,2,1,1,5,4,real_uci_base,7.7,3.3,40.63184168067816,39,2,50,2,29,2,20,2,38,2,176,35.2
MS,F,17,R,GT3,T,1,1,at_home,at_home,course,father,2,1,0,no,yes,no,yes,yes,no,yes,yes,3,5,5,2,2,4,3,real_uci_base,7.4,8.0,30.990554079493386,26,2,41,2,29,3,34,2,26,1,156,31.2
MS,F,16,R,GT3,T,1,2,other,other,home,father,1,3,0,yes,yes,no,no,no,yes,yes,yes,4,3,4,1,1,3,5,real_uci_base,6.3,4.9,51.057448570869866,47,2,45,3,37,2,66,4,55,3,250,50.0
MS,M,16,R,LE3,T,1,2,other,at_home,course,mother,1,1,0,no,no,no,no,yes,yes,no,no,4,4,4,2,4,5,4,real_uci_base,8.1,5.1,43.32685478528276,50,3,43,3,44,2,47,4,33,3,217,43.4
MS,F,17,R,GT3,T,3,1,other,other,course,mother,2,2,3,no,yes,no,yes,no,yes,yes,yes,5,4,4,1,1,5,2,real_uci_base,7.6,5.8,40.85445472020455,40,3,40,3,59,4,43,3,43,3,225,45.0
MS,M,17,R,GT3,T,2,2,other,other,course,mother,2,1,0,no,no,no,yes,yes,no,no,yes,5,5,5,3,5,5,0,real_uci_base,7.4,6.4,35.48373938234496,37,3,43,2,27,2,48,3,38,2,193,38.6
MS,M,18,R,GT3,T,1,0,at_home,at_home,course,other,3,1,1,yes,yes,no,no,yes,yes,no,no,4,3,2,1,1,4,0,real_uci_base,6.7,3.6,32.77024816630722,24,1,30,2,33,1,32,2,33,2,152,30.4
MS,M,17,R,GT3,T,1,1,other,services,course,mother,2,1,0,no,yes,no,yes,no,yes,yes,yes,4,5,5,1,3,2,0,real_uci_base,8.4,7.1,38.94126192133251,48,2,45,3,43,3,29,2,38,3,203,40.6
MS,M,18,U,LE3,T,1,1,at_home,at_home,course,mother,2,2,0,no,yes,no,yes,yes,yes,no,no,4,3,3,1,4,5,6,real_uci_base,7.8,3.9,50.35479309225848,60,3,53,3,39,3,42,2,44,2,238,47.6
MS,F,16,R,LE3,T,2,2,other,services,course,father,1,2,0,no,no,no,yes,yes,yes,no,yes,5,4,3,1,1,1,0,real_uci_base,7.3,5.1,56.65130487172871,56,3,66,3,58,4,65,4,53,3,298,59.6
MS,M,16,R,GT3,T,3,2,services,other,course,father,2,1,0,no,no,no,no,yes,yes,yes,no,4,5,5,2,3,5,2,real_uci_base,9.0,7.8,46.76457476368871,65,4,51,3,43,4,43,2,55,4,257,51.4
MS,M,16,R,LE3,T,1,1,at_home,other,course,mother,2,1,0,no,no,no,yes,yes,yes,yes,no,4,5,5,2,4,5,0,real_uci_base,7.0,6.9,21.22164757678875,13,1,16,1,6,1,22,1,33,2,90,18.0
MS,M,18,R,GT3,T,1,1,services,other,course,other,2,1,1,no,yes,no,no,yes,no,yes,yes,5,3,3,2,3,5,2,real_uci_base,6.5,5.9,20.0,6,1,20,2,6,1,14,2,19,1,65,13.0
MS,M,19,U,GT3,T,3,2,at_home,services,course,mother,2,1,3,no,no,no,yes,yes,yes,no,no,3,2,1,1,1,3,4,real_uci_base,7.0,2.5,20.0,18,2,14,2,7,1,19,2,27,2,85,17.0
MS,M,18,U,GT3,T,3,3,at_home,at_home,course,mother,1,2,2,no,yes,no,yes,yes,no,yes,no,4,4,5,1,3,3,9,real_uci_base,7.4,7.0,35.983801125262254,45,3,44,3,50,2,33,2,23,2,195,39.0
MS,M,16,R,GT3,T,2,2,services,services,course,mother,2,1,0,no,yes,no,yes,yes,yes,yes,yes,5,4,3,2,4,4,6,real_uci_base,7.8,5.8,32.46611181036643,39,3,35,2,24,2,32,2,45,4,175,35.0
MS,M,19,U,GT3,T,2,1,at_home,other,course,other,2,1,3,no,no,no,yes,no,no,yes,yes,4,4,3,1,3,5,4,real_uci_base,7.5,8.0,20.0,23,2,45,1,2,1,21,2,21,3,112,22.4
MS,F,16,U,GT3,A,3,2,services,at_home,course,mother,2,2,2,no,yes,no,yes,yes,yes,no,yes,2,5,5,1,1,1,8,real_uci_base,7.7,5.0,35.47707643731525,39,2,30,2,45,3,53,3,36,3,203,40.6
MS,F,17,U,GT3,T,1,1,other,at_home,course,mother,1,1,0,no,yes,no,yes,yes,yes,no,no,4,3,2,1,2,5,9,real_uci_base,6.7,5.2,39.55194334221628,25,3,54,3,34,3,42,3,52,3,207,41.4
MS,M,20,R,GT3,T,1,1,other,other,course,other,2,1,1,no,yes,no,no,yes,no,yes,yes,4,4,3,2,4,4,12,real_uci_base,8.7,7.8,20.0,39,4,32,2,9,1,12,2,23,3,115,23.0
MS,F,18,R,GT3,A,4,3,services,services,course,mother,1,1,0,no,yes,no,no,yes,yes,yes,no,5,4,4,3,4,2,8,real_uci_base,7.6,7.0,35.786762395674415,45,3,31,4,21,1,34,3,32,2,163,32.6
MS,M,18,R,GT3,T,3,2,other,other,course,mother,2,1,0,no,yes,no,no,no,yes,yes,no,2,5,5,5,5,5,8,real_uci_base,8.5,8.0,22.73153768219195,39,2,35,3,24,2,20,1,17,2,135,27.0
MS,M,19,R,GT3,T,1,1,other,services,home,other,3,2,1,no,no,no,no,yes,yes,yes,no,5,4,4,3,3,2,8,real_uci_base,7.6,7.4,32.343211904843635,37,2,42,4,34,3,30,2,28,3,171,34.2
MS,M,17,U,GT3,T,3,3,health,other,course,mother,2,2,1,no,yes,no,no,yes,yes,yes,no,4,5,4,2,3,3,4,real_uci_base,7.8,7.3,35.902108342901954,38,3,43,3,35,3,42,3,42,3,200,40.0
MS,M,18,U,LE3,T,1,3,at_home,services,course,mother,1,1,0,no,no,no,no,yes,no,yes,yes,4,3,3,2,3,3,0,real_uci_base,7.9,5.9,46.99438351385311,49,3,43,2,51,3,54,2,37,3,234,46.8
MS,M,19,R,GT3,T,1,1,other,other,home,other,3,1,1,no,yes,no,no,yes,yes,yes,no,4,4,4,3,3,5,4,real_uci_base,8.0,8.0,20.0,18,2,20,2,5,1,27,1,11,1,81,16.2
MS,F,18,U,GT3,A,1,2,at_home,other,course,mother,2,2,2,no,yes,no,no,yes,yes,no,no,4,3,3,1,1,5,2,real_uci_base,7.7,5.6,28.228888809233208,36,3,37,3,23,2,25,2,29,2,150,30.0
MS,F,19,U,LE3,A,1,1,at_home,other,course,mother,1,1,0,no,yes,no,no,yes,no,no,no,1,4,4,1,1,5,0,real_uci_base,8.6,5.4,33.023676234533696,52,3,30,3,27,2,34,3,33,3,176,35.2
MS,F,18,R,GT3,T,2,2,other,other,other,mother,2,1,1,no,no,no,no,yes,no,yes,yes,5,5,5,1,1,3,0,real_uci_base,7.9,6.6,37.33195592976505,40,3,26,2,36,2,42,3,36,2,180,36.0
MS,F,17,R,GT3,T,0,0,at_home,other,course,mother,2,1,0,no,yes,no,no,yes,yes,yes,no,4,4,3,1,1,5,0,real_uci_base,8.1,5.9,38.401713449059166,47,2,39,3,33,2,35,3,31,3,185,37.0
MS,F,17,R,LE3,A,3,1,other,at_home,course,other,2,3,0,no,yes,yes,no,yes,no,no,no,4,2,3,2,2,3,5,real_uci_base,6.9,3.3,62.1970626793746,71,4,63,3,67,3,42,3,57,4,300,60.0
MS,F,17,U,GT3,T,4,2,teacher,services,home,mother,1,2,0,yes,yes,no,yes,yes,yes,yes,no,5,5,5,1,3,5,0,real_uci_base,8.5,7.3,41.053979370039656,54,3,46,3,31,2,51,3,43,2,225,45.0
MS,F,18,R,LE3,T,2,2,services,services,course,mother,1,2,1,no,yes,no,yes,yes,yes,yes,no,2,3,3,1,2,4,3,real_uci_base,6.8,6.9,34.9529488579845,41,3,37,3,36,3,24,2,34,2,172,34.4
MS,F,17,U,GT3,T,4,1,health,at_home,course,mother,1,1,0,no,yes,no,no,yes,yes,no,yes,3,2,2,1,1,5,0,real_uci_base,8.7,3.1,54.52001853927023,78,5,48,3,52,3,48,4,46,4,272,54.4
MS,F,17,U,LE3,T,1,2,at_home,other,course,father,1,1,0,no,no,no,no,yes,yes,yes,no,5,5,1,1,1,3,0,real_uci_base,7.7,5.8,58.44988461937173,59,3,58,3,64,3,60,3,70,4,311,62.2
MS,F,18,U,GT3,T,1,1,other,other,course,mother,3,2,2,no,no,no,yes,yes,yes,no,yes,3,4,4,2,2,5,3,real_uci_base,6.4,5.6,21.42940417343915,11,1,27,2,23,2,12,1,19,1,92,18.4
MS,F,18,U,GT3,T,2,2,services,at_home,reputation,father,2,2,0,no,no,no,yes,no,yes,yes,no,4,3,5,1,1,1,2,real_uci_base,7.4,7.4,50.826751626115104,58,3,62,4,52,3,42,2,53,3,267,53.4
MS,F,17,U,GT3,T,3,3,services,services,course,mother,2,1,0,no,yes,no,no,yes,yes,yes,no,4,4,3,1,1,4,0,real_uci_base,7.2,4.3,40.936823244625806,36,2,29,2,32,2,28,2,38,2,163,32.6
MS,F,18,U,LE3,A,1,2,at_home,other,reputation,mother,2,2,0,no,no,no,no,yes,yes,yes,no,4,4,3,1,2,4,0,real_uci_base,8.0,5.9,36.82826277412185,42,3,34,2,18,2,34,2,33,2,161,32.2
MS,F,18,U,GT3,T,4,4,teacher,teacher,reputation,mother,2,2,0,no,no,no,yes,no,yes,yes,no,4,3,5,1,2,1,0,real_uci_base,6.8,6.9,58.9486462546902,62,4,62,3,58,4,62,2,54,3,298,59.6
MS,M,18,U,LE3,T,4,4,services,other,reputation,mother,1,1,0,no,yes,no,yes,yes,yes,yes,no,5,4,5,1,1,5,3,real_uci_base,7.3,8.0,48.61663823811158,51,4,56,4,45,4,62,4,51,3,265,53.0
MS,F,17,U,GT3,T,4,2,other,other,course,mother,2,2,0,no,yes,no,no,yes,yes,yes,no,4,3,3,1,2,4,0,real_uci_base,6.0,5.2,59.011076138790536,48,3,62,4,65,4,49,3,53,3,277,55.4
MS,M,18,U,LE3,T,1,2,at_home,services,home,mother,2,1,0,no,yes,no,no,no,yes,no,no,4,1,4,5,5,1,8,real_uci_base,7.0,2.6,28.7795826661815,22,2,13,1,18,2,22,1,24,2,99,19.8
MS,M,18,R,GT3,T,4,4,at_home,services,other,mother,3,1,0,no,yes,yes,yes,yes,yes,yes,yes,2,5,5,1,1,1,5,real_uci_base,6.1,8.0,43.46941283717251,21,1,53,3,52,3,40,2,50,3,216,43.2
MS,M,17,R,GT3,T,1,1,other,services,other,father,3,1,0,no,no,no,no,no,no,no,no,4,2,3,3,4,4,4,real_uci_base,6.3,3.4,48.74290704326312,38,3,47,3,61,3,56,3,47,2,249,49.8
MS,F,18,U,GT3,T,2,2,other,other,course,mother,2,2,0,no,yes,no,no,no,yes,yes,yes,1,3,1,1,1,2,4,real_uci_base,7.8,4.1,53.03823365014359,60,3,48,3,63,3,51,3,63,4,285,57.0
MS,F,18,U,LE3,T,2,2,services,services,course,father,2,3,0,no,no,no,no,yes,yes,yes,yes,5,4,5,1,4,3,0,real_uci_base,7.7,6.7,57.24948903354629,67,4,55,3,61,4,63,4,40,3,286,57.2
MS,F,18,U,GT3,T,1,1,at_home,services,course,mother,3,2,1,no,no,no,no,yes,no,no,no,4,4,2,1,2,2,2,real_uci_base,7.7,4.7,41.3413364849461,52,3,38,2,32,3,37,2,49,2,208,41.6
MS,F,17,U,GT3,T,4,2,teacher,other,course,father,2,4,0,no,no,no,no,yes,yes,yes,yes,4,2,3,3,1,5,0,real_uci_base,6.0,4.6,54.39471125724452,56,3,54,3,49,3,47,4,71,4,277,55.4
MS,F,17,R,LE3,A,2,1,services,other,reputation,mother,2,2,0,no,no,no,yes,yes,yes,yes,yes,5,3,3,1,2,2,5,real_uci_base,7.3,3.8,60.843437614262086,69,3,47,3,63,4,51,3,65,3,295,59.0
MS,F,18,U,LE3,A,1,1,at_home,services,course,mother,1,2,0,no,no,no,no,yes,yes,no,yes,5,2,3,1,2,3,2,real_uci_base,7.2,4.9,46.5148541611696,46,2,46,3,44,3,25,2,48,3,209,41.8
MS,F,18,U,GT3,T,1,2,at_home,at_home,course,father,2,2,0,no,yes,no,no,yes,no,no,no,4,1,1,1,1,4,0,real_uci_base,6.3,3.9,54.75689953829811,47,2,66,4,55,4,51,2,56,3,275,55.0
MS,F,18,R,GT3,T,2,2,services,other,home,mother,2,3,0,no,no,no,no,yes,yes,yes,yes,4,2,1,1,1,4,5,real_uci_base,8.0,5.1,49.94179416057248,70,3,63,3,49,2,53,3,53,3,288,57.6
MS,M,17,R,GT3,T,4,3,services,other,home,mother,2,2,1,no,yes,yes,yes,no,yes,yes,yes,4,5,5,1,3,2,4,real_uci_base,8.1,6.5,36.973242012953314,49,3,34,2,36,3,49,3,32,2,200,40.0
MS,F,18,U,GT3,T,3,3,services,services,course,father,1,2,0,no,yes,no,no,yes,yes,no,yes,5,3,4,1,1,5,0,real_uci_base,7.1,4.9,66.54052439533342,74,4,66,4,72,4,69,4,61,4,342,68.4
MS,F,17,R,GT3,T,4,4,teacher,services,other,father,2,2,0,no,yes,yes,yes,yes,yes,yes,no,4,3,3,1,2,5,2,real_uci_base,7.3,5.6,54.58618626625295,59,3,58,3,52,4,64,4,48,3,281,56.2
MS,F,17,U,LE3,A,3,2,services,other,reputation,mother,2,2,0,no,no,no,no,yes,yes,no,yes,1,2,3,1,2,5,0,real_uci_base,7.3,4.4,59.34965285625526,71,3,64,4,69,4,55,2,69,3,328,65.6
MS,M,18,U,LE3,T,1,1,other,services,home,father,2,1,0,no,no,no,no,no,yes,yes,yes,3,3,2,1,2,3,2,real_uci_base,6.1,6.0,35.980616045648894,23,1,43,3,39,3,33,2,36,2,174,34.8
MS,F,18,U,LE3,T,1,1,at_home,services,course,father,2,3,0,no,no,no,no,yes,yes,yes,no,5,3,2,1,1,4,0,real_uci_base,6.9,4.9,46.37861336225286,53,4,52,3,35,2,38,2,47,3,225,45.0
MS,F,18,R,LE3,A,1,2,at_home,other,course,mother,3,2,0,no,no,no,no,yes,yes,no,yes,4,3,4,1,4,5,0,real_uci_base,6.8,5.2,52.392405598390326,49,2,60,3,54,3,51,3,51,3,265,53.0
MS,F,18,U,GT3,T,3,3,services,services,other,mother,2,2,0,no,yes,no,no,yes,yes,yes,yes,4,3,2,1,3,3,6,real_uci_base,6.6,5.9,45.04064609346636,40,2,53,3,39,3,35,2,45,3,212,42.4
MS,F,17,U,LE3,T,4,4,at_home,at_home,course,mother,1,2,0,no,yes,no,yes,yes,yes,yes,yes,2,3,4,1,1,1,4,real_uci_base,7.1,7.2,54.882132881102265,59,3,66,4,59,3,49,3,44,2,277,55.4
MS,F,17,R,GT3,T,1,2,other,services,course,father,2,2,0,no,no,no,no,no,yes,no,no,3,2,2,1,2,3,0,real_uci_base,8.5,4.1,51.821265205240486,76,5,63,3,57,3,48,4,44,3,288,57.6
MS,M,18,R,GT3,T,1,3,at_home,other,course,mother,2,2,0,no,yes,yes,no,yes,yes,no,no,3,3,4,2,4,3,0,real_uci_base,7.7,5.7,37.93129063234278,49,3,40,2,30,2,40,2,43,3,202,40.4
MS,M,18,U,LE3,T,4,4,teacher,services,other,mother,2,3,0,no,no,no,no,yes,yes,yes,yes,4,2,2,2,2,5,0,real_uci_base,6.6,5.1,62.40576859222342,62,3,66,3,60,3,54,3,61,4,303,60.6
MS,F,17,R,GT3,T,1,1,other,services,reputation,mother,3,1,1,no,yes,no,no,yes,yes,yes,yes,5,2,1,1,2,1,0,real_uci_base,7.9,5.4,50.00733885291679,62,3,64,3,66,5,54,3,49,3,295,59.0
MS,F,18,U,GT3,T,2,3,at_home,services,course,father,2,1,0,no,yes,no,no,yes,yes,yes,yes,5,2,3,1,2,4,0,real_uci_base,8.4,5.7,51.99791875108676,56,4,59,4,53,3,54,3,50,2,272,54.4
MS,F,18,R,GT3,T,4,4,other,teacher,other,father,3,2,0,no,yes,no,no,no,yes,yes,yes,3,2,2,4,2,5,0,real_uci_base,7.8,4.3,55.61489348196722,60,3,55,3,59,3,51,3,66,3,291,58.2
MS,M,18,R,LE3,T,1,2,at_home,services,other,father,3,1,0,no,yes,no,yes,yes,no,yes,yes,4,3,3,2,3,3,3,real_uci_base,7.6,7.0,45.05206041174138,50,3,58,3,62,3,57,4,25,1,252,50.4
MS,F,17,U,GT3,T,2,2,other,at_home,home,mother,1,3,0,no,no,no,yes,yes,yes,no,yes,3,4,3,1,1,3,8,real_uci_base,6.7,5.5,53.914010791218665,53,3,63,4,54,4,43,3,51,3,264,52.8
MS,F,17,R,GT3,T,1,2,other,other,course,mother,1,1,0,no,no,no,yes,yes,yes,yes,no,3,5,5,1,3,1,4,real_uci_base,8.2,7.0,39.657205381576766,49,2,40,3,44,3,33,1,44,2,210,42.0
MS,F,18,R,LE3,T,4,4,other,other,reputation,mother,2,3,0,no,no,no,no,yes,yes,yes,no,5,4,4,1,1,1,0,real_uci_base,7.4,6.4,58.43024896704537,66,4,56,3,49,3,58,3,60,3,289,57.8
MS,F,18,R,GT3,T,1,1,other,other,home,mother,4,3,0,no,no,no,no,yes,yes,yes,no,4,3,2,1,2,4,4,real_uci_base,7.7,5.7,55.09308815473759,69,4,58,3,56,3,55,4,60,3,298,59.6
MS,F,19,R,GT3,T,1,1,at_home,other,course,other,2,2,1,no,yes,no,no,yes,yes,yes,yes,4,3,3,1,1,3,4,real_uci_base,7.7,6.6,44.48266049850167,49,4,51,3,51,3,48,3,41,3,240,48.0
MS,F,18,R,LE3,T,4,4,teacher,services,course,mother,1,2,0,no,no,no,yes,yes,yes,yes,no,5,4,3,3,4,2,1,real_uci_base,8.1,6.6,48.45362708739985,62,2,54,3,43,2,33,3,51,2,243,48.6
MS,F,18,U,GT3,T,3,3,other,other,home,mother,1,2,0,no,no,no,no,yes,yes,yes,yes,4,1,3,1,2,1,1,real_uci_base,6.7,5.1,62.01697492748168,65,3,60,3,80,5,68,4,51,3,324,64.8
MS,F,17,R,GT3,T,3,1,at_home,other,reputation,mother,1,2,0,no,yes,no,yes,no,yes,yes,no,4,5,4,2,3,1,10,real_uci_base,8.4,8.0,40.94976385512924,59,3,58,4,39,2,48,3,45,3,249,49.8
MS,M,18,U,GT3,T,4,4,teacher,teacher,home,father,1,2,0,no,no,no,yes,no,yes,yes,no,3,2,4,1,4,2,4,real_uci_base,7.3,6.7,44.66338293076876,57,3,58,4,42,3,41,2,38,3,236,47.2
MS,M,18,R,GT3,T,2,1,other,other,other,mother,2,1,0,no,no,no,yes,no,yes,yes,yes,4,4,3,1,3,5,0,real_uci_base,9.1,6.6,45.95579246152147,65,4,48,4,44,3,35,2,41,3,233,46.6
MS,M,17,U,GT3,T,2,3,other,services,home,father,2,2,0,no,no,no,yes,yes,yes,yes,no,4,4,3,1,1,3,4,real_uci_base,6.9,6.9,47.50923458557038,46,3,67,3,48,3,53,3,47,3,261,52.2
MS,M,19,R,GT3,T,1,1,other,services,other,mother,2,1,1,no,no,no,no,yes,yes,no,no,4,3,2,1,3,5,0,real_uci_base,8.8,3.8,39.81708932491664,49,3,31,2,49,3,38,3,51,3,218,43.6
MS,M,18,R,GT3,T,4,2,other,other,home,father,2,1,1,no,no,yes,no,yes,yes,no,no,5,4,3,4,3,3,0,real_uci_base,7.8,5.5,35.84944820644878,37,2,39,2,32,3,25,2,57,3,190,38.0
MS,F,18,R,GT3,T,2,2,at_home,other,other,mother,2,3,0,no,no,no,no,yes,yes,no,no,5,3,3,1,3,4,0,real_uci_base,6.6,6.1,54.761043138820575,53,4,70,3,44,2,36,2,55,3,258,51.6
MS,F,17,U,GT3,T,4,3,teacher,other,other,mother,2,2,0,no,no,no,no,yes,yes,yes,no,5,5,4,1,1,1,0,real_uci_base,7.2,6.8,59.22136122600575,63,4,60,4,62,3,53,3,54,4,292,58.4
MS,F,18,R,GT3,T,4,4,teacher,at_home,reputation,mother,3,1,0,no,yes,no,yes,yes,yes,yes,yes,4,4,3,2,2,5,4,real_uci_base,7.4,5.7,50.48538234554004,47,3,45,3,52,3,47,4,46,2,237,47.4
MS,F,19,R,GT3,T,2,3,services,other,course,mother,1,3,1,no,no,no,yes,no,yes,yes,no,5,4,2,1,2,5,4,real_uci_base,7.4,5.8,37.78680931728957,49,4,32,3,29,2,37,3,36,2,183,36.6
MS,F,18,U,LE3,T,3,1,teacher,services,course,mother,1,2,0,no,yes,no,no,yes,yes,yes,no,4,3,4,1,1,1,4,real_uci_base,7.7,5.4,45.70253755943365,53,4,39,2,47,3,30,2,60,3,229,45.8
MS,F,18,U,GT3,T,1,1,other,other,course,mother,2,2,0,no,no,no,yes,yes,yes,no,no,1,1,1,1,1,5,6,real_uci_base,6.7,2.3,52.786459908744895,50,3,50,2,57,4,39,2,46,3,242,48.4
MS,M,17,U,LE3,T,3,1,services,services,course,mother,2,1,0,no,no,no,no,no,yes,yes,no,2,4,5,3,4,2,6,real_uci_base,7.6,6.6,33.42718046659071,36,1,37,2,29,2,39,3,22,2,163,32.6
MS,M,18,R,LE3,T,3,2,services,other,course,mother,3,1,0,no,no,no,no,no,yes,yes,no,4,4,1,3,4,5,4,real_uci_base,9.1,4.5,38.40761218337147,55,4,39,3,31,3,39,2,40,2,204,40.8
GP,M,14,U,LE3,T,3,1,services,health,other,mother,2,4,1,yes,no,yes,no,yes,yes,yes,no,5,4,3,1,2,3,4,synthetic_indian,8.1,5.2,48.43855590845516,67,4,60,4,41,3,38,3,56,3,262,52.4
MS,F,15,R,GT3,T,3,4,at_home,services,other,father,3,3,0,no,yes,yes,no,yes,yes,yes,no,5,2,3,1,2,1,4,synthetic_indian,7.3,5.2,56.11158207234492,57,4,64,4,52,4,70,4,50,3,293,58.6
GP,F,15,U,GT3,T,0,4,services,other,other,other,3,3,0,no,yes,no,no,yes,yes,yes,no,4,4,4,1,1,1,4,synthetic_indian,7.2,5.2,45.40920816022832,49,4,41,2,31,3,45,2,47,3,213,42.6
GP,F,14,U,GT3,T,3,0,teacher,at_home,course,father,1,2,1,yes,yes,yes,no,yes,yes,yes,no,1,1,4,1,2,5,2,synthetic_indian,7.2,5.3,35.35231568779081,37,3,48,3,38,3,43,3,33,2,199,39.8
GP,M,15,U,GT3,T,2,4,teacher,health,home,other,4,2,1,no,yes,no,no,yes,yes,yes,no,4,3,4,1,1,2,3,synthetic_indian,7.7,5.8,42.51937451651372,48,3,56,3,41,3,38,3,38,2,221,44.2
MS,M,14,U,GT3,T,3,4,at_home,at_home,reputation,father,1,1,2,no,no,no,no,yes,yes,yes,no,5,5,2,1,1,2,4,synthetic_indian,7.0,6.1,25.620472654088108,21,2,34,2,20,2,19,2,18,2,112,22.4
GP,M,15,U,LE3,T,2,4,services,teacher,reputation,mother,4,3,0,yes,yes,yes,yes,yes,no,no,no,2,2,1,3,5,3,7,synthetic_indian,6.8,2.0,53.49125944899229,59,4,48,2,49,2,50,2,52,3,258,51.6
GP,F,14,R,LE3,T,1,1,teacher,other,reputation,mother,2,4,0,yes,yes,yes,yes,yes,yes,no,no,1,1,3,1,1,1,6,synthetic_indian,5.4,3.2,56.52382378511643,50,3,67,4,57,3,62,3,59,3,295,59.0
GP,F,14,U,GT3,T,0,0,health,at_home,other,father,4,2,0,yes,no,no,yes,no,yes,no,no,1,4,1,1,2,5,6,synthetic_indian,7.7,2.3,58.06918759325967,68,3,56,2,61,4,58,3,50,2,293,58.6
MS,F,14,U,GT3,T,3,4,health,services,course,father,4,3,1,no,yes,no,no,yes,yes,yes,no,3,4,1,1,1,1,7,synthetic_indian,7.6,5.1,42.448699482620725,54,3,56,4,34,3,39,2,26,1,209,41.8
GP,M,15,U,LE3,T,2,4,services,other,other,father,2,4,0,yes,no,yes,yes,no,yes,yes,no,2,1,1,1,1,4,2,synthetic_indian,6.3,3.3,72.46628625980314,73,4,79,4,80,4,72,4,86,4,390,78.0
GP,F,15,R,GT3,T,4,1,at_home,services,home,mother,3,3,0,no,yes,no,yes,yes,yes,yes,yes,2,2,4,1,2,3,6,synthetic_indian,8.1,5.3,61.44860936609042,77,4,73,4,68,3,43,2,62,4,323,64.6
GP,F,15,R,GT3,T,0,0,teacher,at_home,course,mother,2,2,1,no,yes,yes,yes,yes,yes,yes,no,4,5,4,1,1,2,4,synthetic_indian,6.6,5.5,29.8254435637398,24,1,16,2,27,2,39,3,31,2,137,27.4
GP,F,14,R,LE3,T,1,2,at_home,other,reputation,mother,1,1,0,no,no,no,no,yes,yes,yes,no,1,2,3,2,1,1,2,synthetic_indian,6.4,3.5,41.41941572751619,33,2,37,3,44,2,37,2,35,3,186,37.2
MS,F,15,R,GT3,T,2,1,health,services,other,mother,1,3,0,yes,yes,yes,yes,yes,yes,no,no,4,3,3,5,1,3,4,synthetic_indian,7.2,4.3,50.11420050397432,62,3,62,4,47,4,55,4,39,2,265,53.0
GP,M,15,U,GT3,T,1,0,teacher,teacher,other,mother,1,4,0,no,yes,yes,yes,yes,yes,yes,yes,2,2,3,1,4,2,2,synthetic_indian,7.4,3.7,57.55413148251244,77,4,54,3,59,3,54,4,46,3,290,58.0
MS,M,14,U,GT3,T,1,4,at_home,teacher,home,father,1,2,0,no,yes,yes,yes,yes,no,no,yes,3,3,1,1,1,1,4,synthetic_indian,8.5,3.1,65.1247860804273,79,5,68,4,69,4,70,4,61,3,347,69.4
MS,F,16,R,LE3,T,3,0,other,at_home,home,mother,1,1,0,no,yes,no,yes,yes,yes,no,no,1,4,4,1,1,5,4,synthetic_indian,7.3,3.9,45.76363739578788,43,3,30,1,47,3,46,2,37,3,203,40.6
MS,M,14,R,LE3,T,3,0,services,other,other,mother,3,4,0,no,no,no,no,yes,yes,no,no,2,3,2,1,1,3,4,synthetic_indian,7.6,3.8,65.61165023940066,83,5,84,4,69,4,59,3,63,3,358,71.6
GP,M,15,R,GT3,T,2,0,services,health,home,mother,3,4,0,yes,no,no,yes,no,yes,no,no,3,5,1,1,4,1,3,synthetic_indian,7.0,3.0,56.71814408027214,67,4,51,3,51,2,45,3,55,3,269,53.8
MS,F,14,R,GT3,T,4,2,other,other,reputation,father,4,4,0,no,no,yes,yes,yes,yes,yes,no,5,1,5,1,2,2,4,synthetic_indian,6.5,4.9,56.725660010454,65,3,68,4,51,3,63,3,52,3,299,59.8
GP,F,16,R,GT3,A,2,0,health,teacher,home,mother,1,3,0,no,no,yes,no,yes,yes,yes,no,2,3,1,1,2,2,3,synthetic_indian,7.7,5.0,51.09919073675755,62,3,62,3,47,3,44,3,56,3,271,54.2
MS,M,14,R,GT3,T,4,2,teacher,services,home,mother,2,2,0,no,yes,yes,yes,yes,yes,yes,no,5,2,4,1,1,5,3,synthetic_indian,7.7,4.0,67.08964892918348,70,4,71,4,75,4,74,4,73,4,363,72.6
MS,F,15,R,LE3,T,1,4,services,health,other,mother,1,4,1,no,yes,no,yes,no,yes,yes,no,4,3,5,1,1,3,4,synthetic_indian,5.7,6.3,41.14699286046212,31,2,51,3,32,2,25,2,49,3,188,37.6
MS,M,16,R,GT3,A,0,2,other,at_home,other,mother,3,3,0,no,yes,no,no,yes,yes,yes,no,5,4,1,1,1,3,5,synthetic_indian,8.2,5.2,50.80946379093983,68,4,55,3,47,3,57,3,62,3,289,57.8
MS,F,15,R,LE3,T,2,4,other,health,course,other,1,2,0,yes,yes,no,yes,yes,yes,yes,no,2,3,4,1,1,1,6,synthetic_indian,8.3,5.0,53.10760641740441,69,4,53,3,57,3,50,3,61,3,290,58.0
MS,M,16,R,GT3,T,2,4,health,at_home,course,other,3,2,1,no,yes,yes,yes,yes,yes,yes,yes,5,5,4,2,1,2,2,synthetic_indian,7.1,5.9,39.22207129091642,33,3,40,3,36,3,44,4,44,2,197,39.4
MS,F,16,U,GT3,T,4,2,health,health,other,mother,4,3,0,no,no,no,yes,yes,no,no,no,1,3,2,3,5,2,2,synthetic_indian,7.3,2.1,50.71485931730872,59,3,41,2,38,3,50,3,44,3,232,46.4
MS,M,14,R,LE3,A,1,1,at_home,at_home,home,mother,4,3,3,yes,yes,yes,no,yes,yes,no,no,2,5,1,1,2,5,9,synthetic_indian,7.6,4.0,21.95840850963094,33,1,25,2,24,2,14,2,22,2,118,23.6
MS,M,14,U,GT3,T,1,3,services,at_home,home,father,4,4,1,no,yes,no,no,no,yes,yes,yes,3,2,4,1,1,5,7,synthetic_indian,6.9,3.3,46.31629557485911,50,3,35,2,44,3,41,3,60,3,230,46.0
GP,M,15,U,LE3,T,4,0,at_home,health,course,mother,3,2,0,no,yes,yes,no,yes,yes,yes,yes,5,4,3,1,1,3,3,synthetic_indian,7.0,5.6,46.37526892270179,49,3,45,3,39,2,43,3,43,2,219,43.8
GP,F,14,R,LE3,T,1,3,other,health,course,mother,1,1,3,no,no,no,no,yes,yes,yes,yes,1,1,4,1,2,2,5,synthetic_indian,6.9,3.9,20.0,15,2,23,2,25,2,17,2,39,3,119,23.8
MS,M,14,U,LE3,T,3,0,teacher,at_home,course,mother,1,3,0,yes,no,yes,yes,yes,yes,yes,no,4,2,2,1,1,1,6,synthetic_indian,6.9,4.3,48.26578130661421,58,3,56,3,37,3,55,4,39,2,245,49.0
MS,M,16,U,LE3,T,0,0,teacher,teacher,reputation,other,2,2,0,no,no,no,yes,yes,no,no,no,4,2,4,1,1,4,5,synthetic_indian,8.0,3.8,40.07276719303097,50,3,39,2,23,2,43,3,29,2,184,36.8
MS,F,14,U,GT3,T,2,4,health,health,reputation,mother,3,2,0,no,yes,no,no,yes,yes,yes,no,5,1,1,1,1,1,8,synthetic_indian,7.5,2.6,56.08985012279663,59,4,54,3,49,2,45,3,56,3,263,52.6
GP,F,16,U,GT3,T,0,0,teacher,other,course,mother,2,4,0,no,no,no,no,yes,yes,yes,no,4,3,1,1,1,5,6,synthetic_indian,6.5,5.1,59.56173301505907,61,3,71,3,62,4,49,3,56,3,299,59.8
MS,M,16,R,LE3,T,2,0,teacher,services,home,father,4,1,2,yes,yes,no,yes,yes,yes,no,no,3,3,5,1,2,1,6,synthetic_indian,8.1,5.2,21.608469152018664,29,3,24,2,19,1,22,2,30,2,124,24.8
GP,M,16,U,GT3,T,3,2,teacher,at_home,course,mother,1,4,0,no,no,no,no,yes,yes,no,no,2,3,1,3,1,2,3,synthetic_indian,4.8,3.6,54.13251353130629,36,2,61,3,48,2,35,2,54,3,234,46.8
GP,F,15,U,LE3,T,1,3,other,at_home,reputation,mother,3,1,0,no,yes,no,yes,yes,yes,yes,yes,1,4,5,1,1,3,4,synthetic_indian,8.5,6.7,39.35615278509364,49,3,50,3,37,2,43,3,29,1,208,41.6
GP,F,15,U,GT3,T,4,2,teacher,services,home,other,2,1,0,no,yes,no,yes,no,yes,yes,no,5,2,3,1,1,4,8,synthetic_indian,6.2,3.3,38.885755402842086,28,2,36,3,28,1,40,3,36,2,168,33.6
GP,F,15,R,GT3,T,3,0,teacher,teacher,reputation,mother,2,3,0,no,yes,yes,yes,yes,yes,yes,no,4,5,2,1,2,3,2,synthetic_indian,7.0,6.2,56.3082339226502,57,3,60,4,56,4,62,4,42,3,277,55.4
GP,F,16,R,GT3,T,0,4,teacher,services,home,father,2,2,0,yes,no,no,yes,yes,yes,yes,no,2,1,3,1,1,4,3,synthetic_indian,6.3,4.8,49.71061018842186,43,3,58,3,54,4,37,3,45,2,237,47.4
MS,F,15,U,LE3,T,4,2,at_home,health,reputation,mother,1,2,0,yes,yes,no,no,yes,yes,yes,no,3,2,5,1,1,4,5,synthetic_indian,6.3,4.5,49.19414915542567,35,2,42,4,49,3,54,3,55,3,235,47.0
MS,M,15,U,GT3,T,1,2,other,services,home,mother,1,2,1,no,no,yes,no,yes,yes,yes,yes,4,3,4,1,4,2,4,synthetic_indian,8.1,5.2,45.2255470707785,59,3,46,2,61,4,59,3,49,3,274,54.8
MS,F,14,U,GT3,T,3,1,health,at_home,home,mother,1,1,0,no,yes,no,yes,yes,yes,yes,no,4,1,4,1,4,2,7,synthetic_indian,7.0,4.1,35.45502340628177,33,2,38,3,33,3,25,2,32,3,161,32.2
MS,M,15,R,GT3,T,4,0,at_home,services,home,mother,3,2,1,no,yes,yes,yes,yes,yes,yes,no,1,5,3,1,5,5,3,synthetic_indian,7.7,5.9,40.39745395952141,53,3,42,2,48,3,45,3,29,2,217,43.4
MS,M,15,R,LE3,T,3,4,services,other,home,mother,1,3,0,no,yes,yes,no,no,yes,yes,no,3,2,4,1,2,5,1,synthetic_indian,6.9,5.2,60.7169619935715,61,3,68,3,59,3,59,3,57,3,304,60.8
GP,M,16,U,LE3,T,3,2,other,health,other,father,3,1,1,no,yes,yes,yes,no,yes,no,no,3,2,5,1,1,4,2,synthetic_indian,7.8,5.5,36.28068446073097,34,2,50,3,35,4,28,2,30,3,177,35.4
MS,F,16,U,GT3,T,1,2,other,services,reputation,mother,2,1,0,no,yes,yes,no,yes,no,yes,no,5,4,2,1,1,5,6,synthetic_indian,7.7,6.3,43.89075818779013,48,3,54,3,45,3,50,4,52,2,249,49.8
MS,M,16,U,GT3,T,2,4,services,at_home,reputation,mother,2,1,0,no,yes,no,yes,no,yes,yes,no,1,2,1,1,1,2,2,synthetic_indian,6.6,3.0,46.65641140513436,39,3,36,3,44,3,55,3,46,3,220,44.0
GP,M,16,R,LE3,T,4,0,services,health,other,mother,4,1,0,no,no,no,no,no,yes,no,no,5,2,5,1,1,5,3,synthetic_indian,8.1,4.9,57.0516973785063,62,3,60,4,68,4,59,4,49,2,298,59.6
MS,F,16,U,LE3,T,1,1,services,at_home,home,father,1,3,1,no,yes,no,yes,yes,yes,yes,no,1,5,5,1,4,4,3,synthetic_indian,6.9,8.0,25.589925235173915,20,3,34,2,14,2,36,2,18,1,122,24.4
GP,M,16,U,GT3,A,3,2,health,teacher,home,mother,2,2,0,no,no,no,yes,no,yes,no,no,3,5,1,1,2,3,6,synthetic_indian,6.4,4.6,44.044884565120405,41,2,46,2,38,2,35,3,44,3,204,40.8
MS,M,15,U,LE3,T,1,1,teacher,other,reputation,mother,1,3,3,yes,yes,yes,yes,yes,yes,yes,no,1,1,1,1,2,1,3,synthetic_indian,6.6,4.1,28.93781735243488,36,2,49,2,37,3,18,2,34,2,174,34.8
GP,F,16,U,GT3,T,2,3,other,teacher,other,mother,3,2,0,no,no,no,yes,yes,yes,yes,no,1,3,2,5,1,5,3,synthetic_indian,8.4,6.5,39.226790388896845,44,2,53,3,35,3,38,3,30,2,200,40.0
MS,M,16,R,GT3,T,4,0,teacher,other,home,mother,2,3,0,no,yes,no,yes,yes,yes,yes,no,1,5,2,3,3,2,7,synthetic_indian,7.8,6.7,51.24319846398955,61,4,58,3,56,2,48,3,43,4,266,53.2
MS,M,14,U,LE3,T,2,3,teacher,services,home,mother,1,4,0,no,yes,no,no,yes,yes,yes,no,2,1,2,1,2,3,4,synthetic_indian,6.4,3.5,72.09661589805226,82,4,81,4,82,4,68,3,60,3,373,74.6
GP,M,15,R,GT3,T,0,3,services,health,home,father,2,4,2,no,yes,no,yes,yes,yes,yes,yes,2,2,4,2,1,2,7,synthetic_indian,6.5,5.7,33.5792298383502,35,2,46,3,28,3,41,2,31,3,181,36.2
GP,F,15,R,LE3,T,4,3,health,services,course,mother,2,4,0,no,yes,no,yes,yes,yes,yes,no,3,1,5,1,3,5,4,synthetic_indian,6.4,4.9,66.76817395945184,68,4,73,5,76,4,67,4,61,3,345,69.0
GP,F,15,U,LE3,T,2,0,at_home,other,other,mother,1,4,1,no,no,no,no,no,yes,yes,no,1,1,1,3,1,4,3,synthetic_indian,8.1,3.2,43.46784631196085,65,4,55,3,32,3,48,3,33,2,233,46.6
GP,F,16,U,GT3,T,3,0,health,other,home,mother,2,1,1,no,yes,no,no,no,yes,yes,no,3,1,5,1,1,1,2,synthetic_indian,7.6,4.8,40.58839978840686,41,2,42,2,46,4,37,1,53,3,219,43.8
GP,M,16,R,GT3,T,4,4,teacher,other,course,father,2,1,0,no,yes,yes,no,no,yes,yes,no,2,1,5,1,1,1,5,synthetic_indian,7.7,6.4,48.4265439159206,47,3,59,4,51,3,53,3,52,4,262,52.4
GP,M,16,U,GT3,T,4,1,health,at_home,other,mother,2,3,0,yes,no,yes,no,no,yes,yes,no,1,5,2,1,1,3,3,synthetic_indian,8.0,5.2,59.77822969296129,77,5,57,3,59,3,55,3,56,3,304,60.8
GP,F,14,U,GT3,T,1,1,services,health,home,mother,2,3,0,no,yes,no,no,no,yes,yes,no,5,3,2,1,1,1,5,synthetic_indian,7.2,5.5,51.22656756778763,50,3,64,4,48,3,61,3,56,3,279,55.8
GP,M,16,R,LE3,T,3,4,at_home,services,reputation,mother,3,4,0,no,no,no,no,yes,yes,yes,no,2,1,5,1,1,4,8,synthetic_indian,6.4,5.5,50.93349950659696,56,3,64,3,37,4,43,4,54,4,254,50.8
MS,M,14,U,LE3,T,0,4,services,services,course,mother,2,2,1,no,yes,no,no,yes,yes,yes,no,2,4,2,3,5,2,4,synthetic_indian,7.3,3.7,38.30951238849702,43,3,30,3,47,4,53,4,34,3,207,41.4
MS,F,15,U,LE3,T,2,3,at_home,teacher,course,mother,4,4,0,yes,no,no,no,yes,yes,yes,no,2,2,4,1,1,4,3,synthetic_indian,6.6,5.2,48.55958108512327,48,4,50,3,32,2,48,4,44,3,222,44.4
GP,F,16,U,LE3,T,1,4,teacher,other,home,mother,2,3,0,yes,yes,yes,yes,no,yes,yes,no,1,2,1,1,2,3,1,synthetic_indian,6.9,2.3,57.10589704654478,58,3,47,3,53,3,47,3,63,4,268,53.6
MS,M,14,R,LE3,T,2,2,at_home,other,home,mother,1,4,1,no,yes,yes,yes,yes,yes,yes,no,4,2,5,1,1,3,2,synthetic_indian,7.2,5.5,60.44709119851982,77,4,65,3,61,4,70,4,59,4,332,66.4
MS,M,14,U,LE3,T,0,1,at_home,other,course,mother,4,3,0,no,yes,no,yes,no,no,no,no,5,2,1,1,1,1,5,synthetic_indian,7.0,2.9,58.931386415238215,66,3,78,4,55,3,58,3,58,3,315,63.0
MS,M,16,U,LE3,A,0,4,at_home,services,reputation,mother,3,4,0,yes,no,no,no,yes,yes,yes,yes,5,2,4,1,1,4,6,synthetic_indian,7.2,4.7,76.83005586873887,86,4,75,5,95,4,86,4,75,4,417,83.4
MS,F,15,U,LE3,T,4,2,health,teacher,reputation,mother,4,2,0,no,yes,yes,no,yes,yes,yes,no,3,1,2,1,1,2,5,synthetic_indian,7.0,3.7,60.99065491549064,68,3,64,3,69,4,64,3,60,4,325,65.0
GP,F,15,U,GT3,T,0,2,health,at_home,other,mother,4,4,0,no,yes,no,no,no,yes,yes,no,1,3,3,1,1,4,6,synthetic_indian,6.9,6.6,48.04660967004654,60,3,69,3,45,3,49,2,42,3,265,53.0
MS,F,15,U,GT3,T,2,2,teacher,health,home,father,4,2,0,no,no,no,yes,yes,yes,yes,no,2,4,4,1,1,2,4,synthetic_indian,6.0,5.5,45.16388027910863,33,2,43,2,43,2,36,3,47,3,202,40.4
GP,F,14,U,LE3,T,3,2,at_home,at_home,reputation,other,1,2,1,no,no,no,no,yes,yes,yes,no,4,5,3,1,1,2,3,synthetic_indian,8.1,4.9,46.44577578473338,53,3,41,3,50,3,51,2,59,3,254,50.8
MS,M,14,U,GT3,T,3,3,other,services,other,other,1,3,0,no,no,no,no,yes,yes,yes,no,1,4,1,1,1,4,3,synthetic_indian,7.4,5.6,46.726939419923234,52,3,63,3,34,3,40,3,42,3,231,46.2
MS,F,14,U,GT3,T,4,2,teacher,other,reputation,father,1,2,0,no,no,yes,yes,yes,no,yes,no,1,5,5,1,2,5,6,synthetic_indian,8.2,8.0,38.85760650109388,51,3,62,3,36,2,46,3,28,3,223,44.6
MS,F,14,U,LE3,T,2,3,at_home,health,home,father,3,1,0,no,yes,no,no,no,yes,yes,yes,4,5,2,2,1,4,3,synthetic_indian,5.7,5.3,38.94543455812084,17,2,44,3,32,3,29,2,27,2,149,29.8
GP,F,15,U,GT3,T,2,3,at_home,services,other,father,1,1,0,no,yes,no,yes,yes,yes,yes,no,2,4,4,1,1,2,0,synthetic_indian,9.1,6.7,29.972676982864375,52,4,44,3,15,1,36,2,38,3,185,37.0
MS,F,16,U,GT3,T,0,2,health,services,other,mother,1,1,0,no,no,no,no,yes,yes,yes,no,1,1,2,1,1,3,2,synthetic_indian,7.3,5.0,39.73496080950986,34,3,46,3,43,3,36,2,47,2,206,41.2
GP,F,14,U,GT3,A,2,1,teacher,services,other,father,4,3,2,yes,no,yes,no,yes,no,yes,no,5,2,3,1,1,3,4,synthetic_indian,7.7,3.6,42.17556893208176,50,3,43,3,44,3,49,3,52,3,238,47.6
MS,M,14,R,LE3,T,1,2,at_home,health,reputation,mother,1,1,0,no,yes,no,no,no,yes,yes,no,5,1,3,1,1,1,5,synthetic_indian,6.6,3.3,37.02263659213055,31,2,36,3,29,2,38,3,36,3,170,34.0
GP,M,15,U,GT3,T,0,2,at_home,health,home,mother,2,3,0,no,yes,yes,no,yes,yes,yes,no,4,2,5,1,5,3,2,synthetic_indian,7.4,6.3,51.485277191664,59,3,66,4,50,3,59,3,54,4,288,57.6
MS,F,16,U,LE3,T,1,2,teacher,teacher,other,father,1,3,0,no,no,yes,no,yes,yes,yes,no,2,3,3,1,2,5,7,synthetic_indian,6.3,6.6,50.16523646814576,44,3,72,4,53,3,59,3,41,2,269,53.8
GP,M,16,U,GT3,T,4,1,other,teacher,course,mother,3,1,0,no,yes,no,no,no,yes,yes,no,4,5,5,1,1,2,0,synthetic_indian,7.3,7.6,45.93220687318934,35,2,50,2,48,3,40,3,40,2,213,42.6
GP,F,15,R,GT3,T,3,0,teacher,at_home,home,mother,3,2,0,no,yes,yes,yes,yes,yes,yes,no,1,4,4,1,1,4,11,synthetic_indian,8.7,5.2,41.04559094874618,59,3,36,2,36,2,49,4,37,3,217,43.4
MS,F,15,R,GT3,T,4,0,teacher,health,course,other,2,4,0,yes,yes,no,no,no,yes,yes,no,5,3,5,1,1,4,5,synthetic_indian,6.7,7.4,62.97865291051113,67,3,85,5,72,3,80,4,67,3,371,74.2
GP,M,16,U,GT3,T,3,3,other,health,course,mother,3,3,0,no,yes,yes,yes,yes,yes,no,no,3,2,3,1,2,5,4,synthetic_indian,7.1,3.2,65.27132216286014,74,4,59,3,60,4,65,4,67,3,325,65.0
MS,M,14,U,GT3,A,4,3,teacher,health,other,mother,3,1,0,no,no,no,yes,yes,yes,yes,no,4,1,1,1,1,3,7,synthetic_indian,8.0,2.6,57.36442141831813,66,4,56,3,56,3,68,3,60,4,306,61.2
MS,F,16,R,LE3,T,2,1,at_home,teacher,other,other,4,3,0,no,yes,yes,no,yes,yes,yes,yes,3,4,5,1,1,2,5,synthetic_indian,7.5,6.9,46.88232649739143,55,3,53,4,40,2,49,3,48,4,245,49.0
MS,F,15,U,LE3,T,1,4,teacher,services,reputation,father,2,2,0,yes,no,yes,no,no,yes,no,no,3,5,2,1,2,3,1,synthetic_indian,7.6,5.6,53.47960459306708,62,4,64,4,44,4,45,3,56,2,271,54.2
MS,F,14,U,GT3,T,3,0,other,other,reputation,mother,4,2,2,no,yes,yes,yes,no,yes,yes,no,5,3,1,1,2,1,7,synthetic_indian,7.6,4.6,40.39288390495288,41,2,54,3,42,2,44,3,9,1,190,38.0
MS,M,14,U,LE3,A,0,3,services,teacher,reputation,mother,4,1,0,no,yes,no,yes,yes,no,yes,no,4,5,5,1,2,3,3,synthetic_indian,9.4,6.8,35.28022564832961,58,3,35,3,34,1,40,2,33,3,200,40.0
MS,F,15,U,LE3,T,1,0,teacher,health,home,mother,1,3,0,no,no,no,yes,yes,yes,no,no,3,2,2,1,3,1,4,synthetic_indian,6.9,3.3,64.39763603479459,62,3,72,3,77,4,62,3,60,4,333,66.6
MS,F,15,R,LE3,T,0,1,health,teacher,reputation,father,2,4,0,no,yes,yes,yes,no,yes,yes,no,1,5,1,1,4,4,3,synthetic_indian,7.1,5.2,47.93621439608769,52,3,55,3,51,3,47,3,54,3,259,51.8
MS,F,15,R,LE3,T,1,1,at_home,at_home,course,mother,1,4,0,no,yes,no,yes,yes,yes,yes,no,2,1,5,1,1,2,6,synthetic_indian,7.3,5.2,57.18444208004081,67,4,73,4,64,3,56,3,49,4,309,61.8
MS,M,16,U,GT3,T,1,4,at_home,health,reputation,mother,1,3,0,yes,yes,no,no,no,yes,no,no,2,3,4,1,1,1,3,synthetic_indian,7.8,2.5,58.76508642396198,75,4,46,3,56,3,54,3,58,3,289,57.8
MS,F,16,U,GT3,T,4,4,health,at_home,other,mother,4,3,0,no,yes,no,yes,yes,yes,no,no,5,3,2,1,2,3,6,synthetic_indian,7.9,3.5,69.18962501552156,83,5,75,4,72,4,67,3,75,5,372,74.4
MS,F,14,R,GT3,T,3,1,health,health,reputation,mother,3,3,0,yes,yes,yes,no,no,yes,yes,no,4,1,4,1,1,3,3,synthetic_indian,7.3,4.3,49.356669844188346,59,3,58,2,39,3,55,3,42,2,253,50.6
GP,M,15,R,GT3,T,3,3,teacher,teacher,home,other,2,1,0,no,no,no,yes,yes,yes,yes,no,4,5,3,1,5,4,3,synthetic_indian,6.9,5.1,40.29374920709967,28,2,34,3,26,2,43,3,40,3,171,34.2
GP,F,14,R,GT3,T,1,0,health,services,home,mother,3,2,0,no,no,yes,no,yes,yes,yes,no,2,1,5,1,1,5,2,synthetic_indian,8.2,4.8,40.5072727979086,55,3,42,3,28,3,51,3,36,2,212,42.4
MS,F,14,R,LE3,T,2,2,services,other,course,father,4,4,0,no,no,yes,yes,yes,yes,yes,no,1,4,5,1,1,5,5,synthetic_indian,6.1,5.8,55.62203008735375,49,3,54,4,57,3,43,2,47,3,250,50.0
MS,M,14,R,GT3,T,2,4,other,at_home,home,mother,4,1,0,no,yes,no,yes,no,yes,yes,no,2,1,2,1,1,3,2,synthetic_indian,7.6,4.7,54.206684253053446,60,4,68,3,63,3,62,3,49,3,302,60.4
MS,F,14,R,LE3,T,0,2,health,teacher,reputation,father,4,3,0,no,yes,no,yes,yes,yes,yes,no,2,5,5,1,1,5,3,synthetic_indian,6.7,7.8,49.886037122687306,44,3,63,3,55,4,50,3,41,3,253,50.6
MS,M,15,U,GT3,T,0,3,health,services,other,other,4,3,0,no,yes,yes,no,yes,yes,yes,no,4,1,3,1,1,2,4,synthetic_indian,6.8,3.6,43.69004383484665,53,3,49,2,26,1,39,3,57,3,224,44.8
MS,M,14,U,GT3,T,4,4,services,teacher,home,mother,4,2,0,no,yes,yes,no,yes,no,yes,no,3,2,5,1,2,5,1,synthetic_indian,7.4,4.9,69.33241791756727,68,4,74,4,85,3,61,4,75,4,363,72.6
MS,F,15,R,LE3,T,1,2,at_home,at_home,course,mother,4,3,0,no,yes,no,yes,yes,yes,yes,no,1,1,1,3,1,2,3,synthetic_indian,7.1,3.1,54.84167964372521,59,4,58,4,63,3,48,2,55,3,283,56.6
MS,F,15,U,GT3,T,0,3,at_home,other,reputation,mother,3,1,0,no,yes,no,yes,no,yes,yes,no,4,1,4,3,2,3,1,synthetic_indian,7.6,4.0,40.141005157042,52,2,34,2,39,3,37,3,40,2,202,40.4
MS,F,16,R,GT3,T,0,0,teacher,teacher,course,father,1,1,1,yes,no,yes,yes,no,yes,no,no,2,5,3,3,1,3,2,synthetic_indian,8.9,5.3,26.45276751394565,39,3,31,3,31,2,26,2,19,1,146,29.2
GP,F,15,U,GT3,T,1,3,services,health,home,mother,3,2,0,no,yes,no,no,yes,yes,no,yes,3,4,3,1,1,3,4,synthetic_indian,7.7,3.7,55.04713893501615,56,4,49,3,54,4,60,4,52,3,271,54.2
MS,M,16,U,LE3,T,4,4,other,services,home,father,2,1,0,no,yes,yes,no,no,yes,yes,no,1,4,4,1,1,4,5,synthetic_indian,7.5,5.3,43.208907698290616,44,2,34,2,44,2,42,2,57,4,221,44.2
GP,F,15,U,GT3,T,0,1,other,teacher,course,father,3,4,0,yes,no,yes,yes,no,yes,no,no,5,5,4,1,1,5,8,synthetic_indian,7.7,5.7,60.47750000405245,72,3,67,3,62,4,51,3,60,4,312,62.4
MS,M,15,U,GT3,T,4,0,services,services,reputation,father,4,1,3,no,yes,no,yes,no,yes,no,no,1,5,3,1,2,1,3,synthetic_indian,8.6,5.3,20.0,28,2,25,2,18,2,28,2,24,2,123,24.6
MS,F,15,R,LE3,T,3,2,other,health,home,father,3,1,0,no,no,yes,yes,yes,yes,yes,no,1,5,4,1,3,1,6,synthetic_indian,6.9,5.8,35.08382804385987,22,2,36,1,34,2,28,2,36,3,156,31.2
GP,F,16,R,LE3,T,4,4,at_home,other,other,mother,1,1,0,yes,no,yes,yes,no,yes,yes,no,2,2,2,1,3,3,10,synthetic_indian,7.9,5.1,41.55232518546949,59,3,49,3,37,3,40,2,53,2,238,47.6
MS,F,16,R,GT3,T,2,1,other,other,home,mother,2,4,0,no,no,no,no,yes,yes,yes,yes,2,3,4,5,4,5,4,synthetic_indian,7.3,5.2,42.29397226156209,53,3,42,3,30,2,43,2,34,3,202,40.4
GP,M,14,R,LE3,T,2,3,other,health,reputation,mother,3,3,0,no,yes,no,yes,yes,yes,yes,no,5,1,1,1,1,2,3,synthetic_indian,6.6,3.1,64.0950188212923,59,4,64,4,65,5,73,4,50,3,311,62.2
MS,F,16,U,GT3,T,4,1,services,services,home,other,1,1,0,no,no,yes,yes,no,yes,yes,no,5,5,1,1,3,1,3,synthetic_indian,8.7,6.2,48.50179661909803,67,4,58,3,56,2,61,3,44,3,286,57.2
MS,F,16,U,GT3,T,2,4,services,teacher,course,father,3,2,0,yes,yes,no,yes,yes,yes,yes,no,5,5,2,1,2,3,6,synthetic_indian,7.4,5.9,56.36930157645824,61,3,56,3,58,4,61,4,64,3,300,60.0
GP,F,16,U,GT3,T,3,4,other,health,home,father,2,4,2,no,no,no,no,yes,yes,yes,no,4,5,4,1,3,1,3,synthetic_indian,7.1,7.1,49.28955151581141,53,3,59,4,58,3,49,3,39,2,258,51.6
MS,F,16,U,LE3,T,1,1,health,at_home,home,mother,3,2,3,no,yes,yes,no,no,yes,yes,no,4,4,1,1,1,1,1,synthetic_indian,7.3,4.6,26.01604126008921,24,3,24,2,31,1,42,2,11,1,132,26.4
GP,M,14,U,GT3,T,2,3,services,services,reputation,mother,4,1,0,no,yes,no,yes,no,yes,yes,no,2,5,5,1,4,1,2,synthetic_indian,7.8,6.3,37.563647010698574,42,3,41,2,33,2,39,3,43,4,198,39.6
MS,F,16,U,LE3,T,2,1,teacher,other,course,father,3,2,0,no,yes,yes,yes,yes,yes,no,no,2,1,4,1,1,3,2,synthetic_indian,6.3,3.3,54.04798318658714,47,3,55,2,65,4,47,4,45,2,259,51.8
GP,M,15,U,LE3,T,4,4,teacher,health,reputation,mother,1,1,2,no,yes,no,yes,no,yes,yes,no,5,5,2,1,2,3,4,synthetic_indian,6.7,5.0,24.804894760948383,7,2,21,2,15,2,30,2,20,1,93,18.6
GP,M,15,R,GT3,T,3,4,at_home,other,home,mother,3,4,0,no,no,no,no,yes,yes,no,no,4,1,4,2,1,4,1,synthetic_indian,7.7,3.1,67.66597170492511,94,5,74,4,68,5,68,4,75,4,379,75.8
MS,M,16,R,LE3,T,1,2,other,services,other,father,1,2,0,no,no,no,yes,yes,yes,yes,no,3,2,3,1,1,4,3,synthetic_indian,6.6,3.6,44.534799571460525,39,3,45,3,40,3,42,4,37,2,203,40.6
MS,M,16,U,LE3,T,4,2,health,other,home,mother,2,2,0,no,no,yes,no,no,yes,no,no,4,3,3,1,1,4,4,synthetic_indian,6.6,3.7,62.22033635483587,63,3,65,4,69,3,71,3,46,3,314,62.8
GP,M,15,R,GT3,T,4,0,at_home,health,reputation,mother,3,1,0,no,yes,no,no,yes,yes,yes,no,2,4,1,1,1,1,8,synthetic_indian,6.1,4.5,45.10673108484045,34,3,44,3,47,3,45,3,58,4,228,45.6
MS,M,15,R,LE3,T,3,4,other,services,other,mother,2,1,0,no,no,no,no,yes,yes,yes,no,4,1,3,2,1,5,3,synthetic_indian,6.9,3.8,53.93383142226996,46,2,54,2,57,3,53,2,44,2,254,50.8
MS,F,14,U,LE3,T,1,2,services,at_home,reputation,mother,2,3,0,no,yes,yes,yes,yes,yes,yes,no,2,2,2,1,2,3,4,synthetic_indian,6.0,3.6,58.151579191270784,56,3,59,2,64,3,54,3,51,2,284,56.8
MS,M,15,R,GT3,T,3,1,teacher,health,reputation,other,3,1,0,yes,no,yes,no,yes,yes,yes,no,5,3,1,1,1,4,3,synthetic_indian,8.7,4.2,44.21430330552806,56,3,41,2,34,2,48,3,48,3,227,45.4
GP,M,15,R,GT3,A,1,3,health,teacher,course,mother,1,1,0,no,no,yes,no,yes,yes,no,yes,5,3,2,1,1,5,11,synthetic_indian,8.3,3.8,50.101570719165885,52,3,53,4,51,3,46,3,44,3,246,49.2
GP,M,16,U,GT3,T,3,1,teacher,health,other,mother,2,3,0,no,yes,no,yes,no,yes,yes,no,5,3,2,2,1,4,3,synthetic_indian,6.6,5.6,55.26895342970101,53,3,63,4,51,3,40,3,46,3,253,50.6
GP,F,15,U,LE3,T,4,3,services,services,home,mother,2,1,0,no,no,no,yes,no,yes,no,no,3,1,3,1,1,4,4,synthetic_indian,8.9,2.3,58.591292623309485,80,4,58,3,66,3,56,4,62,3,322,64.4
GP,F,14,U,GT3,T,4,2,other,health,reputation,father,3,1,1,no,yes,yes,yes,yes,yes,yes,yes,3,2,3,1,1,5,2,synthetic_indian,8.1,3.2,43.49865460468682,51,2,32,2,48,2,33,2,45,3,209,41.8
GP,M,15,U,LE3,T,0,0,services,at_home,home,mother,3,3,0,yes,yes,no,yes,no,yes,yes,no,2,5,2,1,1,4,1,synthetic_indian,7.0,4.8,47.65034266953951,48,3,50,3,40,3,47,3,45,3,230,46.0
GP,F,16,U,LE3,T,2,1,services,at_home,course,mother,3,4,0,no,yes,no,yes,yes,no,no,no,1,2,3,1,1,1,0,synthetic_indian,5.0,3.2,60.48545111136594,51,3,66,4,71,4,60,3,68,4,316,63.2
GP,M,16,R,GT3,T,3,1,teacher,teacher,course,mother,3,4,2,yes,yes,no,no,yes,no,yes,no,3,2,3,1,1,1,4,synthetic_indian,8.3,4.5,51.80701500314739,77,3,55,3,57,3,47,3,38,2,274,54.8
GP,M,15,U,LE3,T,0,1,health,other,other,mother,3,1,2,no,no,yes,yes,no,yes,yes,no,2,2,3,1,1,1,5,synthetic_indian,6.5,3.9,20.0,7,1,16,2,12,2,12,2,24,2,71,14.2
GP,F,16,U,LE3,T,2,3,services,services,course,mother,4,1,0,no,yes,no,no,yes,yes,no,no,4,1,4,1,1,2,4,synthetic_indian,6.2,2.5,49.033545971885744,40,3,39,2,52,3,50,4,45,2,226,45.2
MS,M,14,R,GT3,T,3,2,teacher,services,course,father,3,3,0,no,yes,yes,yes,yes,yes,no,no,5,1,2,4,1,4,3,synthetic_indian,7.6,1.7,58.28935619815009,72,4,61,4,50,3,64,3,64,3,311,62.2
GP,F,14,R,GT3,A,1,1,health,other,home,father,1,3,0,no,yes,yes,no,yes,yes,no,no,5,1,5,1,5,2,5,synthetic_indian,8.6,3.4,39.59163389504237,54,3,50,3,24,2,31,2,45,3,204,40.8
MS,F,15,U,GT3,T,2,1,other,at_home,course,mother,2,4,1,no,no,no,yes,yes,yes,no,no,5,2,2,2,1,3,2,synthetic_indian,7.7,3.4,59.832757788482375,79,4,67,4,59,3,74,4,48,3,327,65.4
MS,M,15,U,LE3,T,4,0,other,at_home,course,mother,1,2,3,no,no,yes,no,no,no,yes,no,2,1,1,1,1,5,7,synthetic_indian,7.5,2.8,29.063432137527798,38,3,22,2,29,2,44,2,32,2,165,33.0
MS,M,15,U,LE3,T,0,0,at_home,health,reputation,other,1,1,1,yes,no,yes,yes,yes,yes,no,yes,5,3,3,1,1,3,3,synthetic_indian,8.0,3.5,39.07240085452035,45,2,40,3,44,1,42,3,48,4,219,43.8
GP,F,16,R,LE3,T,2,2,teacher,teacher,course,mother,4,2,0,yes,no,yes,yes,yes,yes,yes,no,3,1,3,1,1,2,7,synthetic_indian,7.7,3.6,41.2726296934738,55,3,39,2,28,2,39,3,47,3,208,41.6
GP,M,14,U,LE3,T,2,2,health,teacher,reputation,father,3,2,0,no,yes,yes,no,yes,yes,no,no,4,4,5,1,1,1,2,synthetic_indian,7.9,4.8,52.704903419541154,59,3,51,3,45,2,68,3,43,2,266,53.2
GP,M,14,U,GT3,T,4,4,services,teacher,course,mother,2,3,0,no,yes,yes,yes,yes,yes,yes,no,5,1,1,1,1,4,7,synthetic_indian,7.0,2.2,55.42991343969352,64,4,51,4,44,2,54,4,49,2,262,52.4
GP,M,16,R,GT3,T,3,0,other,health,course,other,1,1,0,no,yes,no,no,yes,no,yes,no,2,1,4,1,1,4,5,synthetic_indian,7.4,5.2,49.35820664592511,45,3,51,3,53,2,54,4,45,3,248,49.6
MS,F,14,U,GT3,T,1,4,health,teacher,other,father,3,1,0,no,yes,yes,no,yes,yes,yes,no,4,1,2,1,1,1,8,synthetic_indian,7.3,1.9,45.11367250729148,48,3,31,2,34,2,44,3,47,3,204,40.8
GP,F,15,R,GT3,T,4,3,teacher,other,other,other,3,3,0,no,no,yes,no,no,yes,yes,no,5,1,4,1,1,4,4,synthetic_indian,6.3,4.1,70.80242165675938,77,4,71,4,83,4,71,4,72,3,374,74.8
GP,M,15,R,GT3,T,1,4,at_home,health,reputation,father,4,2,0,no,yes,yes,no,no,yes,yes,yes,1,4,1,1,1,5,3,synthetic_indian,7.2,4.9,55.15521786210487,52,3,59,4,56,3,69,3,44,2,280,56.0
GP,F,15,U,GT3,T,3,1,other,other,course,mother,4,3,0,no,no,no,no,yes,yes,no,no,5,5,5,1,5,5,4,synthetic_indian,6.1,5.7,45.18645788478364,33,3,48,3,31,3,42,3,48,3,202,40.4
GP,F,14,R,LE3,T,2,4,health,health,home,other,4,4,0,yes,yes,no,yes,yes,yes,no,no,3,1,1,1,1,5,3,synthetic_indian,6.5,3.9,59.233290292393534,62,3,81,5,55,3,49,4,67,4,314,62.8
GP,F,15,U,GT3,T,1,2,health,teacher,other,mother,2,1,0,yes,yes,yes,no,yes,yes,yes,no,4,3,5,3,1,3,7,synthetic_indian,6.9,6.1,40.17222129831803,34,3,43,2,41,2,45,2,36,2,199,39.8
MS,F,16,R,GT3,T,0,3,health,other,home,mother,1,4,0,no,yes,no,no,no,yes,no,no,3,4,4,1,4,1,2,synthetic_indian,6.1,4.2,51.72405577690157,45,3,51,4,46,3,57,4,44,2,243,48.6
GP,F,16,U,LE3,T,0,1,teacher,other,other,father,4,3,0,no,no,yes,yes,no,yes,yes,no,1,5,4,1,2,5,2,synthetic_indian,7.4,6.6,46.73490785294925,54,3,49,4,46,3,45,2,40,2,234,46.8
MS,M,14,R,LE3,T,4,4,teacher,other,other,father,4,1,1,no,no,yes,yes,yes,yes,yes,no,1,1,1,4,1,2,0,synthetic_indian,8.3,1.5,41.05303445515849,57,3,35,3,39,2,45,2,18,2,194,38.8
GP,M,16,U,GT3,T,3,3,teacher,health,course,other,4,4,0,yes,no,yes,no,no,yes,yes,no,3,5,1,3,2,5,3,synthetic_indian,7.6,5.4,51.7930495132062,67,3,59,3,38,2,56,4,47,2,267,53.4
MS,M,16,R,LE3,T,4,3,services,services,other,mother,1,4,3,no,yes,yes,yes,yes,yes,no,yes,4,3,3,1,1,3,4,synthetic_indian,5.7,3.4,27.14719188525325,14,1,21,1,20,2,40,3,13,1,108,21.6
GP,F,14,R,LE3,T,4,1,health,teacher,home,father,1,2,0,no,no,yes,yes,yes,yes,yes,no,1,4,5,1,1,2,1,synthetic_indian,6.7,6.7,47.150105490967576,46,2,59,4,43,3,54,3,47,4,249,49.8
GP,F,15,U,GT3,T,4,4,other,other,other,father,4,1,0,no,yes,no,yes,yes,yes,yes,no,1,4,3,1,1,1,4,synthetic_indian,8.3,5.1,45.100653522016245,58,3,45,2,44,2,54,4,41,3,242,48.4
MS,M,15,R,GT3,T,0,3,teacher,services,reputation,mother,4,4,0,no,yes,yes,no,yes,no,yes,no,5,5,2,1,1,1,9,synthetic_indian,6.3,5.5,55.431461098515214,57,3,59,3,55,3,68,4,52,3,291,58.2
MS,F,15,U,GT3,T,0,3,teacher,teacher,course,mother,3,4,0,no,no,no,yes,yes,yes,yes,no,2,1,2,1,1,5,7,synthetic_indian,6.4,3.1,63.79518303456272,69,5,59,3,65,4,67,4,77,4,337,67.4
MS,M,14,U,GT3,T,4,0,health,teacher,course,mother,4,2,1,no,yes,yes,no,yes,yes,yes,no,1,2,1,1,1,2,4,synthetic_indian,7.6,4.8,46.80065365979467,55,3,62,4,50,4,47,3,47,3,261,52.2
GP,M,16,U,LE3,T,0,3,teacher,other,reputation,mother,2,4,0,yes,no,yes,no,yes,yes,yes,no,4,4,4,1,1,2,4,synthetic_indian,6.2,5.9,56.64473167182915,59,3,60,4,59,4,63,3,65,3,306,61.2
MS,M,15,U,GT3,T,3,0,services,other,reputation,other,2,4,1,yes,yes,no,yes,yes,yes,yes,no,4,2,2,1,1,5,3,synthetic_indian,6.8,5.6,49.67640775854083,64,4,64,3,44,3,49,3,50,3,271,54.2
GP,F,15,U,LE3,T,4,4,services,health,reputation,father,4,4,0,no,yes,no,no,yes,yes,yes,no,5,4,2,1,1,5,4,synthetic_indian,6.0,5.8,69.96085819868331,61,3,76,4,71,5,92,5,77,4,377,75.4
GP,F,14,R,GT3,T,0,4,teacher,services,other,father,1,2,1,no,no,yes,no,yes,yes,no,no,4,1,3,1,1,4,4,synthetic_indian,6.7,2.9,37.28838658180255,40,3,43,3,33,3,37,2,30,3,183,36.6
MS,M,15,U,GT3,T,1,4,health,services,course,other,3,4,0,no,yes,no,no,yes,yes,yes,no,5,1,3,1,1,4,4,synthetic_indian,6.8,4.3,68.4989183284862,77,4,76,4,70,4,68,4,69,4,360,72.0
MS,M,14,R,LE3,T,4,2,health,other,reputation,mother,1,4,1,no,no,yes,no,yes,yes,yes,no,1,4,2,1,1,5,6,synthetic_indian,5.8,5.1,52.23131583093292,45,2,59,4,48,2,57,3,52,3,261,52.2
GP,M,16,U,LE3,T,4,4,health,teacher,other,father,4,1,0,no,yes,yes,yes,yes,yes,yes,no,1,5,1,1,5,3,4,synthetic_indian,8.1,4.0,50.23138125050578,49,3,38,2,61,3,54,4,41,3,243,48.6
GP,M,14,R,LE3,T,3,3,at_home,other,reputation,mother,2,1,0,yes,no,yes,no,yes,yes,no,no,1,1,3,1,1,4,6,synthetic_indian,7.3,2.3,37.08948378498521,37,2,32,1,23,3,43,3,44,3,179,35.8
MS,F,14,R,LE3,T,2,1,teacher,teacher,home,father,3,2,0,no,yes,yes,yes,yes,yes,yes,yes,1,1,2,1,1,5,4,synthetic_indian,7.5,4.0,43.881868381146354,47,2,51,3,38,2,37,2,39,2,212,42.4
MS,F,14,U,LE3,A,2,0,health,teacher,home,mother,1,3,2,no,yes,yes,yes,yes,yes,no,no,2,3,4,1,3,2,4,synthetic_indian,7.2,3.9,28.210420483059195,33,3,35,3,24,2,32,2,36,2,160,32.0
MS,M,14,R,GT3,T,3,2,services,other,course,other,1,1,0,no,yes,yes,yes,yes,yes,yes,yes,2,1,3,1,1,4,3,synthetic_indian,8.3,2.6,50.96932172645528,59,3,41,3,54,2,39,2,62,3,255,51.0
GP,M,16,U,GT3,T,3,4,other,at_home,other,mother,4,2,0,no,yes,no,yes,yes,yes,no,no,1,3,2,1,3,3,5,synthetic_indian,7.4,3.7,54.82446747860791,57,4,51,3,66,4,60,4,56,3,290,58.0
GP,F,16,R,LE3,T,3,4,other,services,home,mother,3,4,1,no,no,yes,no,no,no,yes,no,4,1,5,1,1,1,3,synthetic_indian,6.3,6.5,63.83026244467588,65,4,80,5,66,3,67,4,52,3,330,66.0
GP,F,15,U,LE3,T,2,1,health,teacher,home,father,2,4,0,yes,yes,no,yes,yes,yes,yes,yes,5,1,3,1,1,2,4,synthetic_indian,6.7,5.0,59.68020711779157,67,3,70,3,60,3,66,4,61,3,324,64.8
GP,M,16,R,LE3,T,3,1,other,teacher,other,mother,4,2,0,no,yes,yes,no,yes,yes,yes,no,3,5,5,1,1,3,3,synthetic_indian,7.9,7.1,45.78456501014471,47,3,49,3,46,2,45,3,51,2,238,47.6
GP,M,16,U,GT3,T,0,2,other,at_home,reputation,father,3,4,0,no,yes,no,no,yes,yes,yes,no,5,5,3,1,1,3,3,synthetic_indian,7.0,7.1,65.41803211327247,66,3,79,4,72,4,58,3,75,3,350,70.0
GP,M,15,U,LE3,T,4,0,at_home,health,other,mother,1,4,0,no,yes,no,no,yes,yes,no,no,3,1,3,1,1,3,3,synthetic_indian,6.6,2.5,67.57946163118183,75,5,64,3,73,5,66,4,64,4,342,68.4
MS,F,16,R,GT3,T,4,4,services,at_home,reputation,father,4,3,2,yes,no,yes,yes,yes,yes,no,no,3,4,5,1,3,2,5,synthetic_indian,6.7,4.0,49.755909067127845,45,2,45,3,61,3,37,2,46,3,234,46.8
GP,F,14,U,GT3,T,1,2,services,at_home,home,mother,1,4,1,no,no,yes,no,yes,yes,yes,no,1,4,1,1,2,3,6,synthetic_indian,6.4,3.7,48.972368018059015,54,4,44,3,45,3,58,3,54,3,255,51.0
GP,F,14,U,GT3,T,1,3,at_home,teacher,home,mother,1,1,0,no,yes,no,yes,yes,yes,yes,no,3,1,2,3,1,1,3,synthetic_indian,6.4,4.6,34.17730028772037,25,2,53,2,34,2,47,2,23,3,182,36.4
GP,M,15,U,GT3,T,4,3,at_home,services,home,mother,4,4,3,no,no,no,yes,no,yes,yes,yes,1,4,1,1,2,4,3,synthetic_indian,8.1,4.5,30.751229871333152,53,3,35,2,17,2,31,3,34,2,170,34.0
MS,M,15,U,LE3,T,0,2,other,at_home,course,mother,4,2,0,no,yes,yes,no,yes,yes,yes,no,2,1,1,1,1,2,5,synthetic_indian,6.2,3.0,37.290926505646425,36,2,34,2,23,2,40,3,45,3,178,35.6
GP,F,15,U,GT3,T,2,4,teacher,health,course,mother,4,3,0,no,yes,yes,yes,yes,no,yes,no,4,5,2,3,1,3,5,synthetic_indian,6.8,5.4,60.35231100855084,58,3,58,3,63,4,61,4,66,4,306,61.2
GP,F,14,U,LE3,T,2,2,other,other,course,mother,4,4,0,no,no,no,yes,yes,yes,no,no,3,2,4,2,1,5,3,synthetic_indian,6.2,4.9,66.41158093852204,64,2,87,5,81,5,71,4,63,4,366,73.2
MS,M,16,U,LE3,T,0,4,at_home,at_home,other,mother,4,2,0,no,yes,yes,no,no,yes,no,no,4,3,1,1,2,4,7,synthetic_indian,7.9,4.6,63.06617284831829,77,4,76,4,73,4,66,3,66,4,358,71.6
GP,F,14,U,GT3,T,2,1,services,at_home,home,mother,1,1,0,no,no,no,yes,no,yes,yes,no,1,4,1,1,1,2,8,synthetic_indian,7.4,6.2,41.69863199393944,43,3,58,3,47,3,38,2,46,2,232,46.4
GP,F,15,R,GT3,T,3,2,other,health,home,mother,2,4,2,yes,no,yes,no,yes,no,no,no,3,4,1,1,1,5,4,synthetic_indian,7.8,3.4,57.25703146520992,72,4,69,4,70,4,43,3,44,3,298,59.6
GP,M,16,U,GT3,T,4,4,teacher,services,other,father,2,3,1,no,yes,yes,yes,no,yes,yes,no,5,5,4,1,3,5,2,synthetic_indian,6.8,6.9,46.89990200407789,52,2,51,3,42,2,47,3,43,3,235,47.0
GP,F,16,U,LE3,T,4,2,other,at_home,course,mother,4,4,0,no,no,no,yes,yes,yes,yes,no,2,4,3,1,1,3,5,synthetic_indian,7.1,4.6,57.03150509953686,64,3,53,3,45,2,55,2,58,2,275,55.0
GP,M,14,U,LE3,T,0,2,health,at_home,other,mother,1,2,0,yes,no,no,yes,no,yes,yes,no,2,1,5,1,1,2,4,synthetic_indian,6.5,5.7,47.99047599450532,44,2,67,4,51,3,54,3,52,4,268,53.6
MS,M,15,U,GT3,T,2,4,other,services,course,father,2,3,0,no,yes,yes,yes,no,yes,yes,no,3,1,5,1,1,3,6,synthetic_indian,8.4,3.9,64.0860845134364,86,5,61,4,72,4,64,3,67,4,350,70.0
MS,M,14,R,LE3,T,1,4,at_home,health,home,mother,2,4,2,no,no,no,yes,yes,no,yes,no,2,2,4,1,1,1,6,synthetic_indian,5.9,4.8,41.35466624604536,34,3,42,3,42,2,37,2,32,3,187,37.4
MS,M,16,U,GT3,T,1,0,services,at_home,reputation,father,2,1,1,no,yes,no,no,no,yes,yes,yes,5,2,1,1,1,5,2,synthetic_indian,7.7,3.1,41.69422888379795,46,3,38,2,52,3,41,2,49,2,226,45.2
GP,M,14,U,GT3,T,2,2,services,services,course,mother,1,3,0,no,no,no,no,yes,yes,yes,no,4,2,5,2,4,1,5,synthetic_indian,7.4,4.5,56.03911289474924,71,4,52,3,61,3,57,2,55,4,296,59.2
GP,M,14,R,GT3,T,1,3,at_home,at_home,home,mother,4,1,1,no,no,yes,no,yes,yes,yes,no,5,1,4,1,1,3,7,synthetic_indian,7.6,3.4,48.78290115912137,55,3,50,3,54,3,55,3,37,3,251,50.2
GP,M,15,R,LE3,T,0,2,health,other,home,mother,4,2,0,no,yes,no,yes,yes,yes,no,no,2,2,2,1,1,4,5,synthetic_indian,7.1,2.4,57.69991350890174,59,4,53,3,66,4,44,2,64,4,286,57.2
MS,F,15,U,GT3,T,0,2,at_home,teacher,reputation,father,4,4,0,no,yes,no,no,no,yes,yes,no,4,2,5,1,1,5,3,synthetic_indian,6.6,4.9,63.24532211404208,68,4,77,4,63,3,54,3,72,4,334,66.8
GP,M,16,R,LE3,T,2,4,other,other,home,father,3,1,0,no,no,no,no,yes,yes,no,no,5,1,2,1,1,4,6,synthetic_indian,7.4,2.3,60.03481723537757,63,4,64,4,62,3,56,3,58,3,303,60.6
GP,M,14,R,GT3,T,1,2,at_home,at_home,home,mother,3,2,0,no,yes,no,no,yes,yes,no,no,1,5,1,1,1,2,3,synthetic_indian,7.4,4.4,50.96437531454865,56,3,57,4,72,3,45,3,45,3,275,55.0
MS,F,14,U,GT3,T,0,2,at_home,health,course,mother,3,4,0,no,yes,yes,yes,no,yes,yes,no,1,4,5,3,3,5,4,synthetic_indian,7.6,5.1,49.6529816077923,66,5,48,3,51,2,48,2,60,3,273,54.6
GP,F,14,R,GT3,T,0,3,health,teacher,course,other,1,2,0,no,yes,no,no,yes,no,yes,no,4,3,4,2,1,1,1,synthetic_indian,8.8,5.3,54.39938804947884,74,4,62,4,62,4,46,2,45,3,289,57.8
MS,F,16,R,LE3,T,3,4,other,other,reputation,mother,2,1,0,no,yes,no,no,yes,yes,no,no,4,1,3,1,1,4,4,synthetic_indian,7.0,4.1,43.153029586844426,41,2,56,4,32,2,43,3,39,2,211,42.2
MS,M,16,U,GT3,T,3,2,teacher,services,reputation,mother,2,2,0,no,yes,yes,yes,yes,yes,yes,no,4,1,5,1,1,2,2,synthetic_indian,6.1,4.7,58.313349313775305,52,3,59,4,71,4,61,3,48,3,291,58.2
MS,F,15,U,GT3,T,0,1,teacher,health,home,other,1,3,0,yes,yes,no,no,yes,yes,no,no,1,3,5,1,1,5,5,synthetic_indian,7.0,4.0,42.63286236140379,42,3,47,2,40,2,43,3,40,2,212,42.4
GP,M,15,U,LE3,T,2,0,services,other,course,father,1,4,0,no,yes,yes,yes,yes,yes,yes,no,5,3,5,1,2,2,2,synthetic_indian,8.6,5.6,63.1348197207684,90,4,67,5,72,4,66,3,71,4,366,73.2
GP,M,15,R,LE3,T,4,3,at_home,services,reputation,mother,4,2,0,no,no,no,no,yes,yes,yes,no,4,2,5,1,2,1,3,synthetic_indian,6.6,6.2,46.86907624944304,35,3,57,4,49,3,63,4,58,4,262,52.4
GP,M,14,R,GT3,A,4,2,services,at_home,reputation,father,4,1,3,no,yes,yes,no,no,yes,no,no,1,3,4,1,1,5,5,synthetic_indian,8.7,4.1,22.19033389844656,39,3,24,2,20,3,17,1,23,2,123,24.6
GP,M,14,R,GT3,T,0,1,health,services,other,father,3,4,0,yes,yes,no,no,no,yes,no,no,4,4,4,1,4,2,6,synthetic_indian,8.1,4.0,58.346448644432535,80,3,64,3,54,2,65,3,57,4,320,64.0
GP,F,15,U,GT3,T,0,2,teacher,other,reputation,mother,3,3,0,no,yes,no,yes,yes,yes,no,no,4,4,3,1,1,3,3,synthetic_indian,6.8,4.7,45.27146425102001,48,3,55,3,32,2,40,3,47,3,222,44.4
GP,F,14,R,LE3,T,0,2,at_home,other,home,mother,1,4,0,no,yes,no,yes,yes,no,yes,no,4,4,4,1,1,5,2,synthetic_indian,7.3,4.7,65.01419778611087,74,4,64,4,64,4,73,5,60,3,335,67.0
GP,M,15,U,LE3,T,2,4,health,at_home,course,mother,3,3,1,no,yes,no,no,yes,yes,no,no,1,4,4,4,1,5,6,synthetic_indian,8.3,5.2,40.42247533900374,59,4,53,3,38,2,37,3,31,3,218,43.6
MS,M,16,U,GT3,T,3,4,health,services,reputation,other,2,4,3,no,yes,no,no,yes,yes,no,no,5,4,1,1,1,5,3,synthetic_indian,6.6,4.1,48.70688032488021,57,4,49,2,52,3,49,4,63,4,270,54.0
GP,M,15,U,LE3,T,0,4,at_home,services,other,father,1,2,0,no,yes,yes,yes,yes,no,no,no,1,2,1,1,4,5,4,synthetic_indian,7.1,2.3,48.41795413240644,55,3,51,3,57,3,44,3,54,4,261,52.2
MS,F,16,R,GT3,T,0,1,health,at_home,course,mother,1,2,0,no,no,no,no,yes,yes,yes,no,1,1,2,1,1,3,2,synthetic_indian,6.7,3.2,48.06252591232823,46,4,46,3,58,3,39,2,46,4,235,47.0
GP,M,14,U,GT3,T,1,2,at_home,services,reputation,father,2,1,2,no,no,no,no,no,yes,yes,no,4,3,3,1,1,1,3,synthetic_indian,6.8,4.0,21.85458626990873,16,2,24,2,16,1,18,2,23,2,97,19.4
GP,M,15,R,GT3,T,2,0,at_home,at_home,other,mother,4,3,0,yes,no,no,yes,yes,yes,no,no,3,1,1,1,2,3,3,synthetic_indian,6.4,2.4,51.74400661143582,55,4,54,3,56,4,64,3,63,4,292,58.4
GP,F,14,U,GT3,T,0,3,other,health,reputation,mother,4,1,0,no,no,yes,yes,yes,yes,yes,yes,3,3,3,1,1,3,3,synthetic_indian,6.7,5.7,38.038168183393495,24,2,54,3,41,2,28,3,42,2,189,37.8
MS,F,16,U,GT3,T,1,4,services,other,course,mother,2,2,0,no,no,no,yes,no,yes,yes,no,3,2,3,1,2,2,1,synthetic_indian,7.2,4.3,58.300214881455325,60,3,57,4,62,3,61,4,41,2,281,56.2
MS,M,16,U,LE3,T,4,4,health,health,course,mother,2,3,0,no,yes,no,no,yes,yes,yes,no,1,2,5,1,1,4,5,synthetic_indian,6.4,6.0,65.26426252683294,69,4,75,4,67,4,67,4,73,4,351,70.2
MS,F,16,U,GT3,T,0,2,health,teacher,course,father,3,1,0,no,no,no,no,yes,yes,yes,no,4,5,3,1,1,4,2,synthetic_indian,7.9,4.6,41.33896948954275,49,3,35,2,36,2,41,3,43,2,204,40.8
MS,F,14,R,GT3,T,0,2,other,teacher,home,mother,1,1,0,no,yes,yes,no,yes,yes,yes,no,3,5,5,1,3,2,2,synthetic_indian,6.7,6.0,43.21108886794609,34,2,43,3,47,3,45,2,36,2,205,41.0
GP,M,14,U,GT3,T,1,1,other,teacher,reputation,father,3,1,0,no,no,yes,no,yes,yes,yes,no,2,2,2,2,1,3,7,synthetic_indian,7.7,3.8,27.891935493645786,26,1,31,1,16,1,22,2,32,3,127,25.4
MS,F,14,R,LE3,A,2,1,other,at_home,home,mother,2,1,2,no,no,no,no,no,yes,no,no,2,2,2,3,3,2,2,synthetic_indian,8.0,1.9,20.0,28,2,16,2,13,1,20,1,18,1,95,19.0
GP,M,14,U,GT3,T,0,4,teacher,services,course,mother,3,1,0,no,yes,yes,no,yes,yes,yes,no,2,3,2,1,1,5,1,synthetic_indian,6.2,3.6,38.36732926287935,22,2,31,3,33,3,47,2,40,3,173,34.6
GP,F,16,R,LE3,A,4,2,teacher,health,other,other,2,3,1,yes,yes,no,yes,no,yes,yes,no,5,2,5,1,2,2,3,synthetic_indian,7.2,5.1,44.30494786335567,53,4,44,3,38,2,40,3,48,3,223,44.6
MS,M,16,U,GT3,T,0,0,teacher,health,reputation,mother,3,1,0,no,yes,yes,no,no,yes,yes,no,4,1,5,1,1,2,2,synthetic_indian,8.2,5.3,32.15846966127452,40,3,33,3,18,1,34,3,27,3,152,30.4
MS,M,15,R,GT3,T,4,3,at_home,health,home,mother,3,3,0,yes,no,no,yes,no,yes,yes,no,1,3,2,1,1,5,2,synthetic_indian,6.2,4.5,59.57799347282679,50,3,63,3,64,4,68,4,57,4,302,60.4
MS,M,15,R,GT3,T,3,2,health,health,reputation,mother,4,1,0,no,no,yes,no,no,yes,yes,no,1,2,5,1,3,4,5,synthetic_indian,8.6,3.5,42.01559381363283,49,2,19,2,39,2,43,3,48,3,198,39.6
MS,F,14,U,LE3,T,3,2,services,teacher,other,father,2,2,2,yes,no,no,no,yes,yes,yes,no,4,3,4,1,1,5,4,synthetic_indian,7.6,3.4,41.55643238563066,53,3,31,3,45,3,31,2,37,3,197,39.4
MS,M,16,U,GT3,A,4,1,at_home,health,home,mother,3,2,1,yes,yes,no,yes,yes,yes,yes,no,5,3,4,1,2,1,4,synthetic_indian,6.8,5.2,47.48283611672908,43,3,46,4,55,3,44,2,50,3,238,47.6
MS,F,16,R,GT3,T,2,3,health,services,course,mother,1,1,0,no,no,yes,no,yes,no,no,yes,4,4,5,1,2,2,4,synthetic_indian,7.6,5.8,47.3537019590352,49,3,51,3,44,3,43,2,48,3,235,47.0
MS,M,16,R,LE3,T,0,4,health,teacher,home,mother,3,4,1,no,yes,yes,yes,yes,yes,yes,yes,5,5,5,1,2,2,6,synthetic_indian,7.4,4.9,59.02657905690224,69,4,47,2,62,4,67,4,48,3,293,58.6
MS,M,15,U,LE3,T,0,2,other,health,reputation,mother,3,2,0,no,no,yes,no,no,yes,yes,no,3,3,1,2,3,4,4,synthetic_indian,7.4,3.8,46.04280628254639,45,3,40,3,45,3,41,3,62,4,233,46.6
GP,F,15,R,LE3,T,3,4,other,at_home,reputation,father,1,3,3,yes,yes,no,yes,yes,yes,yes,yes,3,3,1,1,1,3,4,synthetic_indian,7.4,3.8,29.438039670165534,33,2,38,3,20,3,25,3,17,2,133,26.6
MS,M,16,R,LE3,T,4,2,at_home,other,reputation,mother,2,1,0,no,yes,no,no,no,no,yes,yes,5,4,3,1,1,5,9,synthetic_indian,7.0,6.9,50.826885084924776,41,2,62,3,61,4,41,2,46,3,251,50.2
MS,M,16,R,GT3,T,0,4,other,other,reputation,mother,4,3,2,yes,yes,no,yes,no,yes,no,no,4,2,3,1,1,3,1,synthetic_indian,7.1,3.3,40.37532720331324,43,3,42,3,34,2,44,2,44,2,207,41.4
GP,F,16,R,GT3,T,0,3,health,other,course,mother,4,4,0,no,no,no,yes,no,yes,no,no,3,3,3,1,1,1,6,synthetic_indian,5.8,4.4,52.06642220742544,48,3,57,4,44,3,49,3,54,3,252,50.4
MS,M,15,R,GT3,T,2,1,other,teacher,home,mother,4,1,0,no,no,no,yes,no,yes,yes,no,4,4,2,1,1,5,4,synthetic_indian,7.6,5.2,43.97249274517361,41,3,47,3,40,3,38,1,36,3,202,40.4
GP,M,16,U,LE3,T,1,3,teacher,health,course,other,1,2,0,no,yes,yes,yes,yes,yes,yes,no,3,1,4,1,1,1,4,synthetic_indian,6.5,3.0,46.77313448422092,50,3,40,3,46,3,46,3,53,4,235,47.0
GP,M,16,U,LE3,T,3,0,other,teacher,course,mother,3,3,0,no,yes,yes,yes,yes,no,yes,no,4,4,2,1,1,1,4,synthetic_indian,6.6,6.0,50.595417708063415,53,3,65,3,46,3,50,3,60,3,274,54.8
MS,M,14,U,GT3,T,3,1,health,services,course,other,2,2,0,no,no,yes,no,yes,yes,yes,no,4,5,5,1,1,1,2,synthetic_indian,8.4,6.7,52.7043235293808,69,3,61,3,57,4,45,3,53,3,285,57.0
GP,F,14,R,LE3,A,1,3,at_home,at_home,reputation,mother,3,2,0,no,yes,no,yes,yes,yes,no,no,2,5,1,1,1,5,7,synthetic_indian,8.3,4.1,52.66005043547676,64,4,61,4,63,4,49,4,76,5,313,62.6
GP,F,15,R,GT3,T,0,0,services,at_home,reputation,mother,4,1,0,no,no,no,yes,yes,yes,yes,no,5,2,5,1,2,5,2,synthetic_indian,7.9,8.0,31.963019601446227,44,3,60,4,26,3,29,2,14,2,173,34.6
GP,M,16,U,GT3,T,2,2,other,other,reputation,father,3,3,0,no,yes,yes,yes,no,yes,yes,yes,1,2,5,3,1,4,2,synthetic_indian,6.2,3.9,48.35376776230754,43,3,32,2,50,4,50,3,48,3,223,44.6
GP,F,16,R,GT3,T,2,2,health,other,home,mother,1,4,0,no,yes,no,no,no,yes,yes,no,5,5,1,1,1,2,7,synthetic_indian,6.8,6.9,66.22599802862146,70,3,83,4,79,4,67,4,69,4,368,73.6
MS,M,14,R,GT3,T,3,4,services,other,other,father,1,2,0,yes,no,no,no,yes,yes,yes,no,4,5,5,1,3,3,1,synthetic_indian,8.3,6.3,57.08840070640364,70,3,57,4,64,3,58,4,55,3,304,60.8
GP,F,15,U,LE3,T,2,1,services,health,reputation,other,2,1,2,no,no,no,no,yes,yes,yes,no,4,3,3,1,1,3,5,synthetic_indian,7.6,5.2,39.09039023609125,45,3,47,3,51,3,46,3,35,3,224,44.8
MS,M,14,U,LE3,A,1,2,teacher,services,home,mother,2,1,0,no,yes,yes,no,yes,yes,yes,no,5,5,1,2,5,1,7,synthetic_indian,9.4,4.9,44.46076904244917,67,4,47,3,54,3,40,3,45,3,253,50.6
GP,M,14,U,LE3,T,0,1,services,services,reputation,mother,4,4,0,no,yes,yes,yes,yes,yes,no,no,4,2,5,1,1,5,2,synthetic_indian,7.0,3.5,69.26575841135964,77,3,79,4,71,4,67,4,70,3,364,72.8
GP,M,14,U,GT3,A,1,2,health,services,reputation,father,2,1,0,yes,no,no,yes,yes,yes,yes,no,3,5,3,1,1,5,6,synthetic_indian,7.9,5.2,35.16278869726519,36,3,37,2,24,2,42,3,39,3,178,35.6
GP,M,14,U,LE3,T,4,4,health,services,course,mother,3,2,0,yes,yes,no,yes,yes,yes,yes,no,4,2,3,2,1,1,1,synthetic_indian,7.0,4.5,62.88316210980052,66,4,66,4,65,4,68,4,60,4,325,65.0
GP,M,16,U,LE3,T,3,3,other,other,course,mother,1,1,0,no,no,no,no,yes,yes,yes,no,5,1,4,1,2,2,4,synthetic_indian,7.4,3.5,52.081359189818535,58,3,36,2,61,3,52,3,55,3,262,52.4
MS,M,16,U,GT3,T,2,4,other,at_home,course,mother,1,3,0,no,yes,yes,no,yes,yes,no,no,5,5,3,1,1,3,8,synthetic_indian,7.1,5.7,55.9841091787705,58,4,71,3,49,3,53,3,48,3,279,55.8
MS,F,14,U,LE3,T,4,0,other,other,home,mother,1,3,0,yes,yes,yes,no,yes,yes,yes,no,5,2,2,1,3,4,3,synthetic_indian,7.4,3.5,61.60809204319517,65,4,69,4,59,3,66,4,63,4,322,64.4
GP,M,15,U,LE3,T,2,2,services,services,other,father,2,2,3,no,no,no,yes,yes,yes,no,yes,2,4,1,1,1,2,3,synthetic_indian,8.1,2.6,34.0412692076689,44,2,24,2,36,3,38,4,22,2,164,32.8
GP,F,15,U,LE3,T,0,0,services,other,other,mother,1,3,0,no,no,no,yes,yes,yes,no,yes,2,3,1,1,1,5,7,synthetic_indian,6.5,2.6,53.27498954602528,54,3,61,4,59,2,46,4,49,3,269,53.8
MS,M,15,R,GT3,T,0,0,teacher,services,home,mother,1,4,0,no,yes,no,yes,yes,yes,no,no,2,2,1,1,1,1,5,synthetic_indian,5.8,3.5,48.429157191947645,51,3,65,3,44,3,44,2,59,3,263,52.6
GP,F,15,U,GT3,T,0,1,other,teacher,reputation,father,1,1,0,yes,no,no,no,yes,yes,yes,yes,2,5,5,1,1,3,3,synthetic_indian,6.5,6.4,38.984753481555714,21,2,37,3,48,3,40,2,38,3,184,36.8
GP,F,14,R,GT3,T,2,2,at_home,at_home,home,mother,4,2,0,no,yes,yes,yes,no,yes,yes,no,2,5,5,1,1,1,6,synthetic_indian,7.9,6.8,42.784474747544216,48,3,55,3,42,3,30,2,50,3,225,45.0
GP,F,16,R,LE3,T,4,0,teacher,teacher,reputation,mother,4,4,1,no,yes,no,no,yes,yes,yes,no,2,1,2,1,3,5,4,synthetic_indian,5.8,3.3,50.360098713785725,46,2,57,2,46,3,49,3,57,3,255,51.0
MS,M,15,U,GT3,T,0,3,at_home,health,home,father,2,1,0,yes,no,no,yes,yes,no,yes,no,2,4,3,1,1,1,3,synthetic_indian,6.1,6.1,35.24989959513719,25,2,45,3,30,2,47,1,39,3,186,37.2
MS,M,14,U,GT3,T,4,0,services,other,home,mother,1,4,0,no,no,yes,no,no,yes,yes,no,5,2,5,1,1,3,5,synthetic_indian,7.0,5.5,62.28680248958625,71,3,75,4,66,4,54,3,66,4,332,66.4
MS,F,15,U,LE3,T,2,3,teacher,health,home,father,2,2,0,no,no,no,no,yes,no,yes,no,1,4,3,1,1,1,3,synthetic_indian,9.1,7.0,49.54745785024305,69,3,68,4,53,4,49,4,39,2,278,55.6
GP,M,15,U,GT3,T,4,1,teacher,other,other,father,1,2,0,no,yes,yes,no,no,yes,no,yes,2,1,3,1,3,3,3,synthetic_indian,7.1,2.7,46.048837681104615,51,3,46,3,45,3,49,3,52,4,243,48.6
GP,F,14,R,LE3,T,2,0,health,teacher,course,mother,1,4,0,no,yes,yes,no,yes,yes,yes,yes,5,3,5,2,5,1,4,synthetic_indian,7.4,6.0,66.77117044566161,78,4,77,3,78,5,61,3,70,4,364,72.8
MS,M,16,U,GT3,T,2,4,services,services,home,mother,1,1,1,yes,yes,yes,no,yes,yes,yes,yes,1,4,5,1,2,1,5,synthetic_indian,7.7,6.7,21.06348358423302,18,2,20,2,6,1,22,2,20,1,86,17.2
MS,F,16,U,GT3,A,3,1,services,services,other,mother,2,3,1,yes,yes,yes,no,yes,yes,yes,no,2,1,2,2,5,3,0,synthetic_indian,6.8,4.9,37.093993900470856,37,2,49,3,32,2,31,3,30,2,179,35.8
MS,F,14,U,LE3,T,2,3,teacher,other,course,mother,2,3,2,no,no,yes,no,yes,yes,yes,yes,1,2,4,1,2,1,6,synthetic_indian,7.6,4.0,39.92127133965044,59,3,38,2,38,3,36,3,38,3,209,41.8
MS,M,16,U,GT3,T,2,1,services,services,course,father,1,4,1,no,yes,no,no,yes,yes,yes,no,1,3,1,1,4,2,5,synthetic_indian,6.6,5.1,46.72588499861186,52,3,55,4,48,3,51,3,43,2,249,49.8
GP,F,14,R,GT3,T,1,0,teacher,teacher,home,father,3,2,0,no,no,no,no,yes,yes,yes,yes,3,5,5,1,2,4,4,synthetic_indian,7.7,6.3,43.00714567656977,49,3,45,2,43,3,39,2,45,3,221,44.2
MS,M,14,U,GT3,T,0,2,health,services,reputation,mother,2,1,0,no,yes,no,no,yes,yes,yes,yes,4,1,5,1,1,2,4,synthetic_indian,7.6,4.4,44.63565578199074,48,3,44,2,46,3,43,2,52,3,233,46.6
GP,F,14,U,LE3,T,3,2,teacher,teacher,reputation,father,4,1,1,no,yes,yes,no,yes,yes,yes,no,3,5,3,5,1,4,3,synthetic_indian,7.3,5.8,33.7733005119657,31,2,38,2,30,3,23,1,25,1,147,29.4
MS,F,16,U,LE3,T,3,3,services,health,reputation,other,2,2,1,no,yes,yes,no,yes,yes,no,no,1,3,4,2,1,2,6,synthetic_indian,8.0,4.7,40.55358313525392,53,4,39,2,39,2,39,2,35,3,205,41.0
GP,M,14,R,LE3,T,3,3,services,teacher,home,other,1,3,1,yes,yes,no,yes,yes,yes,no,no,5,1,5,1,1,4,4,synthetic_indian,6.7,3.2,63.74908754760944,68,4,67,4,70,5,65,3,72,4,342,68.4
MS,M,15,U,GT3,T,1,2,teacher,at_home,reputation,mother,3,1,0,no,yes,yes,yes,yes,yes,no,no,2,1,4,1,1,1,3,synthetic_indian,6.8,3.4,48.71609468538961,45,2,52,3,51,3,43,2,32,2,223,44.6
MS,M,16,U,LE3,T,2,3,teacher,at_home,other,mother,1,4,0,no,no,yes,no,yes,yes,yes,no,4,3,1,1,1,3,4,synthetic_indian,7.2,5.8,69.19694610603382,83,4,85,4,75,3,69,4,66,4,378,75.6
MS,F,16,R,GT3,T,0,1,teacher,at_home,other,mother,4,3,1,no,yes,no,no,yes,yes,yes,no,2,2,3,1,4,3,2,synthetic_indian,6.3,5.6,29.4730596597775,27,3,40,2,21,1,23,2,27,2,138,27.6
MS,M,16,U,GT3,T,4,4,other,other,other,other,2,4,0,yes,no,no,no,no,yes,yes,no,5,1,2,1,1,5,5,synthetic_indian,6.6,4.6,69.74366945356579,72,5,75,5,75,4,78,4,70,4,370,74.0
GP,F,16,R,LE3,T,2,4,services,other,other,mother,2,3,3,no,yes,no,yes,yes,yes,yes,no,4,3,1,1,2,4,3,synthetic_indian,7.0,4.1,32.41720430767577,34,2,35,4,35,2,38,2,39,2,181,36.2
MS,F,15,R,GT3,T,1,1,services,other,course,mother,1,2,0,no,no,no,no,yes,yes,yes,no,3,4,4,1,2,5,7,synthetic_indian,8.2,5.2,40.106391745863206,44,3,39,3,39,4,41,2,39,3,202,40.4
GP,M,16,R,LE3,T,2,4,other,teacher,other,mother,1,4,0,no,yes,yes,no,yes,yes,yes,no,1,5,4,1,4,5,4,synthetic_indian,7.3,7.5,56.7109851036746,75,4,71,3,57,3,58,4,56,3,317,63.4
GP,M,16,R,GT3,T,2,0,teacher,other,reputation,mother,4,4,0,yes,no,no,yes,yes,yes,yes,no,5,1,1,1,4,4,7,synthetic_indian,6.6,4.2,54.3141254533211,64,4,71,5,47,3,40,2,64,3,286,57.2
GP,F,14,R,GT3,T,1,1,health,health,home,mother,3,2,1,no,yes,yes,no,no,yes,yes,no,1,4,4,1,2,3,4,synthetic_indian,8.0,6.8,36.89242297910142,43,2,51,2,41,2,46,2,47,3,228,45.6
GP,F,16,R,LE3,T,3,3,teacher,at_home,reputation,other,4,4,0,no,no,no,no,yes,yes,no,yes,1,1,2,1,1,4,4,synthetic_indian,7.6,2.2,62.01885062263402,78,4,66,3,55,3,64,3,68,3,331,66.2
MS,M,15,R,LE3,T,3,1,teacher,teacher,other,mother,3,3,0,no,no,yes,yes,yes,yes,yes,no,2,2,2,2,1,1,4,synthetic_indian,7.3,3.9,66.24424367705093,73,4,70,3,74,5,67,4,53,3,337,67.4
GP,M,15,R,GT3,T,0,2,other,at_home,course,mother,2,1,3,no,yes,no,no,yes,yes,yes,no,5,3,4,1,1,5,6,synthetic_indian,7.6,4.1,20.0,28,2,13,1,10,1,29,3,18,2,98,19.6
GP,M,15,U,GT3,T,0,3,services,other,other,mother,3,1,0,yes,yes,yes,no,no,yes,yes,no,1,1,4,1,2,5,7,synthetic_indian,6.4,4.1,38.43581402320261,24,2,31,2,40,3,50,3,39,2,184,36.8
GP,M,15,U,GT3,T,3,2,teacher,teacher,home,mother,3,2,1,no,yes,no,yes,yes,yes,yes,yes,3,3,2,1,3,4,11,synthetic_indian,6.6,5.4,40.23115586232841,35,2,47,2,43,3,39,2,45,3,209,41.8
MS,M,16,U,GT3,T,4,3,services,services,reputation,mother,2,3,0,no,no,no,yes,no,yes,yes,no,4,1,4,1,2,5,5,synthetic_indian,6.6,4.3,57.13615741879932,59,3,65,4,56,3,59,4,54,3,293,58.6
MS,F,16,U,LE3,T,2,4,at_home,health,home,mother,2,4,1,no,yes,no,no,no,yes,yes,yes,5,2,5,1,1,3,3,synthetic_indian,6.3,6.1,60.6848118605977,65,3,61,3,68,4,73,4,55,3,322,64.4
MS,F,15,U,LE3,T,4,1,services,other,home,mother,2,4,0,no,yes,no,yes,yes,no,yes,no,2,2,3,2,1,5,4,synthetic_indian,6.6,4.3,53.58489841319751,58,4,58,3,51,2,53,2,59,3,279,55.8
MS,F,15,U,LE3,T,2,0,health,other,home,mother,4,1,2,no,yes,no,yes,no,yes,no,yes,5,4,5,3,1,4,3,synthetic_indian,7.7,5.4,33.642706195095364,29,3,42,2,37,3,27,2,23,2,158,31.6
GP,F,16,U,GT3,T,3,3,health,health,reputation,mother,2,4,2,no,yes,no,yes,yes,yes,no,no,2,2,4,1,1,3,7,synthetic_indian,7.1,3.1,47.95489558979455,57,3,46,3,50,4,57,4,36,2,246,49.2
GP,M,15,R,GT3,A,0,3,teacher,health,other,mother,1,1,0,yes,no,no,no,no,yes,yes,no,4,3,4,1,1,3,1,synthetic_indian,7.5,5.5,41.87153155218672,39,2,42,3,35,2,24,1,38,3,178,35.6
MS,M,14,R,GT3,A,0,2,services,services,home,other,2,2,0,no,yes,no,no,yes,yes,yes,no,3,2,3,1,1,5,1,synthetic_indian,7.5,1.8,53.31490936543539,61,4,36,2,47,4,58,3,56,3,258,51.6
GP,M,15,U,LE3,T,4,4,teacher,other,reputation,other,2,4,0,no,no,no,no,yes,yes,yes,no,1,1,4,1,2,4,5,synthetic_indian,6.6,4.3,68.41351561635632,81,5,72,4,72,4,58,2,74,5,357,71.4
GP,F,15,U,GT3,T,0,2,other,other,course,mother,2,3,0,no,no,no,yes,yes,yes,no,no,5,2,3,1,1,5,4,synthetic_indian,5.6,2.0,54.29326824889738,36,3,48,3,55,3,59,3,59,3,257,51.4
GP,F,14,R,GT3,T,3,2,health,at_home,reputation,mother,3,4,1,no,yes,no,no,no,yes,yes,no,2,3,2,1,1,1,3,synthetic_indian,6.1,5.3,46.01385386346333,41,2,58,4,40,3,47,3,50,3,236,47.2
MS,M,14,U,GT3,T,4,4,teacher,teacher,course,other,4,1,0,no,no,no,yes,yes,yes,yes,no,4,1,3,1,4,1,5,synthetic_indian,7.2,4.3,47.83078041449757,46,2,59,4,53,3,53,3,50,4,261,52.2
MS,M,16,R,GT3,T,2,0,other,teacher,reputation,mother,2,2,0,yes,yes,no,yes,yes,yes,yes,no,1,4,3,1,1,3,0,synthetic_indian,6.6,6.2,35.27822732338019,27,2,47,2,30,2,30,3,45,3,179,35.8
GP,F,16,U,LE3,T,0,2,teacher,at_home,other,father,4,1,0,no,no,no,no,yes,yes,yes,no,4,4,5,1,1,5,6,synthetic_indian,8.1,7.8,49.7332634476509,59,3,61,3,59,3,45,3,60,3,284,56.8
MS,F,14,U,LE3,T,1,2,services,teacher,home,other,1,4,1,yes,yes,no,yes,yes,yes,no,no,3,4,4,1,1,1,0,synthetic_indian,8.0,3.6,54.62163245271166,72,4,48,4,56,4,64,4,49,4,289,57.8
MS,M,14,R,GT3,T,0,3,services,health,other,mother,1,1,3,no,no,yes,no,yes,no,yes,no,1,1,2,1,1,2,5,synthetic_indian,8.2,4.7,20.0,33,2,32,2,27,2,35,3,18,1,145,29.0
MS,M,16,U,GT3,T,2,4,services,teacher,reputation,mother,2,1,0,no,yes,no,no,yes,yes,yes,no,1,4,1,1,1,1,3,synthetic_indian,7.5,5.7,45.54682050188664,43,2,53,2,43,3,42,2,55,3,236,47.2
MS,F,15,R,LE3,T,4,1,services,teacher,home,other,1,2,0,no,yes,no,yes,yes,yes,yes,no,1,2,3,1,1,5,3,synthetic_indian,8.2,4.3,46.15279569710819,62,3,50,3,48,2,65,4,37,3,262,52.4
MS,M,14,R,GT3,T,2,0,at_home,at_home,course,mother,4,3,0,no,yes,no,no,yes,yes,yes,no,2,1,1,1,1,5,5,synthetic_indian,7.0,3.8,53.12427174472362,62,3,62,4,54,4,53,3,49,3,280,56.0
GP,M,16,U,GT3,T,1,0,other,services,reputation,mother,3,4,0,no,yes,no,no,yes,yes,no,no,1,1,4,1,1,1,0,synthetic_indian,6.4,2.6,63.52401667586449,64,4,59,2,68,3,67,4,69,5,327,65.4
MS,M,15,R,GT3,T,3,4,other,teacher,home,mother,2,2,0,no,no,yes,no,yes,yes,no,yes,4,1,3,2,1,5,4,synthetic_indian,6.7,2.1,58.040431989482165,59,4,57,4,53,3,56,3,60,3,285,57.0
GP,F,14,R,GT3,T,0,3,services,teacher,course,mother,1,3,0,no,yes,no,yes,yes,yes,yes,no,2,5,1,1,3,5,2,synthetic_indian,7.0,4.4,59.53867767510617,62,4,64,3,71,4,58,3,55,3,310,62.0
GP,F,15,U,LE3,T,4,3,at_home,services,course,father,4,1,0,no,no,no,no,no,yes,yes,no,1,3,5,1,1,2,2,synthetic_indian,7.3,5.4,52.35909235669119,55,3,48,3,61,3,57,4,52,3,273,54.6
MS,F,16,R,GT3,T,3,4,services,at_home,other,father,4,3,0,no,yes,no,yes,yes,yes,yes,no,4,5,1,1,3,3,4,synthetic_indian,7.4,4.7,66.55348912794999,72,4,58,3,75,4,68,4,67,4,340,68.0
GP,F,14,U,GT3,T,2,3,at_home,services,reputation,other,1,1,0,yes,no,yes,no,no,yes,yes,yes,4,5,5,1,1,5,4,synthetic_indian,7.9,7.5,41.89205936636202,46,4,65,3,37,3,40,2,46,3,234,46.8
GP,F,15,R,GT3,T,4,0,services,at_home,course,mother,4,1,0,no,yes,no,yes,no,yes,yes,no,5,5,2,1,1,4,3,synthetic_indian,7.8,5.4,42.10094531331107,43,3,45,2,39,3,33,2,36,2,196,39.2
GP,F,14,R,GT3,T,3,0,health,health,home,mother,4,2,0,no,yes,no,no,yes,yes,yes,no,4,3,4,1,2,3,6,synthetic_indian,7.6,5.4,44.99847436782324,51,3,49,3,45,3,40,3,37,3,222,44.4
MS,F,15,U,GT3,T,4,1,health,at_home,course,mother,2,1,1,no,yes,yes,yes,yes,yes,yes,no,3,5,1,4,1,3,4,synthetic_indian,8.6,4.7,35.51744564400032,48,3,37,3,34,2,24,1,42,3,185,37.0
MS,M,16,R,LE3,A,1,4,teacher,health,course,mother,4,2,0,no,no,yes,yes,no,yes,yes,yes,1,4,3,1,1,4,3,synthetic_indian,8.1,4.3,55.58472028119413,68,2,45,3,53,3,54,3,54,3,274,54.8
GP,M,16,R,GT3,T,1,2,services,health,other,mother,1,3,0,no,yes,yes,no,yes,yes,yes,yes,1,1,4,1,1,1,6,synthetic_indian,5.8,4.9,34.750571571437305,22,3,45,3,24,3,32,3,34,1,157,31.4
MS,M,14,R,GT3,T,0,2,other,at_home,other,other,2,3,0,no,no,no,no,yes,yes,no,no,1,1,1,1,1,2,5,synthetic_indian,5.1,0.2,53.3413207903295,43,3,45,2,47,2,52,3,54,2,241,48.2
MS,M,15,R,GT3,T,0,1,teacher,other,home,father,1,1,1,no,no,yes,no,yes,no,yes,no,4,2,3,1,2,5,2,synthetic_indian,8.1,4.4,35.778535351939105,37,3,37,3,37,3,45,3,35,3,191,38.2
MS,M,14,R,GT3,T,1,1,health,at_home,other,mother,3,2,2,no,yes,yes,no,yes,yes,yes,no,4,4,3,1,3,1,7,synthetic_indian,6.4,4.1,25.254734462106697,15,2,18,2,22,2,27,2,41,3,123,24.6
MS,M,14,U,GT3,T,4,3,services,teacher,course,father,1,1,0,no,no,no,yes,no,yes,yes,no,1,3,3,1,1,4,5,synthetic_indian,7.4,6.3,51.40764303409527,51,3,61,4,64,4,53,3,58,3,287,57.4
GP,M,15,R,GT3,T,1,1,teacher,teacher,course,mother,1,2,0,no,yes,yes,no,yes,yes,yes,no,2,1,3,2,1,2,4,synthetic_indian,6.3,4.7,45.52068044550522,41,2,63,4,46,3,47,2,42,3,239,47.8
GP,F,15,U,GT3,T,0,1,services,other,other,mother,2,2,0,no,yes,yes,no,yes,yes,yes,no,2,5,1,1,1,2,4,synthetic_indian,6.2,5.3,49.22115144848538,44,3,49,3,62,3,59,3,44,2,258,51.6
MS,F,15,U,LE3,T,1,2,health,health,course,father,4,2,0,no,no,no,yes,yes,yes,yes,no,3,2,2,1,5,2,6,synthetic_indian,7.6,5.1,42.82423687789861,43,2,49,2,39,3,54,3,47,3,232,46.4
MS,M,16,R,LE3,A,1,3,teacher,other,course,mother,1,3,0,no,no,no,no,yes,no,no,no,5,2,5,1,2,4,2,synthetic_indian,7.5,3.7,67.71486495504155,76,4,65,3,77,4,57,4,67,5,342,68.4
GP,M,14,U,GT3,T,4,1,health,teacher,home,other,2,2,0,yes,no,no,no,yes,yes,yes,no,3,1,5,1,3,1,6,synthetic_indian,6.7,4.9,57.44039836716512,47,3,60,3,75,3,52,3,68,3,302,60.4
GP,F,14,U,GT3,T,3,1,at_home,other,other,father,3,3,0,no,yes,no,no,yes,yes,yes,no,1,4,5,1,1,5,4,synthetic_indian,5.3,6.2,54.360160695635976,38,2,60,2,58,3,60,4,51,3,267,53.4
MS,M,16,U,LE3,T,0,3,health,at_home,course,mother,2,2,0,no,yes,no,no,no,yes,yes,no,1,2,2,1,2,2,1,synthetic_indian,6.8,4.6,39.0671504394276,39,3,47,3,34,2,46,4,39,2,205,41.0
GP,M,15,U,LE3,A,4,4,services,other,other,father,2,3,0,no,yes,no,no,yes,yes,yes,no,1,1,3,2,1,2,7,synthetic_indian,7.1,5.0,55.22794353474571,69,3,73,4,65,3,52,3,57,3,316,63.2
MS,F,16,R,GT3,T,1,3,other,health,home,mother,4,4,0,no,no,yes,yes,no,yes,yes,no,5,4,3,1,1,1,0,synthetic_indian,5.9,6.4,59.159011767301216,54,3,74,5,57,3,63,4,43,2,291,58.2
MS,M,16,U,LE3,T,1,2,health,at_home,other,mother,1,3,0,no,yes,yes,yes,yes,yes,yes,no,4,1,4,1,4,2,4,synthetic_indian,7.0,4.9,55.41552721045797,66,4,61,4,59,4,57,3,50,3,293,58.6
GP,F,16,R,LE3,T,3,4,other,services,course,mother,3,3,0,no,no,no,no,yes,yes,yes,no,5,1,5,3,1,2,3,synthetic_indian,6.8,3.8,67.1781213300872,74,4,60,4,74,4,63,3,59,4,330,66.0
GP,M,14,U,LE3,T,0,0,at_home,teacher,other,mother,2,1,0,no,yes,yes,yes,yes,yes,yes,no,3,4,5,2,4,4,6,synthetic_indian,8.1,5.2,29.15664395584559,34,1,26,2,24,2,15,2,26,3,125,25.0
MS,F,16,R,LE3,T,0,3,teacher,teacher,course,father,1,2,1,no,yes,no,yes,yes,yes,yes,no,4,4,3,1,1,3,3,synthetic_indian,7.5,5.7,41.69703108350163,40,3,37,2,35,2,40,2,23,2,175,35.0
MS,F,14,U,LE3,T,2,2,teacher,other,course,mother,1,4,0,yes,yes,no,yes,yes,yes,yes,no,4,4,5,3,2,1,4,synthetic_indian,6.2,6.1,43.70043600706318,43,2,53,4,36,2,45,3,44,2,221,44.2
GP,F,14,U,LE3,T,0,4,other,at_home,course,father,2,1,0,no,yes,yes,no,yes,yes,yes,no,3,1,3,1,1,1,4,synthetic_indian,8.2,2.8,58.51167003481134,64,3,46,3,59,2,58,4,71,4,298,59.6
MS,M,14,R,GT3,T,3,3,teacher,services,home,mother,1,2,2,no,yes,yes,yes,no,yes,yes,no,4,2,3,1,1,1,4,synthetic_indian,7.1,6.1,31.59575455593984,39,2,60,4,27,2,30,3,26,1,182,36.4
GP,F,15,R,GT3,T,2,1,health,at_home,other,mother,2,4,0,no,no,yes,no,no,yes,yes,no,2,3,3,1,1,4,1,synthetic_indian,6.8,6.2,57.77518363906698,63,3,73,4,63,4,47,3,50,2,296,59.2
MS,M,14,U,GT3,T,2,3,other,teacher,home,father,2,4,0,no,no,no,no,yes,yes,no,no,3,3,1,2,1,4,4,synthetic_indian,6.1,3.2,61.332101716071634,65,4,71,3,58,3,61,3,50,3,305,61.0
GP,M,14,U,GT3,A,1,0,services,at_home,other,mother,2,4,0,no,yes,no,yes,yes,yes,yes,no,3,1,1,1,1,5,7,synthetic_indian,6.3,3.0,64.92616545008049,65,4,68,4,69,3,60,4,67,4,329,65.8
GP,M,15,U,LE3,T,1,3,health,services,home,mother,3,2,1,no,yes,no,no,yes,yes,no,no,2,1,1,1,1,4,1,synthetic_indian,6.5,1.8,28.084961351615725,25,2,27,2,15,2,27,2,25,2,119,23.8
GP,M,14,U,LE3,A,0,4,health,other,reputation,mother,2,4,2,no,yes,yes,no,yes,yes,yes,no,5,2,1,1,1,1,5,synthetic_indian,6.6,2.6,49.72033794604455,55,3,58,3,46,2,58,3,51,3,268,53.6
MS,F,16,R,GT3,T,2,4,health,health,course,mother,4,4,0,no,no,no,no,yes,yes,no,no,5,4,2,1,1,5,6,synthetic_indian,8.1,4.3,69.9750874550138,89,5,80,3,64,3,81,4,77,4,391,78.2
MS,F,16,U,LE3,T,1,3,services,at_home,course,mother,1,1,0,no,yes,no,no,yes,yes,yes,no,5,1,4,1,1,3,2,synthetic_indian,6.4,4.9,43.65818167444991,32,3,41,2,42,3,37,2,37,2,189,37.8
GP,M,14,U,GT3,T,3,4,at_home,health,home,father,3,3,0,no,no,yes,yes,no,yes,yes,no,4,5,4,1,1,2,4,synthetic_indian,6.1,5.1,69.8273592738138,63,3,72,4,79,5,76,4,70,4,360,72.0
MS,M,15,U,GT3,T,1,1,teacher,teacher,reputation,mother,1,2,0,no,yes,no,no,no,yes,yes,no,2,4,3,3,2,2,0,synthetic_indian,8.4,5.8,38.13602324686538,49,4,48,3,28,2,53,3,39,3,217,43.4
GP,F,16,U,GT3,T,1,3,other,other,course,mother,3,3,0,no,yes,no,yes,yes,yes,yes,yes,3,1,5,1,3,5,3,synthetic_indian,6.7,5.0,57.78077706341397,56,4,60,3,65,3,63,3,70,4,314,62.8
GP,M,15,U,LE3,T,2,1,at_home,other,other,other,4,1,0,no,no,yes,no,yes,yes,yes,no,3,5,1,1,1,3,0,synthetic_indian,7.3,3.7,49.2275167322365,50,3,39,3,53,3,43,2,63,4,248,49.6
MS,F,15,U,LE3,T,2,1,other,at_home,home,mother,3,3,0,no,yes,no,no,yes,yes,yes,no,3,2,4,1,1,2,4,synthetic_indian,7.7,4.2,65.1591155152131,81,4,64,3,71,4,74,3,64,4,354,70.8
MS,M,16,U,GT3,A,4,2,teacher,other,course,father,3,4,1,no,yes,yes,no,no,yes,yes,no,4,5,4,3,2,5,5,synthetic_indian,6.6,6.4,45.87686549133496,47,3,57,3,41,3,37,3,63,4,245,49.0
GP,M,15,U,LE3,T,3,3,services,at_home,course,mother,3,4,0,no,yes,no,yes,yes,yes,no,yes,4,1,1,1,1,4,3,synthetic_indian,7.9,3.5,67.35218660525744,95,5,83,4,65,5,68,4,62,4,373,74.6
MS,F,16,R,GT3,T,2,4,health,at_home,home,mother,1,2,0,no,yes,yes,yes,yes,yes,yes,no,5,3,2,1,1,1,3,synthetic_indian,7.8,5.3,64.33641944486439,72,4,72,5,76,4,81,5,68,4,369,73.8
MS,M,15,U,GT3,T,0,1,health,health,home,father,2,2,0,no,yes,no,yes,no,yes,no,no,4,1,2,2,1,3,2,synthetic_indian,6.8,1.3,55.21192784998066,60,4,47,4,57,3,56,3,59,3,279,55.8
GP,F,16,R,GT3,T,3,2,services,other,other,mother,1,2,1,yes,no,no,no,yes,yes,yes,no,5,3,4,1,1,2,9,synthetic_indian,8.8,6.1,32.65037591993945,54,3,33,3,26,3,27,2,15,2,155,31.0
GP,M,14,U,LE3,T,3,3,at_home,at_home,other,father,2,1,0,no,no,no,yes,yes,yes,yes,no,5,2,2,1,1,1,4,synthetic_indian,7.0,2.6,50.98416991322038,44,2,50,3,50,4,41,3,51,3,236,47.2
MS,M,16,R,GT3,T,2,3,at_home,health,course,mother,1,2,0,no,yes,no,no,yes,no,yes,no,3,2,1,1,1,5,1,synthetic_indian,7.7,4.9,56.84829592308836,73,4,63,3,63,3,61,4,43,3,303,60.6
GP,M,16,R,GT3,T,3,0,other,services,course,mother,4,1,0,yes,no,no,yes,yes,yes,yes,no,4,4,4,2,1,2,3,synthetic_indian,7.9,5.8,48.93658532927953,57,4,48,4,54,3,49,3,44,2,252,50.4
GP,F,16,R,LE3,T,2,0,services,health,home,mother,4,4,0,no,yes,no,no,yes,yes,yes,no,5,4,1,1,1,1,3,synthetic_indian,7.8,4.9,60.40461608084226,76,3,59,3,53,4,55,4,68,3,311,62.2
MS,M,16,R,LE3,T,1,1,at_home,health,course,mother,3,3,2,no,yes,no,yes,yes,yes,no,no,2,3,2,1,1,4,4,synthetic_indian,8.1,4.8,20.0,40,3,32,3,2,3,13,2,21,2,108,21.6
GP,M,15,U,GT3,T,4,0,services,at_home,course,father,4,4,0,no,yes,no,no,yes,yes,yes,no,2,3,1,2,1,3,4,synthetic_indian,6.8,3.2,65.0793391144222,70,4,64,3,70,4,72,4,67,4,343,68.6
GP,M,14,U,LE3,T,1,1,teacher,teacher,home,mother,3,4,0,no,yes,no,no,yes,yes,yes,yes,4,2,2,1,1,5,3,synthetic_indian,6.2,2.7,55.61807586033614,59,4,49,3,56,3,59,3,63,3,286,57.2
MS,M,16,U,LE3,T,2,4,health,teacher,course,other,2,4,0,yes,yes,no,no,no,yes,no,no,3,5,2,1,1,2,4,synthetic_indian,7.3,4.2,54.98596721126553,55,3,59,4,41,2,64,3,65,3,284,56.8
MS,F,15,U,LE3,T,2,1,health,teacher,course,other,4,2,0,no,no,no,no,yes,yes,yes,no,3,3,1,1,3,4,3,synthetic_indian,6.8,5.0,28.906044450095152,22,1,38,3,15,3,27,2,21,1,123,24.6
GP,F,14,U,GT3,T,1,0,health,health,reputation,mother,2,2,1,yes,yes,no,yes,yes,yes,no,no,5,3,2,1,1,3,8,synthetic_indian,8.7,1.9,49.01388516118645,72,3,46,4,53,3,45,3,53,4,269,53.8
GP,M,14,U,GT3,T,0,4,services,at_home,other,mother,1,2,0,no,yes,no,no,yes,yes,no,no,4,5,3,1,1,3,5,synthetic_indian,7.6,2.2,58.3117047024298,61,3,47,3,60,3,57,4,62,4,287,57.4
MS,F,14,R,GT3,T,0,0,services,other,home,father,2,3,0,yes,yes,yes,yes,no,yes,yes,no,2,4,1,1,1,4,7,synthetic_indian,6.9,4.0,47.39606171572649,50,3,46,2,52,3,50,4,47,3,245,49.0
MS,M,14,U,LE3,T,0,1,other,health,reputation,other,1,2,0,no,no,yes,yes,no,yes,yes,no,5,4,3,2,1,2,3,synthetic_indian,7.5,5.6,56.10414617777657,55,3,63,3,67,4,60,3,61,4,306,61.2
MS,M,16,R,LE3,T,2,2,health,health,other,mother,2,1,0,no,no,yes,no,yes,yes,yes,no,5,3,1,1,1,3,8,synthetic_indian,6.6,5.5,47.22394809813844,45,2,58,3,46,3,48,2,32,2,229,45.8
MS,M,16,R,GT3,T,3,3,other,at_home,other,mother,2,4,2,no,yes,no,no,yes,yes,no,no,1,4,2,1,1,5,9,synthetic_indian,6.2,3.8,51.7578002563315,55,4,57,3,59,3,54,3,50,3,275,55.0
GP,F,15,R,GT3,T,2,0,health,services,other,mother,4,3,0,no,yes,yes,no,no,yes,yes,no,4,4,2,1,2,1,5,synthetic_indian,8.0,4.8,47.303587166998014,61,3,49,2,44,2,44,3,35,3,233,46.6
MS,F,15,U,LE3,T,3,1,other,health,reputation,father,2,3,1,no,yes,no,yes,yes,no,yes,yes,5,4,4,1,1,5,6,synthetic_indian,6.7,6.8,44.902696256276215,43,3,58,4,45,2,47,3,53,3,246,49.2
MS,F,15,U,GT3,T,1,4,other,services,reputation,mother,4,3,1,yes,yes,no,yes,yes,yes,no,no,2,2,4,1,2,3,2,synthetic_indian,6.2,2.2,39.83971975031192,40,3,30,2,26,3,37,3,46,3,179,35.8
GP,F,14,U,GT3,T,4,0,teacher,services,other,father,4,3,0,no,yes,yes,yes,no,yes,yes,yes,1,1,3,5,1,1,1,synthetic_indian,7.2,3.4,51.3037060088672,68,4,54,3,47,3,50,3,51,3,270,54.0
MS,F,14,U,GT3,T,3,0,other,teacher,course,mother,3,3,0,no,yes,no,yes,yes,yes,no,yes,2,3,2,1,5,4,3,synthetic_indian,7.9,3.3,52.31830487739994,70,3,63,4,54,3,49,2,46,3,282,56.4
GP,F,16,R,GT3,T,0,3,services,at_home,course,mother,3,1,0,yes,yes,yes,yes,no,no,yes,no,3,3,4,4,2,1,5,synthetic_indian,8.1,6.1,41.22968182357842,57,3,48,3,49,4,37,2,34,2,225,45.0
MS,F,14,U,GT3,T,2,1,other,services,reputation,mother,1,4,0,no,yes,yes,yes,no,yes,yes,no,1,2,2,1,4,1,6,synthetic_indian,7.4,3.4,57.15338328685139,67,3,62,4,57,3,61,4,50,3,297,59.4
MS,F,14,R,LE3,T,1,2,health,at_home,reputation,mother,2,3,0,no,yes,no,yes,yes,yes,no,no,1,1,1,1,1,1,6,synthetic_indian,6.3,1.7,58.53044282967949,54,4,66,3,72,4,58,3,52,3,302,60.4
MS,F,14,U,GT3,T,0,4,other,teacher,reputation,mother,1,4,0,no,no,no,no,no,yes,yes,no,5,1,4,1,1,3,5,synthetic_indian,5.6,2.1,70.44064079883336,60,3,58,3,78,4,58,3,72,4,326,65.2
GP,M,15,R,GT3,T,1,1,at_home,at_home,other,mother,2,2,0,no,no,no,yes,no,yes,yes,no,3,2,3,1,2,2,6,synthetic_indian,8.3,4.0,61.37957206429885,78,4,61,4,73,4,68,2,59,4,339,67.8
GP,F,15,R,LE3,T,4,4,health,health,course,mother,3,3,0,no,yes,yes,no,yes,yes,yes,no,5,5,4,1,3,3,3,synthetic_indian,7.0,6.8,57.76822006828325,60,3,61,3,53,4,62,3,61,4,297,59.4
MS,F,16,U,GT3,T,2,0,at_home,services,reputation,mother,3,3,0,no,yes,no,yes,yes,yes,yes,no,4,5,2,1,4,2,4,synthetic_indian,7.1,5.1,45.22386379600173,47,2,48,2,36,3,52,3,46,3,229,45.8
GP,F,14,U,GT3,T,2,3,health,at_home,reputation,mother,2,4,0,no,yes,yes,no,yes,yes,yes,no,2,1,5,1,1,4,3,synthetic_indian,7.5,4.5,65.92650169189845,86,4,61,4,69,3,73,5,72,4,361,72.2
GP,F,14,U,GT3,T,4,3,services,other,home,other,2,3,0,yes,yes,yes,no,yes,no,no,no,2,5,5,1,2,4,7,synthetic_indian,7.6,5.7,51.92631983716274,66,4,59,4,45,3,50,2,47,3,267,53.4
GP,F,16,U,GT3,T,2,2,services,at_home,other,mother,3,3,0,no,no,yes,yes,no,yes,yes,no,5,5,2,1,1,4,4,synthetic_indian,7.6,5.6,68.21176461061923,70,4,75,4,84,5,71,4,72,4,372,74.4
GP,F,14,U,GT3,T,3,3,services,services,home,mother,3,3,1,no,yes,yes,no,yes,yes,yes,no,2,5,1,1,1,4,6,synthetic_indian,8.8,5.0,46.400691766328606,66,4,47,3,51,2,39,2,60,3,263,52.6
GP,F,14,U,GT3,T,1,0,at_home,teacher,course,mother,1,1,0,no,no,yes,yes,yes,yes,yes,no,2,1,4,1,1,4,5,synthetic_indian,6.9,3.3,36.916541792756064,37,3,33,3,36,3,28,3,41,3,175,35.0
GP,F,15,U,LE3,T,0,2,teacher,teacher,home,other,3,1,1,no,no,yes,no,yes,yes,yes,yes,4,5,5,1,1,5,3,synthetic_indian,8.4,6.6,29.592105673093293,37,3,27,1,22,2,34,2,31,3,151,30.2
MS,F,16,U,GT3,T,4,1,health,services,home,mother,2,3,0,yes,yes,no,yes,no,yes,no,no,3,3,1,1,4,3,5,synthetic_indian,7.1,3.8,60.12050454082984,62,4,67,3,62,4,74,4,62,4,327,65.4
MS,F,16,U,LE3,T,3,3,services,health,home,father,1,1,0,no,yes,yes,no,yes,yes,no,yes,1,1,2,1,1,2,3,synthetic_indian,7.5,2.8,48.56351810061109,56,3,55,4,53,4,51,3,50,3,265,53.0
GP,F,16,R,LE3,T,0,2,health,health,other,father,2,2,0,no,yes,yes,yes,yes,yes,yes,no,5,2,1,1,1,4,4,synthetic_indian,8.3,3.5,50.49999907921771,61,2,50,3,44,2,53,3,42,3,250,50.0
MS,M,16,U,GT3,T,0,0,at_home,teacher,course,father,4,3,0,yes,yes,yes,yes,yes,yes,yes,no,5,5,2,1,1,5,3,synthetic_indian,7.6,6.1,62.81211150574118,70,5,61,3,77,5,70,4,68,4,346,69.2
MS,M,15,R,GT3,T,4,4,teacher,teacher,home,mother,1,2,0,no,yes,no,no,yes,yes,yes,no,4,4,4,1,1,5,2,synthetic_indian,7.8,6.5,52.3629809560295,61,5,56,3,49,3,54,3,46,3,266,53.2
MS,F,15,U,GT3,T,3,4,at_home,services,other,father,2,4,0,yes,yes,yes,yes,yes,yes,yes,no,4,1,1,1,1,5,3,synthetic_indian,7.4,1.6,75.63339644419796,88,5,71,4,76,3,80,4,83,4,398,79.6
MS,F,14,U,GT3,T,0,0,health,health,course,mother,3,2,0,no,no,no,no,yes,yes,yes,no,1,2,4,2,1,3,4,synthetic_indian,6.9,5.5,42.46383690966138,46,2,55,3,44,2,35,2,36,2,216,43.2
GP,M,14,R,GT3,T,0,0,teacher,teacher,reputation,mother,4,4,0,no,yes,no,no,yes,yes,yes,no,3,3,1,1,1,4,8,synthetic_indian,6.2,3.6,45.03198933749755,42,3,56,3,35,3,53,3,56,4,242,48.4
MS,F,14,U,GT3,T,3,4,teacher,health,home,father,2,3,0,no,yes,yes,no,yes,yes,no,no,5,2,2,1,2,5,3,synthetic_indian,6.2,2.9,67.26156300843554,69,4,81,3,71,3,65,3,70,4,356,71.2
MS,M,14,U,LE3,T,2,2,at_home,teacher,course,mother,1,4,2,no,no,no,yes,no,yes,yes,no,4,5,2,1,5,5,4,synthetic_indian,5.6,6.3,28.42935394711731,18,2,41,3,26,3,24,2,40,2,149,29.8
GP,M,15,U,GT3,T,0,4,services,at_home,home,father,2,4,0,no,no,yes,no,yes,yes,no,no,5,4,1,1,1,4,2,synthetic_indian,8.3,2.4,77.066696685004,100,5,83,5,78,5,65,4,72,4,398,79.6
GP,M,16,U,GT3,T,1,0,health,other,reputation,mother,4,2,0,no,yes,no,no,yes,yes,yes,no,2,5,2,1,1,3,7,synthetic_indian,6.7,5.3,35.634093928486145,33,2,34,2,29,3,33,2,47,3,176,35.2
MS,M,15,U,GT3,T,3,3,other,at_home,course,father,1,2,0,no,no,no,yes,yes,yes,yes,no,5,2,3,5,1,5,3,synthetic_indian,7.0,4.3,56.91661419109316,56,3,54,3,61,4,55,3,59,3,285,57.0
MS,M,14,U,LE3,T,0,1,other,teacher,other,mother,4,2,1,no,yes,yes,yes,yes,yes,no,no,3,1,3,1,2,2,3,synthetic_indian,6.9,1.9,47.56499839776827,40,2,43,2,57,3,40,2,49,3,229,45.8
MS,F,15,R,LE3,T,4,3,at_home,other,course,mother,2,3,1,no,yes,yes,yes,yes,yes,yes,no,3,4,4,1,1,1,5,synthetic_indian,7.4,7.3,53.028619153796825,61,4,61,3,55,3,56,3,42,3,275,55.0
MS,M,16,U,LE3,T,1,3,health,other,other,mother,3,3,0,yes,yes,no,no,yes,yes,no,no,5,4,3,1,1,1,5,synthetic_indian,7.7,3.9,63.73789988942862,75,4,69,4,60,4,65,3,64,4,333,66.6
MS,F,16,U,LE3,T,0,0,health,teacher,course,other,3,2,1,no,yes,no,yes,yes,yes,yes,no,2,2,3,1,1,1,3,synthetic_indian,7.8,4.4,35.4921943424218,48,3,41,2,37,3,26,2,38,3,190,38.0
MS,F,15,U,LE3,T,1,4,at_home,teacher,other,mother,2,3,0,no,no,yes,no,yes,yes,yes,no,3,5,5,2,4,3,6,synthetic_indian,6.8,7.0,44.24148254199093,43,3,46,4,35,3,49,3,33,2,206,41.2
GP,M,15,R,GT3,T,1,2,health,health,reputation,mother,2,3,0,yes,no,no,yes,yes,no,no,no,4,2,5,1,1,5,2,synthetic_indian,6.8,3.1,68.44620814490263,70,4,64,3,82,5,66,3,73,3,355,71.0
MS,M,15,U,GT3,T,2,3,services,teacher,reputation,mother,2,4,1,no,no,no,yes,no,yes,yes,no,5,4,5,1,1,1,6,synthetic_indian,7.1,6.0,50.853028678994136,67,4,54,3,46,3,53,3,60,4,280,56.0
MS,F,14,U,LE3,T,1,4,at_home,services,reputation,father,1,4,1,no,yes,no,no,yes,yes,no,no,2,2,5,1,4,1,7,synthetic_indian,6.5,4.1,42.247603558580025,40,1,47,2,30,2,48,3,38,2,203,40.6
GP,M,15,U,LE3,T,2,2,services,teacher,course,mother,4,2,0,yes,yes,yes,no,yes,no,no,yes,4,4,2,1,1,4,8,synthetic_indian,8.5,3.6,57.56221361019697,76,4,51,4,60,4,62,3,67,4,316,63.2
GP,M,15,R,LE3,T,3,3,health,services,reputation,mother,4,3,1,no,yes,no,no,yes,yes,yes,no,5,5,4,1,2,5,5,synthetic_indian,7.6,6.3,45.68317918088102,52,3,49,2,42,2,46,2,43,3,232,46.4
GP,F,15,U,LE3,T,2,2,at_home,teacher,home,mother,4,4,0,no,yes,no,no,yes,yes,yes,no,2,1,4,2,1,5,5,synthetic_indian,7.1,4.0,55.14961901520323,66,3,56,3,47,3,62,3,57,3,288,57.6
GP,F,16,U,LE3,T,4,4,health,health,reputation,mother,2,1,1,no,no,yes,no,yes,yes,yes,no,4,1,3,1,5,4,3,synthetic_indian,7.8,3.1,34.75837442698141,40,2,24,3,26,2,31,3,25,3,146,29.2
MS,M,16,U,LE3,T,0,1,at_home,services,other,mother,4,3,0,no,no,no,yes,yes,yes,yes,yes,3,2,4,1,1,5,2,synthetic_indian,7.8,5.5,50.4025409632369,61,3,58,3,50,3,56,4,62,5,287,57.4
MS,F,14,R,GT3,T,3,4,health,at_home,other,mother,2,1,0,no,yes,no,yes,yes,yes,no,no,5,4,3,1,3,2,1,synthetic_indian,7.8,5.4,50.98370985662105,56,4,70,4,50,4,59,3,58,3,293,58.6
MS,M,14,U,GT3,T,3,0,services,services,other,father,1,2,0,no,yes,no,no,yes,no,yes,no,5,1,4,1,1,3,8,synthetic_indian,6.2,4.1,50.87855036596419,49,3,53,4,49,2,59,4,49,3,259,51.8
MS,M,16,U,LE3,T,4,2,services,health,course,mother,3,3,0,no,yes,yes,no,yes,yes,yes,yes,3,4,1,1,2,4,4,synthetic_indian,7.4,5.2,64.0478374657969,74,4,71,4,69,4,84,3,58,3,356,71.2
MS,M,16,R,GT3,T,2,1,health,services,home,mother,2,2,0,yes,yes,no,no,no,yes,yes,no,1,5,1,1,1,1,3,synthetic_indian,7.0,6.1,46.98138754199476,45,2,58,3,56,4,39,3,49,4,247,49.4
MS,F,16,R,GT3,T,0,2,at_home,teacher,reputation,mother,2,2,0,yes,yes,yes,yes,yes,yes,yes,no,4,2,4,1,1,5,3,synthetic_indian,6.8,4.2,48.59476668268091,43,3,45,3,54,3,50,3,42,3,234,46.8
GP,F,15,U,LE3,T,2,2,other,teacher,home,other,3,2,0,no,yes,no,yes,yes,yes,no,no,3,4,2,1,2,2,5,synthetic_indian,7.8,5.3,48.57082594172168,58,3,61,3,39,2,45,3,50,4,253,50.6
MS,F,15,R,LE3,T,1,3,services,health,home,other,3,2,0,no,yes,yes,yes,no,yes,yes,no,5,2,3,2,1,2,10,synthetic_indian,8.1,4.7,55.15094481349109,77,4,60,4,63,2,57,3,57,3,314,62.8
GP,F,16,U,GT3,T,2,0,services,other,other,father,1,2,0,no,yes,no,no,yes,yes,no,no,4,4,4,1,1,3,4,synthetic_indian,7.4,6.3,54.695420977571416,56,3,71,4,63,3,54,4,49,3,293,58.6
GP,F,15,U,LE3,T,3,2,other,teacher,other,mother,4,3,0,yes,yes,no,no,yes,yes,yes,yes,4,4,3,1,1,2,4,synthetic_indian,7.4,4.9,60.83788519689921,66,3,56,4,65,4,61,3,69,4,317,63.4
MS,M,15,U,GT3,T,0,4,health,at_home,other,mother,2,1,0,no,yes,yes,no,yes,yes,yes,no,1,5,5,1,2,5,5,synthetic_indian,8.9,8.0,31.335214874737545,44,3,51,4,26,2,39,3,35,2,195,39.0
GP,M,14,R,GT3,A,2,4,at_home,health,course,mother,4,3,0,yes,no,no,yes,yes,no,yes,no,5,2,4,1,1,5,3,synthetic_indian,7.1,5.2,56.232803993486726,61,2,72,4,43,3,51,3,67,4,294,58.8
MS,M,16,U,LE3,T,0,3,health,services,home,mother,2,3,1,no,yes,no,no,yes,yes,yes,no,2,3,2,1,2,2,5,synthetic_indian,8.9,5.3,33.338768413526644,48,4,39,2,27,2,29,2,32,2,175,35.0
GP,M,16,U,LE3,A,0,0,teacher,services,home,mother,1,3,1,yes,no,yes,no,no,yes,no,yes,1,4,5,3,1,5,3,synthetic_indian,7.5,5.6,40.06761803226114,51,3,47,3,40,3,38,2,25,2,201,40.2
MS,F,15,U,GT3,T,1,0,services,at_home,course,father,3,4,0,yes,yes,no,yes,yes,yes,yes,yes,1,4,4,1,1,5,2,synthetic_indian,5.7,5.7,54.15787114183735,43,3,61,3,52,3,59,3,71,5,286,57.2
GP,M,16,R,LE3,T,1,4,teacher,teacher,course,father,1,4,0,no,yes,no,no,yes,yes,no,no,2,1,1,1,1,1,3,synthetic_indian,7.1,3.3,69.07418115063997,75,4,81,4,67,3,82,5,66,3,371,74.2
MS,F,14,U,LE3,T,3,1,services,health,course,father,3,3,0,no,yes,yes,yes,no,yes,yes,no,2,2,4,1,1,4,1,synthetic_indian,7.2,4.7,55.86804332188766,66,3,63,4,57,3,56,3,53,3,295,59.0
MS,M,14,U,GT3,T,4,3,services,at_home,home,mother,4,1,0,no,yes,yes,yes,no,yes,yes,no,1,3,1,1,1,5,6,synthetic_indian,8.5,2.3,59.15160847535051,67,3,48,3,68,3,75,5,73,4,331,66.2
MS,F,14,U,GT3,T,0,3,teacher,teacher,home,father,4,3,0,no,no,yes,no,yes,yes,yes,yes,4,5,1,1,1,5,2,synthetic_indian,7.7,4.0,57.345289032491095,66,4,48,3,58,3,47,3,74,3,293,58.6
MS,F,16,U,LE3,T,4,4,teacher,health,other,mother,1,2,1,no,yes,yes,no,yes,yes,yes,no,3,3,4,2,1,3,2,synthetic_indian,7.2,5.6,51.65161542324324,59,4,55,3,60,3,57,3,51,3,282,56.4
MS,M,16,U,GT3,A,3,4,health,services,other,mother,3,4,0,no,no,no,yes,yes,no,yes,no,3,5,4,1,5,4,4,synthetic_indian,6.1,6.9,55.69754263006275,46,3,59,4,54,3,50,4,70,3,279,55.8
GP,M,16,R,LE3,T,0,1,teacher,health,home,father,1,4,0,yes,no,yes,no,yes,yes,yes,no,1,3,1,1,1,4,8,synthetic_indian,6.7,4.5,49.29989541192397,47,3,59,3,45,3,51,4,45,2,247,49.4
GP,M,16,U,GT3,T,0,1,health,other,other,mother,3,3,0,no,yes,no,yes,yes,no,no,no,4,3,3,1,1,4,3,synthetic_indian,6.5,5.1,55.42518184390656,54,3,66,3,57,4,53,3,61,3,291,58.2
GP,M,16,U,GT3,A,4,0,health,health,course,mother,3,3,1,no,yes,no,no,yes,yes,yes,no,2,2,5,1,1,2,6,synthetic_indian,6.5,4.0,47.60781671210396,52,3,38,3,49,4,56,3,40,2,235,47.0
MS,F,14,R,GT3,T,2,3,health,other,reputation,mother,4,1,0,no,no,yes,no,no,yes,yes,no,1,1,2,1,1,1,2,synthetic_indian,7.8,3.4,50.22183655560156,50,4,58,4,48,3,46,3,59,3,261,52.2
GP,M,15,U,GT3,T,1,3,services,health,other,father,4,1,0,yes,yes,no,no,yes,yes,yes,no,5,3,4,2,1,1,6,synthetic_indian,8.7,3.9,48.11767053233719,65,4,39,3,50,3,50,3,44,2,248,49.6
MS,M,14,U,GT3,T,2,4,services,other,home,father,3,2,0,no,no,no,no,yes,yes,yes,no,4,4,5,1,1,3,4,synthetic_indian,7.7,6.6,53.042641509699024,62,3,57,3,57,3,50,3,57,3,283,56.6
MS,F,16,R,LE3,T,4,0,teacher,services,other,mother,3,3,0,no,yes,no,yes,yes,yes,no,no,5,4,5,2,2,4,3,synthetic_indian,6.3,5.3,68.94023195722264,56,4,69,3,80,4,67,4,63,3,335,67.0
GP,M,14,U,GT3,A,1,3,services,teacher,other,father,3,3,0,no,yes,yes,yes,yes,yes,yes,no,5,4,3,1,1,4,5,synthetic_indian,7.5,5.5,65.95553987117704,77,4,71,4,78,4,63,4,69,4,358,71.6
GP,M,16,U,LE3,T,2,0,teacher,other,other,mother,4,3,0,yes,yes,yes,no,yes,yes,yes,no,1,1,5,1,1,5,3,synthetic_indian,7.7,4.4,57.466961369913065,75,4,57,3,62,4,63,3,67,4,324,64.8
MS,M,16,U,LE3,T,1,0,services,other,reputation,mother,4,4,1,yes,yes,no,yes,yes,no,yes,no,4,3,4,1,1,2,1,synthetic_indian,6.4,6.7,47.21079494922033,47,3,64,3,49,3,42,3,46,3,248,49.6
GP,M,14,U,LE3,T,0,4,at_home,services,course,father,2,2,0,no,no,no,no,no,yes,yes,no,5,5,5,1,1,2,1,synthetic_indian,7.4,7.3,57.00294320358002,64,4,64,4,56,4,52,3,53,3,289,57.8
MS,M,16,U,GT3,T,2,0,at_home,other,home,father,3,1,0,no,yes,no,yes,yes,yes,yes,no,4,5,4,2,1,3,4,synthetic_indian,7.8,7.2,42.34796865834871,49,3,43,2,38,2,47,3,53,3,230,46.0
MS,F,15,U,GT3,T,1,1,teacher,at_home,reputation,other,2,4,0,no,no,no,yes,yes,yes,yes,no,3,2,4,1,1,1,1,synthetic_indian,6.2,4.8,58.61722851664421,59,4,65,4,59,3,54,3,66,3,303,60.6
MS,M,16,U,LE3,T,1,1,services,services,home,mother,3,4,0,no,yes,yes,yes,yes,yes,yes,no,5,1,1,1,1,4,7,synthetic_indian,7.1,4.0,60.92861404840451,70,4,70,4,62,4,69,4,71,3,342,68.4
MS,M,15,U,LE3,T,1,2,services,at_home,home,father,4,4,0,no,yes,no,no,yes,yes,yes,no,5,3,3,1,1,3,5,synthetic_indian,6.7,4.4,62.84449597402387,64,3,73,3,60,4,55,4,59,4,311,62.2
MS,M,15,R,GT3,T,2,4,health,services,home,father,2,4,0,no,yes,yes,yes,yes,yes,no,no,4,4,2,1,2,2,0,synthetic_indian,7.2,4.6,48.99744558473167,58,3,61,3,37,2,39,3,51,2,246,49.2
GP,M,16,R,GT3,T,3,2,other,other,reputation,other,2,2,0,no,yes,yes,no,no,yes,yes,no,3,1,1,1,1,2,4,synthetic_indian,6.5,4.8,51.77360503578585,50,3,74,4,56,3,68,4,52,3,300,60.0
GP,M,14,U,LE3,A,2,1,teacher,at_home,course,mother,1,3,1,no,yes,no,yes,no,yes,no,no,5,1,2,1,1,2,6,synthetic_indian,6.5,3.0,47.019143519337845,47,2,54,3,40,3,46,3,49,3,236,47.2
MS,F,15,U,GT3,T,4,2,other,other,home,father,3,1,0,yes,yes,yes,yes,yes,yes,yes,no,1,3,4,1,1,4,1,synthetic_indian,8.1,4.8,57.266019989697305,56,4,47,2,67,3,53,4,56,4,279,55.8
MS,M,14,R,GT3,T,2,4,other,services,course,mother,4,1,0,yes,no,no,no,yes,yes,no,no,4,2,1,1,1,4,2,synthetic_indian,7.2,2.5,54.316064424870525,58,2,54,3,64,4,60,4,67,3,303,60.6
GP,F,15,U,GT3,T,1,4,teacher,other,course,mother,1,4,1,no,yes,no,no,no,yes,yes,no,4,2,5,1,1,4,2,synthetic_indian,7.9,4.3,53.07621948279023,74,5,55,3,41,2,45,1,60,3,275,55.0
GP,F,16,U,LE3,A,0,0,services,at_home,other,mother,1,4,0,yes,yes,yes,no,yes,yes,yes,no,5,2,5,1,1,5,1,synthetic_indian,6.4,6.1,56.32071907523128,58,4,73,4,58,2,51,3,50,3,290,58.0
MS,M,16,R,GT3,T,2,3,teacher,at_home,reputation,mother,3,2,0,no,no,no,no,yes,no,yes,no,3,4,2,2,2,1,1,synthetic_indian,7.6,5.8,43.98327348962497,52,3,47,3,36,2,56,3,41,2,232,46.4
GP,M,15,U,GT3,T,2,0,other,other,reputation,mother,1,4,0,yes,no,no,yes,yes,yes,yes,yes,5,4,4,1,1,2,4,synthetic_indian,7.6,4.4,67.3204444942748,87,4,58,3,73,5,60,4,62,3,340,68.0
MS,M,16,R,GT3,T,1,4,services,health,other,father,3,1,0,no,yes,no,yes,no,yes,yes,no,2,3,2,2,1,2,2,synthetic_indian,6.6,4.0,46.04568418603691,25,2,35,2,53,3,34,2,47,3,194,38.8
GP,M,15,R,GT3,T,0,1,at_home,services,other,mother,1,1,1,no,yes,yes,no,yes,yes,yes,no,5,2,3,1,1,5,4,synthetic_indian,6.2,4.3,38.4070377866496,28,2,31,3,43,3,28,2,46,3,176,35.2
MS,F,16,U,GT3,T,0,1,teacher,services,course,father,3,3,0,no,no,yes,yes,no,yes,yes,no,2,3,5,1,1,2,6,synthetic_indian,6.0,5.9,40.23470924983261,27,2,46,2,40,3,41,2,43,3,197,39.4
GP,M,14,U,LE3,T,4,0,teacher,other,home,mother,4,3,0,yes,yes,no,no,no,no,yes,no,1,2,1,1,1,2,2,synthetic_indian,7.8,2.4,60.58404857736888,77,4,58,3,70,4,59,3,57,4,321,64.2
MS,M,16,U,GT3,T,2,4,services,health,reputation,mother,3,1,0,no,yes,yes,no,yes,yes,yes,no,4,1,1,1,1,4,3,synthetic_indian,7.0,3.8,42.76986922744018,40,3,47,2,35,2,43,3,36,2,201,40.2
GP,M,14,R,GT3,T,0,1,at_home,at_home,home,mother,3,1,0,no,yes,yes,yes,no,yes,no,no,4,5,1,2,1,4,3,synthetic_indian,9.5,3.9,45.03896869154829,70,4,43,3,52,2,50,2,43,2,258,51.6
GP,M,16,R,LE3,T,0,4,at_home,teacher,home,mother,2,2,0,no,no,no,no,no,no,yes,no,3,5,5,1,1,1,3,synthetic_indian,7.1,6.9,50.24322708264073,47,2,58,3,51,3,62,5,54,3,272,54.4
MS,M,14,R,GT3,T,3,1,services,teacher,other,mother,4,2,0,yes,yes,yes,yes,yes,yes,yes,no,5,2,4,1,1,2,1,synthetic_indian,7.3,4.0,59.62483012616542,57,3,55,3,63,4,69,4,63,3,307,61.4
GP,M,16,U,LE3,T,3,4,health,other,home,mother,4,1,1,no,no,no,yes,yes,yes,yes,no,1,3,5,1,3,3,3,synthetic_indian,8.6,6.9,31.989714188141644,44,3,43,3,31,2,28,2,41,2,187,37.4
MS,F,14,R,LE3,T,0,2,teacher,health,course,mother,4,4,2,no,yes,yes,yes,yes,no,yes,no,2,4,5,1,1,2,4,synthetic_indian,8.3,7.3,39.49863734473274,63,4,51,4,45,3,26,2,34,3,219,43.8
GP,F,15,R,GT3,T,4,4,teacher,health,other,mother,1,3,0,no,no,no,no,yes,yes,yes,no,3,2,1,1,1,2,2,synthetic_indian,8.4,3.3,76.88603464985158,100,5,77,4,91,5,75,4,84,4,427,85.4
MS,M,15,R,GT3,T,0,4,other,services,home,mother,2,1,0,no,yes,no,yes,yes,no,no,no,1,2,5,1,2,1,1,synthetic_indian,8.3,3.6,43.45943445774792,50,4,42,2,41,3,40,3,53,3,226,45.2
GP,M,14,R,GT3,T,1,0,services,at_home,other,mother,4,4,2,yes,yes,yes,no,yes,yes,yes,no,1,4,1,1,2,3,3,synthetic_indian,7.6,4.8,38.2918711022605,57,3,49,3,45,3,40,3,34,2,225,45.0
MS,M,16,R,LE3,T,2,2,other,health,course,mother,1,1,0,no,no,yes,no,yes,no,yes,yes,2,2,4,1,3,2,6,synthetic_indian,7.9,4.9,35.11324220491154,39,3,35,2,35,2,30,3,50,3,189,37.8
GP,F,14,R,GT3,T,4,3,other,teacher,course,other,1,3,0,no,yes,no,no,no,yes,yes,no,2,1,3,1,1,3,6,synthetic_indian,7.4,3.6,56.41043423041,69,4,62,3,55,4,62,3,56,3,304,60.8
MS,M,16,U,LE3,T,1,0,at_home,at_home,home,father,1,3,0,no,yes,no,no,yes,no,yes,no,4,4,1,1,3,4,3,synthetic_indian,6.8,5.6,49.906879758559846,48,3,55,4,48,3,57,4,45,2,253,50.6
GP,F,15,U,LE3,T,4,3,teacher,at_home,other,father,2,2,1,no,yes,no,no,yes,yes,no,no,5,1,2,1,1,4,3,synthetic_indian,6.5,0.9,61.55360128021144,59,3,52,3,66,3,65,3,62,3,304,60.8
MS,M,16,U,GT3,T,1,1,other,other,home,mother,1,2,1,yes,yes,yes,yes,yes,yes,no,no,3,5,3,1,1,3,2,synthetic_indian,7.5,6.2,36.25231505449057,43,3,49,2,31,2,44,3,52,4,219,43.8
MS,M,15,R,GT3,T,2,3,at_home,health,home,father,2,2,0,no,yes,yes,no,yes,yes,yes,no,5,4,4,1,1,2,1,synthetic_indian,7.3,6.0,53.13450082412725,50,4,58,3,56,4,62,4,60,3,286,57.2
MS,M,16,U,GT3,T,2,4,services,other,other,father,3,2,0,yes,no,no,no,yes,yes,yes,no,3,4,3,1,2,3,2,synthetic_indian,7.1,5.5,49.40868853297376,46,3,50,4,42,2,44,3,42,3,224,44.8
GP,M,16,R,LE3,A,3,3,other,health,home,father,1,3,0,no,yes,no,no,yes,yes,yes,yes,1,3,1,1,1,3,1,synthetic_indian,7.5,4.4,56.221459974934056,67,4,55,3,56,4,62,3,51,4,291,58.2
MS,F,16,R,GT3,T,1,0,teacher,services,course,mother,4,4,0,no,yes,no,no,yes,yes,yes,no,2,3,4,1,1,4,4,synthetic_indian,7.5,5.7,57.65982873425294,81,4,58,4,55,2,59,3,64,4,317,63.4
GP,F,14,R,GT3,T,3,0,other,other,other,father,1,4,0,no,yes,no,no,no,yes,yes,no,2,4,2,1,1,3,6,synthetic_indian,7.0,3.4,51.99645412892813,55,3,37,3,46,4,67,4,66,3,271,54.2
MS,M,14,U,GT3,A,1,3,services,other,other,father,3,4,1,no,no,no,no,no,yes,yes,no,1,5,1,1,1,5,2,synthetic_indian,8.0,6.1,58.90563746000037,85,5,79,4,67,4,47,3,62,3,340,68.0
GP,M,15,U,GT3,T,3,0,other,teacher,other,mother,3,1,0,no,no,no,no,yes,yes,yes,yes,1,2,1,1,3,5,2,synthetic_indian,6.7,3.7,35.39746621122325,36,2,40,3,37,3,39,3,31,2,183,36.6
MS,F,15,U,LE3,T,2,0,teacher,other,other,father,1,2,1,no,yes,yes,no,no,no,yes,no,3,3,4,3,1,4,4,synthetic_indian,7.2,5.8,38.89142091262885,40,3,48,3,48,3,38,1,47,3,221,44.2
GP,F,14,R,LE3,T,4,3,at_home,health,home,mother,3,2,0,no,yes,no,no,no,yes,yes,yes,1,5,4,2,1,2,3,synthetic_indian,7.0,6.9,39.56000841563674,36,1,50,3,38,3,38,4,34,3,196,39.2
GP,F,15,R,GT3,T,3,2,teacher,teacher,home,mother,2,3,0,yes,no,no,yes,yes,yes,no,no,3,5,3,1,2,2,4,synthetic_indian,5.9,4.0,59.26304078327731,46,3,48,3,69,4,67,4,63,3,293,58.6
MS,F,14,R,LE3,T,1,2,at_home,other,course,mother,2,3,0,yes,yes,yes,no,no,yes,yes,no,5,3,2,1,1,4,4,synthetic_indian,7.0,4.7,61.97166764688699,66,3,66,4,67,3,61,3,59,3,319,63.8
GP,M,16,U,LE3,T,1,1,health,other,reputation,father,1,1,0,no,no,no,yes,no,yes,no,yes,2,2,3,3,1,2,2,synthetic_indian,7.4,3.4,43.98521243203538,39,2,44,2,42,2,47,3,43,3,215,43.0
GP,F,15,R,GT3,T,2,0,teacher,services,reputation,mother,2,1,0,no,no,no,no,yes,yes,yes,no,2,3,3,1,2,1,3,synthetic_indian,8.6,5.7,32.37342886920124,46,3,40,3,22,2,42,3,29,2,179,35.8
MS,M,15,R,GT3,T,1,3,teacher,other,course,mother,2,4,3,yes,no,no,no,yes,yes,yes,no,2,5,1,1,4,5,3,synthetic_indian,7.4,3.5,35.39728913758846,52,3,26,1,29,2,40,3,35,3,182,36.4
GP,F,14,U,GT3,T,0,0,services,at_home,reputation,mother,4,3,1,no,yes,no,no,yes,yes,no,no,5,1,4,1,3,1,5,synthetic_indian,6.1,2.8,35.71166289159367,30,2,41,2,24,1,24,2,34,2,153,30.6
GP,F,15,R,GT3,T,4,4,other,teacher,course,mother,1,2,0,no,no,no,yes,yes,yes,no,no,5,3,1,1,1,1,4,synthetic_indian,8.6,2.5,62.883420469422894,80,4,62,3,62,3,67,3,65,3,336,67.2
GP,F,15,U,GT3,T,3,0,at_home,at_home,home,mother,3,4,0,no,no,yes,no,no,yes,yes,yes,4,5,2,1,1,1,7,synthetic_indian,7.9,5.9,67.50647860573196,76,4,77,4,71,4,62,3,65,4,351,70.2
MS,F,16,U,LE3,T,4,0,at_home,teacher,other,father,1,2,2,no,yes,no,no,yes,yes,yes,no,3,3,3,3,1,4,2,synthetic_indian,7.7,5.7,35.57021156242446,45,3,39,2,40,3,20,3,30,3,174,34.8
GP,F,15,R,LE3,T,2,2,services,services,other,father,2,4,0,no,yes,no,yes,no,yes,no,yes,3,5,2,1,1,1,6,synthetic_indian,6.8,3.8,62.85109765524259,68,4,68,4,65,4,60,4,78,4,339,67.8
MS,M,16,U,LE3,T,3,3,services,other,home,mother,4,2,0,no,yes,no,no,no,yes,yes,no,4,2,4,1,1,3,5,synthetic_indian,6.5,4.6,47.62116054446295,43,3,44,3,41,3,53,3,57,4,238,47.6
GP,M,14,R,LE3,T,3,0,other,other,other,mother,1,1,0,no,yes,yes,no,yes,yes,yes,no,2,5,4,1,1,2,2,synthetic_indian,7.5,6.0,45.02352627304517,43,3,40,3,44,3,40,2,29,2,196,39.2
GP,F,15,R,GT3,T,0,2,other,other,other,mother,1,4,2,yes,yes,yes,no,yes,yes,no,no,3,4,5,1,3,4,5,synthetic_indian,7.7,4.4,41.04628742618815,55,4,38,2,41,2,37,3,40,3,211,42.2
GP,F,16,U,LE3,A,2,1,teacher,teacher,reputation,father,2,2,0,no,yes,no,yes,yes,yes,yes,no,3,1,2,1,1,3,3,synthetic_indian,8.4,4.6,37.098106410617454,57,4,45,3,20,2,51,4,23,2,196,39.2
MS,M,14,U,GT3,T,1,2,health,other,home,mother,2,2,0,no,yes,no,no,yes,yes,yes,no,2,5,1,1,1,3,2,synthetic_indian,8.6,4.6,54.11577895789911,69,4,59,4,58,3,48,3,54,2,288,57.6
GP,F,15,U,LE3,T,0,2,other,at_home,reputation,mother,1,3,2,no,yes,no,no,yes,yes,yes,no,1,3,2,1,1,5,4,synthetic_indian,6.7,2.3,35.86460299678185,38,2,20,2,41,2,42,3,14,2,155,31.0
GP,F,14,U,LE3,T,0,2,services,other,reputation,mother,2,4,0,no,yes,no,yes,yes,yes,yes,no,1,3,3,3,1,5,3,synthetic_indian,6.0,4.4,59.69470748789843,58,4,62,4,66,4,62,4,60,3,308,61.6
MS,M,15,U,GT3,T,4,0,other,services,other,father,2,2,0,no,no,no,yes,yes,yes,yes,yes,4,5,4,1,4,3,7,synthetic_indian,7.6,5.6,40.44837688694317,49,3,31,2,41,4,35,3,33,2,189,37.8
GP,F,14,U,LE3,T,4,0,at_home,at_home,other,father,2,3,0,no,no,no,no,no,yes,yes,no,5,4,4,1,1,5,5,synthetic_indian,5.9,4.3,37.949777120824,31,3,34,3,25,2,34,3,34,2,158,31.6
MS,F,14,U,LE3,T,4,1,health,other,home,father,2,2,1,no,yes,no,no,yes,yes,yes,no,3,5,2,1,1,2,0,synthetic_indian,7.7,4.3,48.68450315007111,55,4,40,3,48,2,54,3,43,3,240,48.0
MS,M,16,U,LE3,T,0,4,teacher,other,other,father,2,4,0,no,yes,yes,no,yes,no,yes,no,3,2,2,1,1,2,6,synthetic_indian,6.6,4.5,62.74938206009183,74,4,69,4,60,3,70,3,61,4,334,66.8
GP,M,14,U,LE3,T,1,4,at_home,health,other,mother,4,1,3,no,yes,no,yes,yes,yes,yes,no,4,4,2,1,1,5,3,synthetic_indian,7.3,5.9,20.0,19,2,37,2,10,1,14,2,11,1,91,18.2
MS,M,15,R,GT3,T,3,4,at_home,teacher,home,mother,2,4,0,no,no,no,yes,no,yes,yes,no,4,5,3,2,1,1,4,synthetic_indian,5.9,6.3,55.73900272480036,54,3,66,4,54,4,57,4,53,3,284,56.8
GP,F,15,R,LE3,T,4,1,health,at_home,other,mother,3,4,0,no,no,yes,yes,yes,no,no,no,3,1,3,2,2,3,1,synthetic_indian,7.0,2.3,83.5913064623194,96,5,79,5,98,5,84,4,89,5,446,89.2
MS,M,16,U,LE3,T,1,4,teacher,health,reputation,mother,1,2,3,no,no,yes,yes,yes,yes,yes,no,2,4,1,1,1,2,6,synthetic_indian,7.0,5.4,20.0,11,1,19,1,22,2,20,2,30,2,102,20.4
MS,M,15,U,GT3,T,2,4,services,services,home,mother,4,2,0,no,yes,yes,no,no,yes,no,no,2,5,2,1,1,5,4,synthetic_indian,6.7,4.0,56.8357538582573,56,3,56,3,66,3,56,3,60,4,294,58.8
GP,M,15,R,LE3,T,4,2,teacher,teacher,other,mother,4,4,0,no,no,no,no,yes,yes,yes,no,5,1,1,1,1,5,7,synthetic_indian,4.6,2.6,61.116041035789706,45,3,57,3,54,3,60,3,70,4,286,57.2
MS,M,15,R,GT3,T,3,0,other,at_home,course,mother,2,3,0,yes,yes,yes,no,yes,yes,no,no,3,5,5,1,2,2,2,synthetic_indian,7.2,4.7,42.49818260688106,47,3,42,3,27,2,32,2,32,2,180,36.0
MS,M,14,R,GT3,T,2,0,at_home,other,home,other,1,3,0,no,no,no,yes,yes,yes,yes,no,3,2,3,1,2,2,2,synthetic_indian,8.2,2.8,57.43845051922457,77,4,50,3,59,3,52,4,47,3,285,57.0
MS,M,14,R,GT3,T,2,2,other,at_home,home,father,3,3,0,no,yes,no,no,no,yes,yes,no,3,3,4,3,1,1,1,synthetic_indian,8.2,4.8,55.46637263828337,72,4,58,3,54,2,57,3,50,2,291,58.2
MS,F,15,U,GT3,T,3,2,services,other,course,father,2,2,0,yes,no,no,yes,yes,yes,no,no,3,5,5,1,1,5,2,synthetic_indian,7.2,5.7,49.040730567989776,49,2,50,2,44,3,40,2,59,3,242,48.4
MS,F,16,U,LE3,T,4,2,other,teacher,other,father,1,2,0,no,yes,no,yes,yes,yes,no,no,4,4,4,1,3,5,5,synthetic_indian,7.0,4.9,51.092154986961646,47,2,60,4,49,3,46,3,54,3,256,51.2
GP,M,14,U,GT3,T,0,0,teacher,other,other,mother,2,4,1,no,no,yes,no,yes,yes,yes,no,1,5,5,1,2,4,1,synthetic_indian,7.3,6.2,44.07560962987382,59,4,59,3,45,3,47,2,45,2,255,51.0
MS,M,16,U,LE3,T,3,4,other,services,home,father,2,1,0,no,no,no,no,no,yes,yes,no,3,5,1,1,2,1,2,synthetic_indian,7.1,4.7,47.88929829247716,41,3,42,2,41,3,55,4,40,3,219,43.8
GP,M,15,U,GT3,T,3,2,services,other,home,mother,2,2,3,yes,yes,no,no,yes,yes,yes,yes,1,5,1,1,2,2,2,synthetic_indian,7.7,5.7,20.0,24,2,29,2,15,2,17,2,20,1,105,21.0
MS,F,15,U,LE3,T,3,1,services,services,other,father,2,4,0,no,yes,no,yes,yes,yes,no,no,2,5,3,1,1,2,4,synthetic_indian,7.5,3.7,66.90710874937164,75,5,64,4,68,3,58,4,73,3,338,67.6
GP,F,14,U,GT3,T,2,2,services,teacher,other,mother,2,4,0,no,no,yes,no,no,yes,yes,no,5,4,4,1,1,3,2,synthetic_indian,7.8,6.2,53.84376946806547,71,5,64,4,31,1,50,3,49,2,265,53.0
GP,F,15,R,GT3,T,1,3,teacher,teacher,reputation,other,2,1,0,no,yes,no,no,yes,yes,yes,no,2,4,5,1,3,2,3,synthetic_indian,7.6,5.5,28.6978552562948,30,1,20,2,16,1,33,2,28,3,127,25.4
MS,F,14,R,LE3,T,0,2,services,at_home,home,mother,2,3,0,no,yes,no,no,no,no,yes,no,3,5,2,1,3,5,2,synthetic_indian,7.1,4.7,56.52508296820941,61,3,51,3,58,4,58,3,53,2,281,56.2
MS,F,15,U,LE3,T,4,0,at_home,services,home,mother,3,4,0,no,yes,no,yes,no,yes,yes,no,2,3,2,1,1,2,6,synthetic_indian,6.2,3.4,63.52212163281214,58,3,55,4,73,4,57,3,50,3,293,58.6
MS,F,15,R,GT3,T,4,2,services,services,course,other,4,4,1,no,yes,no,no,no,yes,no,no,4,5,3,1,1,5,4,synthetic_indian,6.4,4.4,56.635627809555785,50,3,61,3,54,3,57,3,64,3,286,57.2
GP,F,14,U,GT3,T,1,3,other,health,reputation,mother,3,4,2,no,yes,no,no,yes,yes,yes,no,1,4,4,2,4,5,3,synthetic_indian,6.7,6.4,24.857308971469564,32,2,36,3,12,3,22,2,11,1,113,22.6
MS,F,14,R,LE3,T,3,1,other,health,other,father,2,3,3,no,yes,no,no,yes,yes,yes,yes,3,2,2,1,1,1,5,synthetic_indian,7.2,4.2,26.192534355955544,40,2,24,2,24,1,31,2,21,2,140,28.0
GP,F,14,U,GT3,T,0,4,other,health,reputation,father,2,3,0,no,yes,no,yes,no,yes,yes,no,4,5,3,1,3,2,3,synthetic_indian,7.9,6.5,53.37351951388097,61,4,67,4,49,3,56,3,53,3,286,57.2
GP,M,15,R,GT3,T,4,2,teacher,other,other,father,3,1,1,yes,yes,no,yes,no,yes,yes,yes,1,5,3,1,1,1,3,synthetic_indian,7.2,6.4,23.704636188555316,25,2,29,2,11,2,22,2,16,1,103,20.6
GP,M,15,R,GT3,T,4,3,other,health,other,other,3,2,0,no,no,yes,yes,yes,yes,yes,no,4,5,4,1,1,5,7,synthetic_indian,8.5,5.5,50.6158280518606,67,3,51,3,48,3,47,3,47,2,260,52.0
MS,M,16,U,LE3,T,3,3,teacher,services,reputation,other,4,3,0,no,no,yes,yes,no,yes,yes,no,2,5,2,1,1,2,7,synthetic_indian,7.1,5.6,59.28398202906008,62,2,63,4,59,3,44,3,56,4,284,56.8
MS,M,14,U,GT3,T,1,1,teacher,other,home,mother,3,2,1,no,no,yes,no,yes,no,no,no,3,1,2,1,1,2,4,synthetic_indian,7.1,1.5,53.013832185735296,54,3,45,4,56,4,45,2,42,3,242,48.4
GP,F,15,U,LE3,T,0,0,services,teacher,other,father,4,2,0,yes,yes,yes,yes,yes,yes,yes,yes,2,5,2,1,1,1,0,synthetic_indian,7.0,6.7,38.42339148404869,30,2,42,3,43,3,31,2,32,2,178,35.6
GP,F,15,U,GT3,T,1,2,at_home,at_home,reputation,father,2,3,0,no,no,yes,yes,yes,yes,yes,no,5,4,1,1,1,1,5,synthetic_indian,5.5,3.7,60.1289301258966,49,3,53,3,67,4,63,5,59,4,291,58.2
MS,M,14,U,GT3,T,1,3,services,health,course,father,1,4,0,yes,yes,no,yes,no,no,yes,no,3,4,2,1,2,5,5,synthetic_indian,7.5,5.5,49.16563957647519,59,3,59,3,37,3,48,3,46,3,249,49.8
GP,F,16,R,LE3,T,0,1,services,teacher,reputation,mother,1,1,0,yes,yes,yes,yes,yes,yes,yes,no,2,1,5,1,5,5,4,synthetic_indian,7.9,5.8,37.86670744668167,42,2,49,2,42,2,22,2,39,2,194,38.8
MS,M,14,U,GT3,T,0,4,teacher,services,course,father,1,2,0,no,no,no,yes,yes,yes,no,no,3,5,1,1,1,2,3,synthetic_indian,7.3,5.2,45.86630951163511,51,2,62,4,43,2,37,3,47,3,240,48.0
GP,F,16,R,LE3,T,4,3,teacher,at_home,other,other,1,4,0,no,no,yes,no,no,yes,yes,no,1,3,1,1,1,2,3,synthetic_indian,6.8,4.2,66.58407370024781,66,4,74,3,72,4,77,3,54,3,343,68.6
MS,M,15,R,GT3,A,4,1,other,teacher,reputation,other,2,3,3,no,no,yes,no,yes,yes,yes,no,3,5,1,1,1,4,6,synthetic_indian,7.6,5.8,28.17348549056175,31,2,32,2,24,1,31,3,32,2,150,30.0
GP,F,16,U,GT3,T,0,0,other,at_home,reputation,mother,1,2,0,yes,no,yes,yes,yes,yes,yes,no,3,4,1,1,1,4,5,synthetic_indian,6.3,6.8,46.43248405870301,37,2,69,4,56,3,39,3,37,3,238,47.6
MS,F,15,U,GT3,T,2,0,services,health,course,mother,3,2,0,no,yes,yes,yes,yes,yes,yes,yes,1,2,3,1,1,3,2,synthetic_indian,6.8,4.0,40.75338610996049,41,2,42,2,33,3,39,2,36,2,191,38.2
GP,M,14,U,LE3,T,4,3,health,services,reputation,mother,3,2,0,yes,yes,no,yes,yes,yes,yes,no,2,2,5,1,1,5,0,synthetic_indian,7.8,3.8,62.42563778537098,74,4,47,4,65,4,54,3,67,4,307,61.4
MS,F,14,R,GT3,T,2,3,health,at_home,reputation,father,1,4,0,no,no,no,yes,yes,yes,no,no,3,3,4,2,1,3,0,synthetic_indian,5.9,2.4,64.05295522022081,59,3,62,3,63,4,68,3,70,4,322,64.4
MS,M,14,U,LE3,T,0,2,other,teacher,other,father,3,4,0,no,yes,yes,no,no,yes,yes,no,4,5,2,5,1,3,9,synthetic_indian,7.2,5.9,51.53016713194202,70,4,63,3,51,3,66,5,49,3,299,59.8
GP,M,16,R,LE3,A,4,1,health,health,reputation,mother,4,4,0,no,yes,no,no,yes,yes,yes,no,3,1,1,1,1,1,4,synthetic_indian,5.7,2.0,64.44687664104475,59,4,59,3,66,4,60,3,61,3,305,61.0
GP,M,15,R,GT3,T,1,3,other,health,home,mother,2,2,1,no,no,no,no,no,yes,yes,no,2,5,4,1,2,1,3,synthetic_indian,7.8,6.1,33.54596137303531,39,3,30,2,30,2,27,2,42,3,168,33.6
MS,M,14,U,LE3,T,0,2,teacher,teacher,course,mother,1,2,2,yes,no,no,no,yes,yes,yes,no,1,3,3,1,1,4,4,synthetic_indian,7.3,5.0,26.56540620455997,26,2,38,3,20,2,17,1,29,2,130,26.0
GP,F,14,U,LE3,T,3,2,services,teacher,reputation,mother,1,1,1,no,yes,no,yes,yes,no,yes,yes,2,3,4,1,3,3,3,synthetic_indian,6.4,5.2,30.66411066726907,20,2,29,2,25,2,25,2,22,2,121,24.2
MS,F,15,R,GT3,T,2,3,at_home,at_home,course,other,2,1,1,no,no,no,no,yes,yes,no,no,5,3,1,1,3,4,7,synthetic_indian,8.4,3.3,41.80744149044038,55,4,50,2,42,2,43,3,39,3,229,45.8
GP,F,14,R,LE3,T,0,0,services,other,course,father,3,4,0,no,no,no,no,yes,yes,yes,no,3,2,5,1,5,5,5,synthetic_indian,6.2,5.2,48.84703087415718,54,3,60,3,57,4,50,4,37,3,258,51.6
MS,M,15,U,LE3,T,0,1,other,health,course,mother,2,4,1,no,no,no,no,yes,yes,yes,no,3,5,4,1,4,2,5,synthetic_indian,6.4,7.4,43.36796729767342,37,3,54,2,45,2,53,3,46,3,235,47.0
MS,F,15,U,GT3,T,4,1,other,at_home,reputation,mother,2,3,0,yes,yes,yes,yes,yes,yes,yes,no,1,5,1,1,1,1,3,synthetic_indian,7.4,4.4,62.42105169628421,68,4,68,4,67,4,54,3,64,3,321,64.2
MS,M,15,R,LE3,T,4,0,services,teacher,reputation,mother,3,4,0,no,yes,no,no,yes,yes,no,no,3,1,1,1,1,5,1,synthetic_indian,7.4,1.5,64.09626006903318,81,5,66,3,56,2,63,4,73,4,339,67.8
MS,F,15,U,GT3,T,4,3,other,at_home,course,other,2,1,0,no,yes,no,no,yes,yes,yes,no,4,3,2,1,1,5,4,synthetic_indian,6.8,4.0,56.41263500354462,52,3,55,3,59,3,45,2,59,4,270,54.0
MS,F,15,R,GT3,T,3,1,health,teacher,home,mother,3,1,0,no,yes,no,no,yes,yes,no,no,4,3,2,1,2,1,1,synthetic_indian,7.6,4.1,41.40198143734087,43,3,43,3,35,2,31,3,59,4,211,42.2
MS,F,16,U,GT3,T,4,3,health,services,course,mother,3,1,0,yes,yes,no,yes,yes,yes,yes,no,2,4,5,1,3,1,3,synthetic_indian,8.0,7.3,46.78713532882641,54,3,63,3,56,4,44,3,37,2,254,50.8
GP,M,14,U,GT3,T,0,3,other,teacher,home,mother,2,2,3,yes,yes,no,no,no,yes,no,no,1,4,2,1,3,3,7,synthetic_indian,7.9,4.0,22.56843270821721,28,2,24,2,28,2,28,2,27,2,135,27.0
GP,F,16,R,LE3,T,4,2,other,teacher,course,father,4,2,0,no,yes,yes,no,yes,yes,yes,yes,5,2,5,1,1,4,5,synthetic_indian,7.3,6.5,42.082098650024975,53,3,57,4,27,2,40,3,43,3,220,44.0
GP,F,14,U,LE3,A,1,0,health,teacher,other,father,3,4,0,no,no,no,no,yes,yes,yes,no,2,5,3,1,2,5,1,synthetic_indian,6.7,4.8,56.06787547917645,63,4,50,2,68,4,58,4,61,3,300,60.0
MS,M,16,U,GT3,T,4,3,other,other,course,father,2,3,0,no,yes,no,no,no,yes,yes,no,1,1,3,1,1,3,4,synthetic_indian,6.3,5.6,51.759023319838114,44,3,65,4,49,3,52,3,46,3,256,51.2
MS,F,15,U,GT3,T,3,4,other,teacher,course,mother,3,3,0,yes,no,no,no,no,yes,yes,no,1,1,2,1,1,3,6,synthetic_indian,6.9,4.8,52.15740845238774,53,4,70,2,45,3,38,3,54,3,260,52.0
MS,M,14,U,GT3,T,1,0,services,health,reputation,mother,4,3,0,no,no,no,yes,yes,yes,yes,no,2,3,3,1,2,5,8,synthetic_indian,6.3,5.3,52.91511398419403,45,2,67,4,67,3,50,4,47,2,276,55.2
MS,F,14,R,LE3,T,0,1,at_home,health,home,mother,4,2,0,no,yes,no,no,yes,yes,yes,no,2,1,4,1,1,5,6,synthetic_indian,5.1,5.5,33.52792515617549,16,1,44,3,28,2,36,2,28,2,152,30.4
GP,M,16,U,LE3,T,0,2,health,at_home,other,father,1,1,0,no,no,yes,no,yes,yes,yes,no,3,3,4,1,5,2,7,synthetic_indian,7.9,4.4,33.391738425291706,33,2,28,2,35,2,23,3,41,3,160,32.0
GP,M,16,U,LE3,A,2,1,services,other,home,mother,3,1,0,no,yes,no,no,yes,no,yes,no,5,5,4,1,1,4,2,synthetic_indian,8.4,6.3,45.81416964003056,53,3,48,3,43,2,52,3,47,3,243,48.6
MS,F,14,R,GT3,T,1,1,at_home,at_home,other,mother,3,2,1,no,yes,no,yes,no,yes,no,no,4,1,3,1,3,5,4,synthetic_indian,5.4,1.9,42.6935384777905,29,4,37,3,53,3,42,3,32,4,193,38.6
GP,M,16,R,GT3,T,2,0,other,health,course,father,2,3,0,no,no,no,no,no,yes,yes,no,3,3,4,1,1,1,5,synthetic_indian,6.3,6.3,47.56010848393924,44,3,64,3,48,3,50,3,55,3,261,52.2
GP,M,16,U,GT3,T,1,1,other,health,reputation,father,3,3,0,no,yes,yes,no,yes,yes,no,no,1,5,5,1,2,2,5,synthetic_indian,7.7,5.1,56.86822327401551,67,4,48,2,69,4,59,4,56,3,299,59.8
MS,M,16,U,GT3,T,1,3,services,services,reputation,mother,1,4,0,yes,no,no,no,no,yes,yes,yes,5,5,1,1,2,4,3,synthetic_indian,8.4,6.1,66.80585397178453,85,4,76,4,78,4,64,4,61,4,364,72.8
GP,M,15,R,LE3,T,3,1,other,teacher,home,mother,4,4,0,no,yes,no,no,yes,yes,yes,no,5,3,2,4,3,1,2,synthetic_indian,6.8,5.7,44.87073208161142,53,3,62,3,27,2,47,3,38,2,227,45.4
MS,M,15,R,GT3,T,2,2,teacher,health,reputation,mother,4,3,1,no,no,no,no,yes,yes,yes,no,2,3,5,1,1,1,3,synthetic_indian,6.5,6.4,38.85319821895794,35,2,45,2,41,3,39,2,51,3,211,42.2
GP,M,16,U,GT3,A,3,2,services,at_home,home,father,1,2,0,no,yes,no,no,no,yes,yes,no,5,2,4,1,4,4,2,synthetic_indian,7.1,5.4,47.758947403889806,48,3,54,4,39,3,45,3,58,3,244,48.8
MS,F,16,U,GT3,T,1,4,at_home,at_home,home,father,3,3,0,no,no,no,yes,yes,yes,no,no,5,5,1,1,1,2,2,synthetic_indian,8.2,3.5,68.77616572057654,85,4,67,4,67,3,62,2,79,4,360,72.0
MS,M,15,U,GT3,T,0,2,services,teacher,other,mother,3,4,1,no,yes,yes,yes,no,yes,yes,no,1,3,2,1,1,1,2,synthetic_indian,6.3,3.9,32.18109766175534,33,2,32,1,13,1,25,1,34,2,137,27.4
MS,M,15,R,GT3,T,1,1,health,teacher,home,mother,1,3,0,no,no,yes,yes,no,no,no,yes,3,5,5,1,1,3,3,synthetic_indian,6.7,6.6,64.96405825230633,63,4,82,3,82,5,72,4,69,3,368,73.6
MS,F,14,R,GT3,T,3,2,services,services,other,father,2,2,0,no,no,no,yes,yes,yes,no,no,5,1,2,1,2,4,3,synthetic_indian,6.8,2.7,60.42615656936525,57,4,68,4,64,3,71,3,50,3,310,62.0
GP,F,14,R,LE3,T,2,0,other,other,reputation,father,4,1,0,no,yes,no,no,yes,yes,yes,no,2,4,3,1,1,4,2,synthetic_indian,7.0,5.2,40.73326082350615,33,2,43,3,41,3,37,3,37,3,191,38.2
MS,F,15,R,LE3,T,2,2,other,at_home,home,mother,1,2,2,yes,no,yes,no,yes,yes,no,yes,3,4,4,1,2,5,5,synthetic_indian,7.5,4.4,39.71940629851487,44,2,44,2,47,3,34,3,34,2,203,40.6
MS,F,16,R,GT3,T,3,3,teacher,teacher,home,mother,1,2,1,yes,yes,yes,no,yes,yes,yes,no,2,3,5,1,2,2,9,synthetic_indian,8.4,4.5,55.66192431687574,66,4,48,3,72,4,57,4,46,3,289,57.8
MS,F,16,U,LE3,A,2,0,teacher,at_home,course,mother,3,4,0,no,no,yes,yes,yes,yes,no,yes,5,3,5,2,1,3,5,synthetic_indian,7.0,4.0,67.32447986753041,74,5,69,4,75,4,65,3,62,3,345,69.0
GP,F,16,U,LE3,A,4,4,teacher,teacher,home,mother,4,2,0,yes,yes,no,yes,yes,yes,yes,no,3,5,1,1,4,3,5,synthetic_indian,7.3,7.0,54.74287857882972,57,4,67,5,65,3,44,3,46,3,279,55.8
MS,F,16,U,LE3,T,0,3,at_home,health,home,other,3,2,0,no,no,yes,no,no,yes,yes,no,5,3,1,1,1,5,1,synthetic_indian,7.1,3.5,56.3341401467863,52,3,52,3,64,3,50,2,60,3,278,55.6
GP,M,14,U,GT3,A,0,1,teacher,at_home,course,father,1,4,3,no,no,no,no,yes,yes,no,yes,1,5,1,2,3,1,7,synthetic_indian,5.9,3.9,20.980845479798315,19,2,25,2,20,1,19,3,20,2,103,20.6
MS,M,15,R,LE3,T,0,1,at_home,health,course,father,2,4,3,no,yes,no,yes,yes,yes,yes,yes,3,3,2,2,1,1,4,synthetic_indian,7.4,5.4,26.625227335970592,45,3,35,1,22,2,36,2,31,2,169,33.8
GP,F,16,U,GT3,T,2,1,teacher,at_home,reputation,mother,4,1,0,no,yes,yes,no,yes,yes,yes,yes,2,5,4,1,1,3,3,synthetic_indian,7.7,5.7,36.83332804971275,33,3,29,3,34,2,50,3,32,1,178,35.6
GP,M,14,U,GT3,T,2,3,at_home,other,home,father,1,3,1,no,yes,no,no,no,yes,yes,yes,1,3,2,1,1,2,5,synthetic_indian,6.9,4.4,41.70791540180301,50,3,44,2,33,3,39,2,39,2,205,41.0
MS,M,16,U,LE3,T,1,3,services,services,reputation,mother,1,2,0,yes,no,yes,yes,yes,yes,yes,no,4,2,4,1,1,1,4,synthetic_indian,9.4,6.0,40.4966642139421,68,4,53,3,30,3,32,2,28,3,211,42.2
GP,M,15,U,LE3,T,1,3,services,health,reputation,mother,2,4,0,no,yes,no,no,yes,yes,yes,no,2,5,5,1,1,4,3,synthetic_indian,7.2,6.8,57.604771295889854,68,4,67,4,61,2,53,4,49,2,298,59.6
MS,F,14,U,LE3,T,0,0,other,teacher,course,mother,1,1,0,no,yes,yes,yes,no,yes,no,no,5,2,2,4,1,5,4,synthetic_indian,6.9,4.9,27.12199453664168,21,2,41,3,17,2,34,3,14,2,127,25.4
MS,F,15,U,GT3,T,4,0,at_home,other,other,mother,1,3,0,no,no,no,no,yes,yes,yes,no,2,2,2,1,1,2,2,synthetic_indian,6.7,2.8,59.55549914486227,64,3,49,4,56,4,50,4,60,4,279,55.8
MS,M,15,R,LE3,T,1,1,health,at_home,reputation,father,4,4,2,no,yes,no,no,yes,yes,yes,no,4,2,2,1,1,1,6,synthetic_indian,7.5,4.9,42.81201635174595,60,3,50,3,37,3,35,2,37,4,219,43.8
GP,F,14,U,LE3,T,1,2,other,health,other,mother,4,3,0,no,no,yes,yes,no,yes,yes,no,2,2,3,2,1,3,4,synthetic_indian,7.0,4.1,54.20161179032013,56,3,56,4,55,3,63,4,51,3,281,56.2
GP,M,14,R,LE3,T,2,1,services,at_home,home,mother,4,3,0,yes,yes,yes,no,yes,yes,yes,no,1,1,4,1,2,5,8,synthetic_indian,5.8,4.7,43.00721057988004,31,3,55,3,44,3,49,3,46,3,225,45.0
MS,M,14,U,GT3,A,4,4,at_home,at_home,course,mother,3,2,2,no,yes,no,no,no,yes,yes,no,2,4,4,1,1,1,4,synthetic_indian,8.0,6.0,55.561162221083016,60,3,61,3,79,4,47,3,53,3,300,60.0
MS,M,14,U,GT3,T,0,0,teacher,at_home,home,mother,2,2,2,yes,no,yes,no,yes,no,no,no,3,1,2,3,3,3,0,synthetic_indian,6.6,1.5,36.160695401081874,35,3,32,3,45,3,39,2,35,3,186,37.2
